text,category,priority,split,department,is_roman
"Assalam o alaikum, paani ka pressure bohot kam hai at Clifton Block A, for two days now. please look into it in the coming days Thank you. Again, paani ka pressure bohot kam hai.",water,medium,train,Water Supply,1
the main water pipe is leaking badly at near the petrol pump in orangi town and nobody has come to check since friday. please look into it in the coming days. it is causing inconvenience and should be fixed soon,water,medium,train,Water Supply,0
"I WANT TO REPORT THAT BIJLI NAHI AA RAHI HAMARE BLOCK ME IN FRONT OF SECTOR 5-C, SHAH FAISAL COLONY, AND WE HAVE COMPLAINED AT THE LOCAL OFFICE TWICE ALREADY WITH NO RESULT BARA MEHERBANI HO GI, JALDI MASLA HAL KARAIN.",electricity,medium,train,Electricity & Streetlights,1
"this has become a serious health hazard for the whole area street light band hai kai hafton se at Gadap Town Block 5. We reuest immediate attention. Again, street light band hai kai hafton se.",electricity,high,train,Electricity & Streetlights,1
paani ka pressure bohot kam hai. location: near the katchi abadi in defence view. this has become a serious health hazard for the whole area thank you.,water,high,train,Water Supply,1
"the gutter has been overflowing at Street 14, Gadap Town near a primary school and nobody has come to check since Friday. there is a government school right next to it and hundreds of children pass daily",drainage,high,train,Drainage & Sewerage,0
"This is to bring to your attention that the following problem at Block 2, Malir: shopkeepers throw their leftovers directly onto the pavement here. kindly send someone to look at it in the next few days. It is causing inconvenience and should be fixed soon",waste,medium,test,Sanitation & Solid Waste,0
"Reporting an issue - residents near Block A, Kemari are affected because pani ki line leak ho rahi hai. there is no urgency, please handle it in the routine schedule. A minor problem which can wait for the normal schedule Regards.",water,low,test,Water Supply,1
"For for two days now now, a sinkhole has opened in the road surface where it meets the service lane around Sector 5-C, Malir. Please do the needful.",road,medium,test,Roads & Infrastructure,0
"Respected sir, wires are hanging loose from the pole in front of on Abul Hasan Isphahani Road, & elderly patients live in this lane & cannot step outside",electricity,high,train,Electricity & Streetlights,0
KINDLY NOTE THAT OUR OVERHEAD TANK NEVER FILLS EVEN AFTER FOUR HOURS OF SUPPLY SINCE THE LAST MONSOON AT JAMSHED ROAD LANE 3 NEAR A MADRASSA. PLEASE TAKE ACTION!!!,water,high,train,Water Supply,0
"At Phase 2, Federal B Area, the nallah beside the colony is choked with solid waste for the past six weeks. this has become a serious health hazard for the whole area",drainage,high,train,Drainage & Sewerage,0
"i want to report that bijli nahi aa rahi hamare block me since yesterday at gadap town lane 3. thank you. bara meherbani ho gi, jaldi masla hal karain.",electricity,medium,train,Electricity & Streetlights,1
"Assalam o alaikum, the road has caved in after the rain in front of Kemari Block 5 near a maternity home, and it is urgent because a school is right beside it",road,high,train,Roads & Infrastructure,0
"the manhole is spilling sewage continuously at on Stadium Road and nobody has come to check since yesterday. low priority, only mentioning it so it is on record",drainage,low,train,Drainage & Sewerage,0
chain lifting on motorcycles happens almost every evening at this turn; this situation at on Nishtar Road has continued since this morning. it is causing inconvenience & should be fixed soon Requesting the department to act.,safety,medium,test,Public Safety,0
"At Nazimabad Gali No 7, the water that comes is muddy and smells of chemicals since this morning. it is a small issue but plesae note it for the record",water,low,train,Water Supply,0
"Please be informed that the transformer keeps tripping again and again in front of House 4-B, Gadap Town, and the whole block has been suffering and tempers are rising",electricity,high,train,Electricity & Streetlights,0
Kindly note that broken road with loose gravel everywhere near near a bank branch in Gulberg Town. it is causing inconvenience and should be fixed soon Shukriya.,road,medium,train,Roads & Infrastructure,0
loudspeakers from a marriage hall run past midnight every weekend. Location: near the petrol pump in Jamshed Road. we have complained at the lcoal office twice already with no result. Kindly send someone to loook at it in the next few days Thank you.,other,medium,train,General Administration,0
the community hall booking process is completely opaque at near a bank branch in Shah Faisal Colony This has been the case since Friday just a routine request nothing urgent at all,other,low,train,General Administration,0
"At Orangi Town, rash driving by mini buses has caused several near misses since this morning. our family has been facing this for several days now. Please arrange for the concerned staff to check it",safety,medium,train,Public Safety,0
the refuse dump beside our wall has doubled in size this month; this situation at near the katchi abadi in Gulberg Town has continued for more than 20 days. this has been troubling the residents of our building Awaiting your response.,waste,medium,test,Sanitation & Solid Waste,0
"please be informed that raat ko nashe wale jama htoe hain, dar lagta hai in front of on tariq road, and we hvae complained at the locsl office twice already with no result",safety,medium,train,Public Safety,1
"at near the vegetable market in north nazimabad, sarak ki halat bohot kharab hai, gaari nikalna mushkil hai for almost a month. kindly send someone to look at it in the next few days",road,medium,train,Roads & Infrastructure,1
"Please be informed that awara kutte kachra phaila dete hain since Ramzan at New Karachi Lane 3. Thannk you. Bara meherbani ho gi, jalid maspa hal karain. Again, awara kuttte kachra phaila dtee hai.",waste,critical,train,Sanitation & Solid Waste,1
"awara kutte logon ko kaat rahe hain at Lnae 3, DHA Phase 6 and nobody has come to check since this morning. this is only a suggestion for improvement. This is a minor issue, whenever it is convenient",safety,low,train,Public Safety,1
Please be informed that rain water from the last spell has still not drained out in front of near the main mosque in Nazimabad and just a routine request nothing urgent at all This is a minor issue whenever it is convenient,drainage,low,train,Drainage & Sewerage,0
Problem area Baldia Town Lane 3. Details: the graveyard boundary record at the office does not match the land on site since this morning. Regards.,other,low,test,General Administration,0
"to the concerned department, our overhead tank never fills even after four hours of supply near pechs near a government girls school. someone received an electric shock this morning shukriya.",water,critical,train,Water Supply,0
Respected sir the boundary wall of the plot is about to collapse on passers-by near House 4-B DHA Phase 6 it is a small issue but please note it for the record Thank you,safety,low,train,Public Safety,0
"Assalam o alaikum, pani ki line leak ho rahi hai for over two weeks at Gulistan-e-Johar Block 5 near Civil Hospital. We request immediate attention. Bara meherbani ho gi, jaldi masla hal karain. Again, pani ki line leak ho rahi hai.",water,high,train,Water Supply,1
Kindly note that sewage water has entered our lane at near the community centre in Gadap Town near a madrassa for over two weeks someone is going to be killed if this is not fixed today Thank you,drainage,critical,train,Drainage & Sewerage,0
"our overhead tank never fills even after four hours of supply at near the main mosque in North Nazimabad. Again, our overhead tank never fills even after four hours of supply.",water,medium,train,Water Supply,0
"To the concerned departmeny, police gashht bilkul nahi hoti in front of on University Road, and this is only a suggestion for improvement",safety,low,train,Public Safety,1
"kindly note that raat ko nashe wale jama hote hain, dar lagta hai in front of on abul hasan isphahani road, and it is causing inconvenience and should be fixed soon",safety,medium,train,Public Safety,1
"Kindly note that jo pani aata hai wo gandha aur badbudar hai since the last monsoon at on I.I. Chundrigar Road. Thank you. Again, jo pani aata hai wo gandha aur badbudar hai!!",water,critical,train,Water Supply,1
"sewage water has entered our lane at Block 5, SITE Areq.",drainage,high,train,Drainage & Sewerage,0
"gali me kooray ka bara dher lag gaya hai. Location: on Shahrah-e-Faisal. please look into it in the coming days Thank you. Bara meherbani ho gi, jaldi masla hal karain.",waste,medium,train,Sanitation & Solid Waste,1
"construction malba has been dumped on the empty plot at Block 13-D, Bahadurabad and nobody has come to check since Friday. kindly look into it whenever a team is free. Low priority, only mentioning it so it is on record??!",waste,low,train,Sanitation & Solid Waste,0
valve wala time par valve nahi kholta at on stadium road. this has been the case since friday. please look into it in the coming days,water,medium,train,Water Supply,1
"Respected sir, paani ka pressure bohot kam hai near Lyari. dengue and gastro cases have started appearing in the area We request immediate attention.",water,high,train,Water Supply,1
"At Block 13-D, DHA Phase 6, an illegal gas cylinder refilling shop could explode any day in the crowded market for several months. elderly patients live in this lane and cannot step outside",safety,high,train,Public Safety,0
"Reporting from Phase 2, DHA Phase 6: gandagi ki wajah se makhiyan bohot ho gayi hain. Bara meherbani ho gi, jaldi masla hal karain.",waste,medium,test,Sanitation & Solid Waste,1
"there is a serious risk of a fatal accident here valve wala time par valve nahi kholta at Gulshan-e-Iqbal Sector 11-B. Shukriya. Bara meherbani ho gi, jaldi masla hal karain.",water,critical,train,Water Supply,1
For since Friday now there have been repeated mobile snatching incidents here around Saddar Phase 2 Meherbani ho gi,safety,medium,test,Public Safety,0
"At Jamshed Road Block 2, dispensary hafte me sirf do din khulti hai for the last three days. our family has been facing this for several days now Bara meherbani ho gi, jaldi masla hal karain.",other,medium,train,General Administration,1
Kindly note that there are sparks coming from the connection at night in front of near the vegetable market in Gulistan-e-Johar and our family has been facing this for several days now!!!,electricity,medium,train,Electricity & Streetlights,0
"At Bahadurabad Gali No 7, gali me kooray ka bara dher lag gaya hai for over two weeks. a motorcyclist fell and broke his arm last night Bara meherbani ho gi, jaldi masla hal karain.",waste,critical,train,Sanitation & Solid Waste,1
"to the concerned department, hospital waste has been mixed with the household garbage since the last monsoon at on nishtar road. we request immediate attention.",waste,medium,train,Sanitation & Solid Waste,0
"At Garden East, there are deep potholes all along this stretch since yesterday. our faimly has been facing this for several days now",road,medium,train,Roads & Infrastructure,0
jo pani aata hai wo gandha aur badbudar hai at near the katchi abadi in Lyari.,water,medium,train,Water Supply,1
"Please be informed that nalah kachre se bhar gaya hai in front of on M.A. Jinnah Road, and there is no urgency, just registering it formally !!!!",drainage,low,train,Drainage & Sewerage,1
"the road surface has completely broken up. Location: Block A, Orangi Town. we have complained at the local office twice already with no result Shukriya. Again, the road surface has completely broken up.",road,medium,train,Roads & Infrastructure,0
"taar latak rahi hain khambe se. Location: on Tariq Road. we have complained at the local office twice already with no result Please take action. Again, taar latak rahi hain khambe se!!!",electricity,medium,train,Electricity & Streetlights,1
chamber se kala pani upar aa raha hai; this situation at near the community centre in Gadap Town has continued for two days now. please arrange for the concerned staff to check it. Kindly arrange a visit sometime this week Please do the needful.,drainage,medium,test,Drainage & Sewerage,1
"strray cattle are tied up on public land and nobody removes thme at Shah Faisal Colony. This has been the case for the last three days. low priority, only mentioning it so it is on record. There is no urgency, please handle it in the routine schedule",other,low,train,General Administration,0
this is only a suggestion for improvement. It is a small issue but plz note it for the record water is coming with very low pressure at near the katchi abadi in Shah Faisal Colony. We request immediate attention.,water,low,train,Water Supply,0
"i want to report that the meter reading is beign estimated and the bill is impossible in front of block 5, kemari, and there is no urgency, just registering it formally",electricity,low,train,Electricity & Streetlights,0
Problem area Clifton Gali No 7. Details: the local dispensary staff refuse to register walk-in patients since this morning. Awaiting your response.,other,medium,test,General Administration,0
This is to bring to your attention that residents near on Tariq Road are affected because the transformer keeps tripping again and again. kindly sehd someone to look at it in the next few days Please do the needful.,electricity,medium,test,Electricity & Streetlights,0
"Kindly note that the drain is blocked and the water is not going anywhere near Sector 5-C, Model Colony. the whole block has been suffering and tempers are rising Please take action.",drainage,high,train,Drainage & Sewerage,0
the electric pole is leaning dangerously at on Abul Hasan Isphahani Road and nobody has come to check since this morning. many families and children are affected by it every single day,electricity,high,train,Electricity & Streetlights,0
"assalam o alaikum, the road is uneven & bikes lose balance on it for two days now at block 13-d, surjani town. thank u.",road,medium,train,Roads & Infrastructure,0
"sewerage ka pani gali me phail gaya hai at Block 2, North Nazimabad and nobody has come to check sice yetserday. it is a small issue but please note it for the record Bara meherbani ho gi, jaldi masla hal karain.",drainage,low,train,Drainage & Sewerage,1
"Kindly note thaat sarak ki halat bohot kharab hai, gaari nikalna mushkil hai at near the mobile market in Federal B Area near the school van stop, for more than 20 days. it is urgent because a school is right beside it Kindly resokve it soon. Bara meherbani ho gi, jaldi mala hal karain.",road,high,train,Roads & Infrastructure,1
"Respected sir, the transformer keeps tripping again and again in front of Lyari near a primary school, and it is on the main road and traffic jams for hours every morning. Dengue and gastro cases have started appearing in the area",electricity,high,train,Electricity & Streetlights,0
"many families and children are affected by it every single day the nallah beside the colony is choked with solid waste at on Sir Shah Suleman Road near Aga Khan Hospital. We request immediate attention. Again, the nallah beside the colony is choked with solid waste??!",drainage,high,train,Drainage & Sewerage,0
unannounced load shedding is running for eight hours a day at Gali No 7 Garden East near a madrassa Again unannounced load shedding is running for eight hours a day,electricity,high,train,Electricity & Streetlights,0
"At Korangi, there have been repeated mobile snatching incidents here for over two weeks. kindly look into it whenever a team is free. There is no urgency, please handle it in the routine schedule Again, there have been repeated mobile snatching incidents here.",safety,low,train,Public Safety,0
a hgue heap of trash is lying at the corner Location: Gulshan-e-Iqbal st 14 please arange for the concerned staff to check it It is causing daily inconvenience to the residents Shukriya,waste,medium,train,Sanitation & Solid Waste,0
kachra utha nahi hai kai din se Location: SITE Area please treat this as urgent the situation is getting worse daily Kindly resolve it soon Bara meherbani ho gi jaldi masla hal karain??!,waste,high,train,Sanitation & Solid Waste,1
"Reporting an issue - the following problem at Clifton: gutter ubal raha hai. there is no urgency, please handle it in the routine schedule. A minor problem which can wait for the normal schedule",drainage,low,test,Drainage & Sewerage,1
"we have been waiting for a response for a while now there is rotting waste and an unbearable smell at on Stadium Road. Shukriya. Again, there is rotting waste and an unbearable smell.",waste,medium,train,Sanitation & Solid Waste,0
"Janab, residents near Plot 22, Saddar are affected because whatever comes out of the tap is yellow and undrinkable. kindly arrange a visit sometime this week. This has been troubling the residents of our building Meherbani ho gi!!",water,medium,test,Water Supply,0
"Ths is to bring to your attention that the following problem at Sector 11-B, Clifton: park par ghair samaji anasir ka qabza hai. more than sixty families depend on this single lane Again, park par ghair smaaji anasir ka qabza hai.",safety,high,test,Public Safety,1
"Janab, the following problem at Sector 5-C, Model Colony: voltage itna kam hai ke pankha nahi chalta. it is causing inconvenience and should be fixed soon",electricity,medium,test,Electricity & Streetlights,1
"gali me kooray ka bara dher lag gaya hai. Location: Block A, Landhi. just a routine request, nothing urgent at all Kindly resolve it soon. Again, gali me kooray ka bara dher lag gaya hai.",waste,low,train,Sanitation & Solid Waste,1
dengue & gastro cases have started appearing in the area awaa kutte logon ko kaat rahe hain at on Maripur Road near a primary school. Shukriya.,safety,high,train,Public Safety,1
the nallah beside the colony is choked wid solid watse at on Rashid Minhaas Rad,drainage,low,train,Drainage & Sewerage,0
"please be informed that there is rotting waste and an unbearable smell since friday at shah faisal colony. thank you. again, there is rotting waste and an unbearable smell.",waste,critical,train,Sanitation & Solid Waste,0
the park in our neighbourhood has been encroached by a private party — on Shahrah-e-Faisal kindly send someone to look at it in the next few days It is causing inconvenience and should be fixed soon,other,medium,test,General Administration,0
the notice board at the union council has not been updated for months at Kemari Phase 2 and nobody has come to check for the last three days. it is a small issue but please note it for the record,other,low,train,General Administration,0
"KINDLY LOOK INTO IT WHENEVER A TEAM IS FREE VALVE WALA TIME PAR VALVE NAHI KHOLTA AT BLOCK 2, FEDERAL B AREA. SHUKRIYA.",water,low,train,Water Supply,1
"Respected sir, stray dogs & cats tear open the bags & scatter the waste for the last three days at House 4-B, Lyari. plz take action. Again, stray dogs & cats tear open the bags & scatter the waste.",waste,low,train,Sanitation & Solid Waste,0
At Phase 2 Defence View the drain is blocked and the water is not going anywhere since yesterday please look into it in the coming days,drainage,medium,train,Drainage & Sewerage,0
"sarkari daftar me koi sunwai nahi hoti at Sector 11-B, Model Colony. Bara meherbani ho gi, jalid masla hal karain. Again, sarkari daftar me koi sunwai nahi hoti.",other,low,train,General Administration,1
Complaint: residents near Model Colony near Aga Khan Hospital are affected bcz raat ko connection se chingari nikalti hai. many families and children are affected by it ecery single day Regards.,electricity,high,test,Electricity & Streetlights,1
"we the residents of sector 11-b, clifton report that sewerage ka pani gali me phail gaya hai. we have been waiting for a response for a while now. it is affecting a few households on our side of the lane again, sewerage ka pani gali me phail gaya hai.",drainage,medium,test,Drainage & Sewerage,1
"Location Jamshed Road Sector 11-B - sarak beth gayi hai barish ke baad, ongoing since this morning. we have been waiting for a response for a while now Requesting the department to act.",road,medium,test,Roads & Infrastructure,1
"kachra utha nahi hai kai din se at Orangi Town and nobody has come to check for two days now. it is causing inconvenience and should be fixed soon Bara meherbani ho gi, jaldi masla hal karain.",waste,medium,train,Sanitation & Solid Waste,1
To the concerned department the main water pipe is leaking badly in front of Lyari Phase 2 and we have been waiting for a response for a while now,water,medium,train,Water Supply,0
Please be informed that a huge heap of trash is lying at the corner at Jamshed Road Block 13-D for more than 20 days low priority only mentioning it so it is on record Kindly look into it whenever a team is free We request immediate attention,waste,low,train,Sanitation & Solid Waste,0
valve wala time par valve nahi kholta at near the flyover ramp in Clifton. This has been the case since this morning. we have complained at the local offfice twice already with no result,water,medium,train,Water Supply,1
"Assalam o akaikum, footpath par dukan barha di gayi hai in front of Lane 3, Buffer Zone near Ziauddin Hospital, and it is urgent because a school is right beside it Again, footpath par dukan barha di gayi hai!!!",other,high,train,General Administration,1
"At near the petrol pump in Manghopir, hospital waste has been mixed with the household garbage for the last three days. please look into it in the coming days",waste,medium,train,Sanitation & Solid Waste,0
"Dear municipal team, residents near Federal B Area House 4-B are affected because there has been no water supply in our line. we would appreciate it if the concerned staff could check it. It is affecting a few households on our side of the lane Meherbani ho gi.",water,medium,test,Water Supply,0
"Please be informed that the drain is blocked and the water is not going anywhere near Gali No 7, Bahadurabad. kindly send someone to look at it in the next few days. We have been waiting for a response for a while now Please take action.",drainage,medium,train,Drainage & Sewerage,0
"OUR OVERHEAD TANK NEVER FILLS EVEN AFTER FOUR HOURS OF SUPPLY AT BLOCK 13-D, SITE AREA. THIS HAS BEEN THE CASE SINCE FRIDAY. IT IS CAUSING INCONVENIENCE AND SHOULD BE FIXED SOON",water,medium,train,Water Supply,0
"please arrange for the concerned staff to check it The reason is that kachra utha nahi hai kai din se, right at on University Road.",waste,medium,test,Sanitation & Solid Waste,1
a shopkeeper has extended his shop over the whoel footpath at Orangi Town Lane 3 and noboyd has come to check since yesterday. our family has been facing this for several days now,other,medium,train,General Administration,0
a very large pothole has formed in the middle of the road at New Karachi Block 13-D. This has been the case for several months. we have been waiting for a response for a while now,road,medium,train,Roads & Infrastructure,0
awara kutte logon ko kaat rahe hain at naer a bank branch in DHA Phzse 6. This has been the case for almost a month. many families and children are affected by it every sigle day,safety,high,train,Public Safety,1
st light band hai kai hafton se. location: near the union council offiec in model colony. our family has been facing this for several days now kindly resolve it soon.,electricity,medium,train,Electricity & Streetlights,1
the meter reading is being estimated and the bill is impossible at Nazimabad Block A and nobody has come to check for the last three dyas. please arrange for the concerned staff to cehck it,electricity,medium,train,Electricity & Streetlights,0
"plz be informed that the valve man is not opening our valve at the scheduled time for over two weeks at on Hub River Road. plz take action. Again, the valve man is not opening our valve at the scheduled time.",water,high,train,Water Supply,0
Kindly note that the garbage container is overflowing onto the road near Malir Lane 3. dengue and gastro cases have started appearing in the area Shukriya.,waste,high,train,Sanitation & Solid Waste,0
"gali me kooray ka bara dher lag gya hai; this situation at Street 14, Nazimabad has continued for two days now. please arrange for the concerned staff to cyeck it Regards.",waste,medium,test,Sanitation & Solid Waste,1
"To the concerned department, gali me kooray ka bara dher lag gaya hai in front of near the bus stop in Saddar, and please arrange for the concerned staff to check it. We have complained at the local office twice already with no result",waste,medium,train,Sanitation & Solid Waste,1
pani ki line leak ho rahi hai at Saddar and nobody has come to check since Friday. kindly send someone to look at it in the next few days??!,water,medium,train,Water Supply,1
"manhole ka dhakkan toota hua hai at on Korangi Road and nobody has come to check for almost a month. low priority, only mentioning it so it is on record Bara meherbani ho gi, jaldi masla hal karain.",drainage,low,train,Drainage & Sewerage,1
loadshedding ka koi schedule nahi hai at Gadap Town. This has bern the case since yesterday. it is causing inconvenience and should be fixed soon. It is causing daiily inconvenience to the residents,electricity,medium,train,Electricity & Streetlights,1
"there is no electricity in our block at Street 14, Model Colony.",electricity,high,train,Electricity & Streetlights,0
I want to report that safai bilkul nahi hoti yahaan for the past six weeks at Nazimmabad neaar a government girls school. plz take action.,waste,critical,train,Sanitation & Solid Waste,1
"pani bilkul nahi aa raha at sector 5-c, pechs near the school van stop. thiis has been the case since ramzan. it is on the main road and traffic jams for hours every morning",water,high,train,Water Supply,1
awara kutte kachra phaila dete hain at near the mobile market in Buffer Zone & nobody has come to check since the last monsoon our family has been facing this for several days now Again awara kutte kachra phaila dete hain,waste,medium,train,Sanitation & Solid Waste,1
"assalam o alaikum, loadshedding ka koi schedule nahi hai near near the bus stop in gadap town. plz look into it in the coming days. we have complained at the local office twice already wid no result kindly resolve it soon. bara meherbani ho gi, jaldi mala hal karain.",electricity,medium,train,Electricity & Streetlights,1
"to the concerned department, our overhead tank never fills evn after foru hours of supply near nar the katchi abadi in nazimabad. it is causnig inconvenience and should be fixed soon please take action.",water,medium,train,Water Supply,0
"I want to report that people are burning the garbage pile & the smoke enters our homes in front of near a bank branch in SITE Area, & just a routine request, nothing urgent at all??!",waste,low,train,Sanitation & Solid Waste,0
"Assalam o alaikum, sewerage ka pani gali me phail gaya hai since this morning at on Abul Hasan Isphahani Road. Thank you. Again, sewerage ka pani gali me phail gaya hai.",drainage,low,train,Drainage & Sewerage,1
there is no electricity in our block at near the community centre in Gulistan-e-Johar and nobody has come to check for the last three days. please arrange for the concerned staff to check it,electricity,medium,train,Electricity & Streetlights,0
"people are burning the garbage pile and the smoke enters our homes at near the community centre in dha phase 6 and nobody has come to check for the last three days. we have complained at the local office twice already with no result again, people are burning the garbage pile and the smoke enters our homes.",waste,medium,train,Sanitation & Solid Waste,0
To the concerned department grabage has not ben collected from our street for more than 20 days at Gulberg Town near a maternity home We request immediate attention,waste,high,train,Sanitation & Solid Waste,0
the garbage container is overflowing onto the road at near the katchi abadi in Malir. This has been the case since the last monsoon. it is on the main road and traffic jams for hours every morning,waste,high,train,Sanitation & Solid Waste,0
jo pani aata hai wo gandha aur badbudar hai. location: gulshan-e-iqbal block 13-d. the whole block has been suffering and tempers are rising. it is on the main road and traffic jams for hours every morning thank you.,water,high,train,Water Supply,1
"nali band hai aur pani khara hai at Block 5, Orangi Town. This has been the case since this morning. our family has been facing this for several days now",drainage,medium,train,Drainage & Sewerage,1
"the speed breaker is broken and has sharp edges. location: near the union council office in surjani town. there is no urgency, just registering it formally thank you.",road,low,train,Roads & Infrastructure,0
there is a serious risk of a fatal accident here the boundary wall of the plot is about to collapse on passers-by at Buffer Zone House 4-B near Ziauddin Hospital. Please take action.,safety,critical,train,Public Safety,0
a huge heap of trash is lying at the corner. location: near the union council office in buffer zonne. our family has been facing this for several dyas now please take action.,waste,medium,train,Sanitation & Solid Waste,0
"jo pani aata hai wo gandha aur badbudar hai. Location: Block 2, Liaquatabad. we have complained at the local office twice already with no result We request immediate attention.",water,medium,train,Water Supply,1
awara kutte logon ko kaat rahe hain at Gulshan-e-Iqbal Block 13-D.,safety,medium,train,Public Safety,1
"I want to report that a shopkeeper has extended his shop over the whole footpath for more than 20 days at near the community centre in Gadap Town near the school van stop. Thank you. Again, a shopkeeper has extended his shop over the whole footpath.",other,high,train,General Administration,0
manhloe ka dhakkan toota hua hai at near the bus stop in Gadap Town near Ziauddin Hospital and nobody has come to check for the past six weeks. a motorcyclist fell and broke his arm last night. An elderly man fell into it and had to be taken to emergency,drainage,critical,train,Drainage & Sewerage,1
"At near the community centre in New Karachi, the community hall booking process is completely opaque since Friday. low priority, only mentioning it so it is on record",other,low,train,General Administration,0
PROBLEM AREA NEAR THE PETROL PUMP IN DEFENCE VIEW NEAR ZIAUDDIN HOSPITAL. DETAILS: WHATEVER COMES OUT OF THE TAP IS YELLOW AND UNDRINKABLE FOR TWO DAYS NOW. MEHERBANI HO GI.,water,high,test,Water Supply,0
"assalam o alaikum, yahan mobile snathcing bohot ho rahi hai in front of street 14, clifton, and a child was injured here yesterday and we fear a worse accident",safety,critical,train,Public Safety,1
"Problem area Lane 3, Garden East. Details: parking ke nama par zabardasti paise liye ja rahe hain since yesterday. Awaiting your response.",other,low,test,General Administration,1
"yahan mobile snatching bohot ho rahi hai at Sector 11-,B Lyari. This has been the case for over two weeks. the entire street of about forty houses is affected Bara meherbani ho gi, jaldi masla hal karain.",safety,high,train,Public Safety,1
"at on university road, loadshedding ka koi schedule nahi hai since friday. someone received an electric shock this morning",electricity,critical,train,Electricity & Streetlights,1
"bijli ka khamba tirha ho gaya hai at block 2, garden east and nobody has come to check since yesterday. we have been waiting for a response for a while now",electricity,medium,train,Electricity & Streetlights,1
"PLEASE BE INFORMED THAT THERE HAVE BEEN REPEATED MOBILE SNATCHING INCIDENTS HERE SINCE THIS MORNING AT SECTOR 5C, NEW KARACHI. WE REQUEST IMMEDIATE ATTENTION.",safety,medium,train,Public Safety,0
"YAHAN MOBILE SNATCHING BOHOT HO RAHI HAI AT ON STADIUM ROD NEAR A MADRASSA AND NOBODY HAS COME TO CHECK FOR THE PAST SIX WEEKS. PLEASE TREAT THIS AS URGENT, THE SITUTAION IS GETTING WORSE DAIILY",safety,high,train,Public Safety,1
please look into it in the coming days. It is causing inconvenience and should be fixed soon rash driving by mini buses has caused several near misses at Gadap Town. Thank you.,safety,medium,train,Public Safety,0
we have been waiting for a response for a while now the pole mounted box is open and childern can reach the terminals at near the community centre in Landhi. We request immediate attention??!,electricity,medium,train,Electricity & Streetlights,0
"to the concerned department, construction malba has been dumped on the empty plot since this morning at near the petrol pump in manghopir. shukriya.",waste,medium,train,Sanitation & Solid Waste,0
"a very large pothole has formed in the middle of the road at st 14, dha phase 6 & nobody has come to check for two days now. it is causing inconvenience & should be fixed soon??!",road,medium,train,Roads & Infrastructure,0
"We the residents of Malir near a maternity home report that patch dala tha wo dobara ukhar gaya. current is passing through the water where children walk Again, patch dala tha wo dobara ukhar gaya.",road,critical,test,Roads & Infrastructure,1
I want to report that bijli ka khamba tirha ho gaya hai for several months at near the flyover ramp in Orangi Town. Thank you.,electricity,high,train,Electricity & Streetlights,1
"Kindly note that gali me kooray ka bara dher lag gaya hai since Ramzan at Gali No 7, Gulberg Town near a madrassa. We request immediate attention.",waste,high,train,Sanitation & Solid Waste,1
kachra kundi bhar gayi hai aur sarak par gir raha hai at Kemari Plot 22 near the children's park and nobody has come to check since Ramzan. elderly patients live in this lane and cannot step outside,waste,high,train,Sanitation & Solid Waste,1
the drain is blocked and the water is not going anywhere at near the petrol pump in Liaquatabad and nobody has come to check since yesterday. we have been waiting for a response for a while now,drainage,medium,train,Drainage & Sewerage,0
"someone is going to be killed if this is not fixed today The reason is that line ka joint phat gaya hai aur pani zaya ho raha hai, right at on Hub River Road near a government girls scholo.",water,critical,test,Water Supply,1
"To the concerned department, yahan mobile snatching bohot ho rahi hai at Gadap Town Block 2, for the last three days. there is no urgency, just registering it formally Shukriya.",safety,low,train,Public Safety,1
the electric pole is leaning dangerously. Location: Saddar Block 2 near a primary school. there is a government school right next to it and hundreds of children pass daily Please take action.,electricity,high,train,Electricity & Streetlights,0
AT SHAH FAISAL COLONY BLOCK 5 THE SEWERAGE LINE IS CHOKED AND DIRTY WATER IS ON THE STREET SINCE THIS MORNING THERE IS NO URGENCY JUST REGISTERING IT FORMALLY THERE IS NO URGENCY PLEASE HANDLE IT IN THE ROUTINE SCHEDULE,drainage,low,train,Drainage & Sewerage,0
NALI BAND HAI AUR PZNI KHARA HAI AT BLOCK A JAMSHED ROAD AND NOBOODY HAS COME TO CHECK SINCE THE LAST MONSOON IT IS CAUSING INCONVENIENCE AND SHOULD BE FIXED SOON BARA MEHERBANI HO GI JALDI MASLA HAL KARAIN AGAIN NALI BAND HAI AUR PANI KHARA HAI,drainage,medium,train,Drainage & Sewerage,1
sarak par bara gaddha ban gaya hai at near the union council office in bahadurabad. this has been the case since ramzan. it is causing inconvenience and should be fixed soon,road,medium,train,Roads & Infrastructure,1
"please be informed that an illegal gas cylinder refilling shop could explode any day in the crowded market since friday at sector 5-c, pechs. we request immediate attention.",safety,medium,train,Public Safety,0
"For since the last monsoon now, patch dala tha wo dobara ukhar gaya around near the flyover ramp in Malir near a maternity home. Requesting the department to act. Again, patch dala tha wo dobara ukhar gaya.",road,critical,test,Roads & Infrastructure,1
"Janab, the following problem at Sector 5-C, DHA Phase 6 near Jinnah Hospital emergency gate: the open sewage channel behind the market has stopped flowing entirely. a large number of residents are suffering because of it",drainage,high,test,Drainage & Sewerage,0
For for two days now now clean drinking water has not reached our houses around on Tariq Road Meherbani ho gi,water,high,test,Water Supply,0
KINDLY NOTE THAT PANI BILKUL NAHI AA RAHA SINCE THIS MORNING AT NEAR THE PETROL PUMP IN MALIR KINDLY RESOLVE IT SOON,water,medium,train,Water Supply,1
We the residents of near the bus stop in Landhi report that sarak beth gayi hai barish ke baad. we have been waiting for a response for a while now,road,medium,test,Roads & Infrastructure,1
the main water pipe is leaking badly at Buffer Zone Lane 3. This has been the case since this morning. we have been waiting for a response for a while now. Our family has been facing this for several days now,water,medium,train,Water Supply,0
awara kutte kachra phaila dete hain. Location: near the community centre in Malir. elderly patients live in this lane and cannot step outside Kindly resolve it soon.,waste,high,train,Sanitation & Solid Waste,1
"i want to report that unannounced load shedding is running for eight hours a day in front of near the vegetable market in baldia town, and there is a government school right next to it and hundreds of children pass daily",electricity,high,train,Electricity & Streetlights,0
"gali me kooray ka bara dher lag gaya hai at near a bank branch in Gulistan-e-Johar. This has been the case since yesterday. plz look into it in the coming days. Our family has been facing this for several days now Bara meherbani ho gi, jaldi masla hal karain??!",waste,medium,train,Sanitation & Solid Waste,1
RESPECTED SIR SAFAI BILKUL NAHI HOTI YAHAN NEAR SITE AREA NEAR A MATERNITY HOME THERE IS A GOVERNMENT SCHOOL RIGHT NEXT TO IT AND HUNDREDS OF CHILDREN PASS DAILY PLEASE TAKE ACTION,waste,high,train,Sanitation & Solid Waste,1
I want to report that the pole mounted box is open and children can reach the terminals since the last monsoon at near the vegetable market in Malir. Thank you.,electricity,critical,train,Electricity & Streetlights,0
"road bilkuul toot gayi hai at Block 1-3D, Gulistan-e-Johar.",road,high,train,Roads & Infrastructure,1
"i want to report that taar latak rahi hain khambe se near block 5, siet area. we have been waiting for a response for a while now please take action. bara meherbani ho gi, jaldi masla hal karain!!!",electricity,medium,train,Electricity & Streetlights,1
"For for several months now, sweepers have not come to clean this lane around near the petrol pump in Kemari. Requesting the department to act.",waste,high,test,Sanitation & Solid Waste,0
"Assalam o alaikum, broken road with loose gravel everywhere in front of SITE Area, and our family has been facing this for several days now",road,medium,train,Roads & Infrastructure,0
Pleawe be informed that vlave wala time par valve nahi kholta at on Abul Hasan Isphahani Road since Ramzan it is a small issue but please note it for the recoord Please take action Bara meherbani ho gi jaldi masla hal karain,water,low,train,Water Supply,1
"kindly note that wires are hanging loose from the pole in front of new karachi plot 22 near a government girls school, and a motorcyclist fell and broke his arm last night",electricity,critical,train,Electricity & Streetlights,0
"Assalam o alaikum, pani bilkul nahi aa raha near Manghopir Sector 11-B. there is no urgency, plz handle it in the routine schedule. This is only a suggestion for improvement Shukriya. Again, pani bilkul nahi aa raha.",water,low,train,Water Supply,1
construction malba has been dumped on the empty plot at near the community centre in Kemari and nobody has cpme to check for two days now. we have been waiting for a response for a while now. Kinddly send someone to look at it in the next few days,waste,medium,train,Sanitation & Solid Waste,0
"kindly note that dispensary hafte me sirf do din khulti hai at near the main mosque in defence view near the school van stop, for almost a month. dengue and gastro cases have started appearing in the area shukriya.",other,high,train,General Administration,1
"At near the flyover ramp in Orangi Town near a madrassa, the public library has been closed since last year with no explanation for several months. this has become a serious health hazard for the whole area. Dengue and gastro cases have started appearing in the area",other,high,train,General Administration,0
"there is an immediate danger to human life here The reason is that the water supply timing was shifted and now nothing reaches our end of the lane, right at on Abul Hasan Isphahani Road. Again, the water supply timing was shifted and now nothing reaches our end of the lane.",water,critical,test,Water Supply,0
AT NEAR THE UNION COUNCIL OFFICE IN DHA PHASE 6 NEAR AGA KHAN HOSPITAL TRANSFORMER BAR BAR TRIP KAR RAHA HAI SINCE THE LAST MONSOON MANY FAMILIES AND CHILDREN ARE AFFECTED BY IT EVERY SINGLE DAY IT IS ON THE MAIN ROAD AND TRAFFIC JAMS FOR HOURS EVERY MORNING,electricity,high,train,Electricity & Streetlights,1
"Respected sir, broken road with loose gravel everywhere near on Maripur Road. please look into it in the coming days Please take action. Again, broken road with loose gravel everywhere.",road,medium,train,Roads & Infrastructure,0
"I want to report that the pole mounted box is open and children can reach the terminals in front of near a bank branch in Jamshed Road near a government girls school, and this has become a serious health hazard for the whole area",electricity,high,train,Electricity & Streetlights,0
"Please be informed that galli me kooray ka bara dher lag gaya hai at Sttreet 14, Malir near a maternity home, since the last monsoon. it is on the main road and traffic jams for hours every morning. There is a government school right next to it and hundreds of children pass daily Kindly resolve it soon. Bara meherbani ho gi, jaldi masla hal karain.",waste,high,train,Sanitation & Solid Waste,1
"the drain cover is broken and the sludge is exposed at on Shahrah-e-Faisal and nobody has come to check for the last three days. low priority, only mentioning it so it is on record",drainage,low,train,Drainage & Sewerage,0
the gutter has been overflowing at north nazimabad gali no 7.,drainage,critical,train,Drainage & Sewerage,0
"hospital waste has been mixed with the household garbage at near the union council office in orangi town and nobody has come to check since fridy. kindly look into it whenever a team is free aain, hospital waste has been mixed with the household garbage.",waste,low,train,Sanitation & Solid Waste,0
"hospital waste has been mixed with the household garbage at house 4-b, gulberg town near ziauddin hospital. again, hospital waste has been mized with the household garnage.",waste,critical,train,Sanitation & Solid Waste,0
"the asphalt has peeled off and the base layer is exposed at near the petrol pump in Surjani Town and nobody has come to check since yesterday. this is a minor issue, whenever it is convenient",road,low,train,Roads & Infrastructure,0
"TO THE CONCERNED DEPARTMENT, CONSTRUCTION MALBA HAS BEEN DUMPED ON THE EMPTY PLOT IN FRONT OF NEAR THE MAIN MOSQUE IN DEFENCE VIEW, AND THERE IS NO URGENCY, JUST REGISTERING IT FORMALLY. IT IS A SMALL ISSUE BUT PLEASE NOTE IT FOR THE RECORD",waste,low,train,Sanitation & Solid Waste,0
"At House 4-B, Gulistan-e-Johar near a primary school, people r burning the garbage pile and the smoke enters our homes for over two weeks. there is a government school right next to it and hundreds of children pass daily. Elderly patients live in this lane and cannot step outside",waste,high,train,Sanitation & Solid Waste,0
waste water has started seeping into the ground floor rooms at Kemari!!!,drainage,medium,train,Drainage & Sewerage,0
Kindly note that the electric pole is leaning dangerously since Friday at Lane 3 Kemari Kindly resolve it soon,electricity,medium,train,Electricity & Streetlights,0
the manhole is spilling sewage continuously at on Korangi Road.,drainage,medium,train,Drainage & Sewerage,0
"there is no electricity in our block. Location: Garden East Lane 3. this has become a serious health hazard for the whole area. It is urgent because a school is right beside it Shukriya. Again, there is no electricity in our block.",electricity,high,train,Electricity & Streetlights,0
"bijli nahi aa rahi hamare block me. Location: Sector 11-B, Federal B Area. it is a small issue but please note it for the record. This is only a suggestion for improvement Shukriya !!!!",electricity,low,train,Electricity & Streetlights,1
I want to report that khula manhole hai koi bhi gir sakta hai at Lane 3 Baldia Town for two days now it is causing inconvenience and should be fixed soon Please look into it in the coming days Please take action Bara meherbani ho gi jaldi masla hal karain,safety,medium,train,Public Safety,1
"Assalam o alaikum, half the lights on this stretch were never replaced after the storm near Sector 11-B, Gulistan-e-Johar. we have complained at the local office twice already with no result. Our family has been facing this for several days now Kindly resolve it soon.",electricity,medium,train,Electricity & Streetlights,0
"it is causing daily inconvenience to the residents there are deep potholes all along this stretch at House 4-B, Shah Faisal Colony. Please take action.",road,medium,train,Roads & Infrastructure,0
"Kindly note that purani deewar girne wali hai near Gulberg Town House 4-B. this is a minor issue, whenever it is convenient Kindly resolve it soon. Bara meherbani ho gi, jaldi masla hal karin.",safety,low,train,Public Safety,1
this has become a serious health hazard for the whole area. It is urgent because a school is right beside it the water that comes is muddy and smells of chemicals at near the katchi abadi in Shah Faisal Colony. Thank yo.,water,high,train,Water Supply,0
"FLIES AND MOSQUITOES HAVE MULTIPLIED BECAUSE OF THE UNCOLLECTED REFUSE; THIS SITUATION AT PLOT 22, GADAP TOWN HAS CONTINUED SINCE THIS MORNING. WE WOULD APPRECIATE IT IF THE CONCERNED STAFF COULD CHECK IT REGARDS. AGAIN, FLIES AND MOSQUITOES HAVE MULTIPLIED BECAUSE OF THE UNCOLLECTED REFUSE.",waste,medium,test,Sanitation & Solid Waste,0
"bijli ka khamba tirha ho gaya hai at Plot 22, Saddar & nobody has come to check sicne Ramzan. the whole block has been suffering & tempers are rising",electricity,high,train,Electricity & Streetlights,1
"yahan khadde hi khadde hain at Sector 5-C, Gulberg Town.",road,medium,train,Roads & Infrastructure,1
police gasht bilkul nhi hoti location: on khayaban-e-ittehad please arrange for the concerned staff to check it shukriya bara meherbani ho gi jaldi masla hal karain,safety,medium,train,Public Safety,1
"Respected sir, people are burning the garbage pile and the smoke enters our homes near Phase 2, SITE Area. we have complained at the local office twice already with no result Shukriya.",waste,medium,train,Sanitation & Solid Waste,0
Complaint: the following prooblem at near the bus stop in Defence Viw: the contractor's truck skips our lanne every single round. kindly send smoeone to look at it in the next few days,waste,medium,test,Sanitation & Solid Waste,0
"SARAK KI HALAT BOHOT KHARAB HAI, GAARI NIKALNA MUSHKIL HAI AT NEAR THE PETROL PUMP IN NEW KARACHI AND NOBODY HAS COME TO CHECK SINCE THIS MORNING. IT IS A SMALL ISSUE BUT PLEASE NOTE IT FOR THE RECORD. KINDLY LOOK INTO IT WHENEVER A TEAM IS FREE",road,low,train,Roads & Infrastructure,1
broken road with loose gravel everywhere at Sector 5-C Manghopir near the children's park and nobody has come to check since the last monsoon please treat this as urgent the situation is getting worse daily,road,high,train,Roads & Infrastructure,0
"For since this morning now, the electric pole is leaning dangerously around Lae 3, Gadap Town. Requesting the department to act.",electricity,medium,test,Electricity & Streetlights,0
banner laga kar rasta band kar diya hai at near the main mosque in Shah Faisal Colony.,other,medium,train,General Administration,1
Location Street 14 Malir - gali me kooray ka bara dher lag gaya hai ongoing for the last three days this has been troubling the residents of our building Regards,waste,medium,test,Sanitation & Solid Waste,1
"Please be informed that an open manhole in the middle of the walkway is a death trap at Block 2, Manghopir, sinnce this morning. it is a small issue but please note it for the record. Juust a routine request, nothing urgent at all Thank you.",safety,low,train,Public Safety,0
the garbage container is overflowing onto the road. Location: near the vegetable market in DHA Phase 6. the entire st of about forty houses is affected. There is a government school right next to it and hundreds of children pass daily Please take action.,waste,high,train,Sanitation & Solid Waste,0
i want to report that sweepers have not come to clean this lane since friday at on hub river road. shukriya.,waste,medium,train,Sanitation & Solid Waste,0
"Assalam o alaikum, yahan khadde hi khadde hain since Friday at on Sir Shah Suleman Road. We request immediate attention.",road,medium,train,Roads & Infrastructure,1
"At on Stadium Road, footpath par dukan barha di gayi hai for two days now. it is causing inconvenience and should be fixed soon",other,medium,train,General Administration,1
"Location Street 14, New Karachi - the manhole is spilling sewage continuously, ongoing since Friday. not an emergency at all, just a routine request. Low priority, only mentioning it so it is on record Awaiting your response!!!",drainage,low,test,Drainage & Sewerage,0
to the concerned department the road is unveen and bikes lose balance on it in front of buffer zone phase 2 and please look into it in the coming days it is causing inconvenience and should be fixed soon again the road is uneven and bikes lose balamce on it??!,road,medium,train,Roads & Infrastructure,0
"to the concerned department, manhole ka dhakkan toota hua hai near near the flyover ramp in model colony. we have been waiting for a response for a while now we request immediate attention.",drainage,medium,train,Drainage & Sewerage,1
"Reporting from Block 2, Saddar: the notice board at the union council has not been updated for months. Again, the notice board at the union council has not been updated for months.",other,low,test,General Administration,0
"the road surface has completely broken up at on Rashid Minhas Road and nobody has come to check for the past six weeks. a large number of residents are suffering because of it Again, the road surface has completely broken up.",road,high,train,Roads & Infrastructure,0
"problem area near the community centre in defence view. details: pani bilkul nahi aa raha since this morning. requesting the department to act. bara meherbani ho gi, jaldi masla hal karain.",water,medium,test,Water Supply,1
"kindly note that there is no electricity in our block in front of on stadium road, and we have been waiting for a response for a while now",electricity,medium,train,Electricity & Streetlights,0
"Please be informed that unannounced load shedding is running for eight hours a day at House 4-B, Gulistan-e-Johar, since yesterday. please arrange for the concerned staff to check it. We have been waiting for a response for a while now Shkuriya.",electricity,medium,train,Electricity & Streetlights,0
"At Sector 5-C, North Nazimabad, safai bilkul nahi hoti yahan for over two weeks. many families and children are affected by it every single day. A large number of residents are suffering beacuse of it",waste,high,train,Sanitation & Solid Waste,1
"road pe khudai kar ke chor di gayi hai at Block 2, Model Colony near a madrassa & nobody has come to check since this morning. a large number of residents are suffering bcz of it",road,high,train,Roads & Infrastructure,1
"the bosoter pump at the hydrant has stopped working at on Maripur Road. This has been the case since yesterdaay. it is cauisng daily inconveniene to the residents Again, the booster pump at the hydrant has stopped working.",water,medium,train,Water Supply,0
"the sewer line was never connected to the main trunk at block 5, bahadurabad near a maternity home. this has been the case for the past six weeks. it is urgent because a school is right beside it",drainage,high,train,Drainage & Sewerage,0
"Assalam o alaikum, unannounced load shedding is running for eight hours a day near Surjani Town Lane 3. low priority, only mentioning it so it is on record Kindly resolve it soon. Again, unannounced load shedding is running for eight hours a day.",electricity,low,train,Electricity & Streetlights,0
"To the concerned department, road bilkul toot gayi hai near Gulshan-e-Iqbal Lane 3 near the school van stop. please treat this as urgent, the situation is getting worse daily. It is urgent bwcause a school is right beside it Shukriya.",road,high,train,Roads & Infrastructure,1
"problem area site area block 13-d. details: an overhead electricity line is now resting on our boundary wall since friday. awaiting your response. again, an overhead electricity line is now resting on our boundary wall.",electricity,low,test,Electricity & Streetlights,0
At near a bank branch in North Nazimabad the pedestrian crossing has no signal and children cross alone since yesterday please look into it in the coming days It is causing inconvenience and should be fixed soon,safety,medium,train,Public Safety,0
"Location PECHS - unregistered heavy vehicles speed dangerously through the residential lane at night, ongoing since Friday. low priority, only mentioning it so it is on record Requesting the department to act.",safety,low,test,Public Safety,0
"THE NOTICE BOARD AT THE UNION COUNCIL HAS NOT BEEN UPDATED FOR MONTHS AT ON ABUL HASAN ISPHAHANI ROAD NAER A MADRASSA AND NOBODY HAS COME TO CHECK FOR MORE THAN 20 DAYS. DENGUE AND GASTRO CASES HAVE STARTED APPEARING IN THE AREA. THE WHOLE BLOCK HAS BEEN SUFFERING AND TEMPERS ARE RISING AGAIN, THE NOTICE BOARD AT THE UNION COUNCIL HAS NOT BEEN UPDATED FOR MONTHS.",other,high,train,General Administration,0
"Reporting from Block 2, Manghopir: the main water pipe is leaking badly!!!",water,medium,test,Water Supply,0
park par gahir samaji anasir ka qabza hai; this situation at near the comunity centre in Gadap Town has continued for several months. more than sixty families depend on this single lane. A lareg number of residents are suffering because of it Reqesting the dwpartment to act.,safety,high,test,Public Safety,1
"the nallah beside the colony is choked with solid waste at Phase 2, Gadap Town and nobody has come to check for over two weeks. it is urgent because a school is right beside it",drainage,high,train,Drainage & Sewerage,0
"the newly laid patch has already sunk in the middle at Bahadurabad Block A. This has been the case since yesterday. low priority, only mentioning it so it is on record",road,low,train,Roads & Infrastructure,0
the drain is blocked and the water is not going anywhere. Location: on Korangi Road. our family has been facing this for several days now Kindly resolve it soon.,drainage,medium,train,Drainage & Sewerage,0
"there are deep potholes all along this stretch. location: block a, baldia town. our family has been facing this for several days now we request immediate attention.",road,medium,train,Roads & Infrastructure,0
"respected sir, construction malba has been dumped on the empty plot in front of block 5, liaquatabad, and there is no urgency, please handle it in the routine schedule",waste,low,train,Sanitation & Solid Waste,0
"To the concerned department, unannounced load shedding is running for eight hours a day near Gulberg Town Sector 5-C near the children's park. there is a government school right next to it and hundreds of children pass daily. Many families and children are affected by it every single day We request immediate attention. Again, unannounced load shedding is running for eight hours a day.",electricity,high,train,Electricity & Streetlights,0
the open sewage channel behind the market has stopped flowing entirely; this situation at near the main mosque in Gulshan-e-Iqbal near a maternity home has continued for more than 20 days. shopkeepers say business has dropped by half because of it. It is urgent because a school is right beside it Meherbani ho gi.,drainage,high,test,Drainage & Sewerage,0
"there are deep potholes all along this stretch at Phase 2, North Nazimabad near the school van stop.",road,critical,train,Roads & Infrastructure,0
Problem area Surjani Town Phase 2. Details: there is rotting waste and an unbearable smell for two days now. Please do the needful.,waste,low,test,Sanitation & Solid Waste,0
Please be informed that sarak par bara gaddha ban gaya hai near Nazimabad. kindly send someone to look at it in the next few days. Please arrange for the concerned staff to check it Thank you.,road,medium,train,Roads & Infrastructure,1
"THERE HAS BEEN NO WATER SUPPLY IN OUR LINE. LOCATION: JAMSHED ROAD GALI NO 7 NEAR A GOVERNMENT GIRLS SCHOOL. PLEASE TREAT THIS AS URGENT, THE SITUATION IS GETTING WORSE DAILY. ELDERLY PATIENTS LIVE IN THIS LANE AND CANNOT STEP OUTSIDE THANK YOU.",water,high,train,Water Supply,0
"I want to report that there has been no water supply in our line at near the union council office in Defence View, since this morning. it is causing daily inconvenience to the residents Please take action.",water,medium,train,Water Supply,0
"Respected sir, the water that comes is muddy and smells of chemicals in front of Gulberg Town Phase 2, and kindly send someone to look at it in the next few days. Please look into it in the coming days!!!",water,medium,train,Water Supply,0
paani ka pressure bohot kam hai at Saddar.,water,low,train,Water Supply,1
REPORTING FROM NEAR THE BUS STOP IN GULBERG TOWN: THE GRAVEYARD BOUNDARY RECORD AT THE OFFICE DOES NOT MATCH THE LAND ON SITE AGAIN THE GRAVEYARD BOUNDARY RECORD AT THE OFFICE DOES NOT MATCH THE LAND ON SITE,other,low,test,General Administration,0
"assalam o alaikum, the boundary wall of the plot is about to collapse on passers-by since the last monsoon at site area phase 2 near a government girls school. kindly resolve it soon.",safety,critical,train,Public Safety,0
"assalam o alaikum, sewerage ka pani gali me phail gaya hai at buffer zone, for several months. the whole block has been suffering and tempers are rising thank you. bara meherbani ho gi, jaldi masla hal karain.",drainage,high,train,Drainage & Sewerage,1
the main water pipe is leaking badly at near the mobile market in Orangi Town and nobody has come to check since this morning. it is a small issue but please note it for the record!!!,water,low,train,Water Supply,0
the meter reading is being estimated and the bill is impossible at nazimabad. this has been the case since yesteerday. kindly send someone to look at it in the next few days,electricity,medium,train,Electricity & Streetlights,0
rash driving by mini buses has caused several near misses at near the flyover ramp in Gulistan-e-Johar and nobody has come to check since yesterday. kindly look into it whenever a team is free,safety,low,train,Public Safety,0
Please be informed that the main water pipe is leaking baly near North Nazimabad Gali No 7. please arrange for the concerned staff to check it Shukriya.,water,medium,train,Water Supply,0
"KHULA MANHOLE HAI, KOI BHI GIR SAKTA HAI AT NEAR THE MAIN MOSQUE IN CLIFTON. AGAIN, KHULA MANHOLE HAI, KOI BHI GIR SAKTA HAI.",safety,medium,train,Public Safety,1
garbage has not been collected from our street at near the union council office in Baldia Town.,waste,high,train,Sanitation & Solid Waste,0
Reporting from on Sir Shah Suleman Road: drug users gather here after dark and residents feel unsafe.,safety,medium,test,Public Safety,0
"plz be informed that a trench dug by the gas company was never filled back in front of Sector 11-B, Nazimabad, & plz look into it in the coming days",road,medium,train,Roads & Infrastructure,0
"not an emergency at all, just a routine request The reason is that voltage itna kam hai ke pankha nahi chalta, right at near the mobile market in North Nazimabad.",electricity,low,test,Electricity & Streetlights,1
a huge heap of trash is lying at the corner at near the mobile market in SITE Area. This has been the case for the last three days. we have been waiting for a response for a while now,waste,medium,train,Sanitation & Solid Waste,0
"Please be informed that the community hall booking process is completely opaque in front of Federal B Area Sector 5-C near the children's park, and the whole block has been suffrring and tempers are rising. This has become a serious health hazard for the whole area",other,high,train,General Administration,0
"our family has been facing this for several days now the kachra kundi was removed and now everyone dumps in the open at Sector 5-C, DHA Phase 6. Thank you.",waste,medium,train,Sanitation & Solid Waste,0
the asphalt has peeled off and the base layer is exposed at Block A Shah Faisal Colony,road,low,train,Roads & Infrastructure,0
"it is urgent bcz a school is right beside it the reason is that the carriageway of this road has developed craters after the digging work, right at near the community centre in orangi town!!",road,high,test,Roads & Infrastructure,0
"To the concerned department, awara kutte logon ko kaat rahe hain in front of near the vegetable market in Shah Faisal Colony, and please look into it in the coming days",safety,medium,train,Public Safety,1
there is a government school rigjt next to it and hundreds of children pass daily the footpath tiles are uprooted and pedestrians walk on the road at Korangi Plot 22 near a madrassa. Please take action.,road,high,train,Roads & Infrastructure,0
"it is causing inconvenience and should be fixed soon construction malba has ben dumped on the empty plot at Sector 11-B, SITE Area. Thank you.",waste,medium,train,Sanitation & Solid Waste,0
"At on Khayaban-e-Ittehad near Aga Khan Hospital, the footpath tiles are uprooted and pedestrians walk on the road for several months. there is a government school right next to it and hundreds of children pass daily",road,high,train,Roads & Infrastructure,0
"Kindly note that the road is uneven and bikes lose balance on it at Plot 22, Bahadurabad, for the last three days. please look into it in the coming days We request immediate attention.",road,medium,train,Roads & Infrastructure,0
parking ke naam par zabardasti paise liye ja rahe hain — near the vegetable market in Bahadurabad kindly send someone to look at it in the next few days We have been waiting for a response for a while now Bara meherbani ho gi jaldi masla hal karain??!,other,medium,test,General Administration,1
"our family has been facing this for several days now the asphalt has peeled off and the base layer is exposed at Sector 11-B, Shah Faisal Colony. We request immediate attention.",road,medium,train,Roads & Infrastructure,0
"the manhole is spilling sewage continuously — Sector 5-C, Lyari. kindly arrange a visit sometime this week",drainage,medium,test,Drainage & Sewerage,0
paani ka pressure bohot kam hai at near the community centre in Landhi This has been the case for two days now it is a small issue but please note it for the record Bara meherbani ho gi jaldi masla hal karain,water,low,train,Water Supply,1
"sweepers have not come to clean this lane at gali no 7, gulshan-e-iqbal and nobody has come to check for almost a month. many families and children are affected by it every single day again, sweepers have not come to clean this lane.",waste,high,train,Sanitation & Solid Waste,0
a shopkeeper has extended his shop over the whole footpath at near the flyover ramp in Jamshed Road near Jinnah Hospital emergency gate and nobody has come to check since Ramzan. sewage has mixed into the drinking water line and people are vomiting,other,critical,train,General Administration,0
"We the residents of on Nishtar Road report that there have been repeated mobile snatching incidents here. there is no urgency, please handle it in the routine schedule",safety,low,test,Public Safety,0
"To the concerned department, police gasht bilkul nahi hoti near near the petrol pump in Buffer Zone. our family has been facing this for several days now Kindly resolve it soon. Bara meherbani ho gi, jaldi masla hal karain.",safety,medium,train,Public Safety,1
"footpath par dukan barha di gayi hai at on Hub River Road. This has been the case since Ramzan. this is a minor issue, whenever it is convenient",other,low,train,General Administration,1
Assalam o alaikum the garbage container is overflowing onto the road in front of House 4-B PECHS and we have complained at the local office twice already wid no result It is causing inconvenience and should be fixed soon,waste,medium,train,Sanitation & Solid Waste,0
"at near the mobile market in shah faisal colony, the park in our neighbourhood has been encroached by a private party for the past six weeks. just a routine request, nothing urgent at all. there is no urgency, just registering it formally",other,low,train,General Administration,0
awara kutte kachra phaila dete hain at on Maripur Road and nobody has come to check since this morning. we have been waiting for a response for a while now!!,waste,medium,train,Sanitation & Solid Waste,1
"At near the katchi abadi in PECHS, there has been no water supply in our line since this morning. this is only a suggestion for improvement",water,low,train,Water Supply,0
"assalam o alaikum, bijli ka khamba tirha ho gaya hai at new karachi, for over two weeks. our family has been facing this for several days now shukriya. bara meherbani ho gi, jaldi masla hal karain. again, bijli ka khamba tirha ho gaya hai.",electricity,medium,train,Electricity & Streetlights,1
"Dear municipal team, residents near near the vegetable market in Federal B Area near Civil Hospital are affected because a very large pothole has formed in the middle of the road. two schools and a clinic are on the same stretch Awaiting your response.",road,high,test,Roads & Infrastructure,0
"banners and hoardings are blocking the view at the intersection at Block A, Saddar. This has been the case for over two weeks. a child was injured here yesterday and we fear a worse accident. It is extremely urgent, please treat it as an emergency",other,critical,train,General Administration,0
"Reporting from near the community centre in Surjani Town near a madrasssa: there is no electricity in our block. Again, there is no electricity in our block!!",electricity,high,test,Electricity & Streetlights,0
"nalah kachre se bhar gaya hai at near the coommunity centre in Surjani Town. This has been the case for almost a month. it is a small issue but please note it for the record. This is only a suggestion for improvement Bara meherbani ho gi, jaldi masla hal karain.",drainage,low,train,Drainage & Sewerage,1
"At near the bus stop in Gulistan-e-Johar, the street lights have not been working for more than 20 days. it is on the main road & traffic jams for hours every morning",electricity,high,train,Electricity & Streetlights,0
clean drinking water has not reached our houses at on Shahrah-e-Faisal.,water,critical,train,Water Supply,0
there is no urgency please handle it in the routine schedule Just a routine request nothing urgent at all speed breaker toota hua hai at near the main mosque in SITE Area We request immediate attention Bara meherbani ho gi jaldi masla hal karain,road,low,train,Roads & Infrastructure,1
the water sub-line to our block appears to have been disconnected; this situation at near the bus stop in Orangi Town has continued for two days now. thsi has been troubling the residents of our building Regards.,water,medium,test,Water Supply,0
"kachra kundi bhar gayi hai aur sarak par gir raha hai at Lnae 3, Defence View near Jinnah Hospital emergency gate. Bara meherbani ho gi, jaldi masla hal karain.",waste,high,train,Sanitation & Solid Waste,1
"the asphalt has peeled off & the base layer is exposed. Location: on Sharae Noor Jehan. low priority, only mentioning it so it is on record Shukriya.",road,low,train,Roads & Infrastructure,0
"Assalam o alaikum, stray dogs and cats tear open the bags and scatter the waste at DHA Phase 6 House 4-B, sinec yesterday. please look into it in the coming days We request immediate attention??!",waste,medium,train,Sanitation & Solid Waste,0
"respected sir, awara kutte kachra phaila dete hain at near the main mosque in gulistan-e-johar near jinnah hospital emergency gate, since ramzan. the entire street of about forty houses is affected please take action. bara meherbani ho gi, jaldi masla hal karain??!",waste,high,train,Sanitation & Solid Waste,1
"Respected sir, awara kutte logon ko kaat rahe hain near Model Colony. just a routine request, nothing urgent at all Shukriya.",safety,low,train,Public Safety,1
a huge heap of trash is lying at the corner at Bahadurabad Sector 5-C.,waste,low,train,Sanitation & Solid Waste,0
"For for the past six weeks now, pani bilkul nahi aa raha around Sector 11-B, DHA Phase 6. Please do the needful. Bara meherbani ho gi, jaldi masla hal karain.",water,high,test,Water Supply,1
"At near the flyover ramp in Orangi Town, sweepers have not come to clean ths lane since yesterday. it is causing inconvenience & should be fixed soon Again, sweepers have not come to clean this lane.",waste,medium,train,Sanitation & Solid Waste,0
"Please be informed that stray dogs and cats tear open the bags and scatter the waste in front of near a bank branch in Federal B Area, and please arrange for the concerned staff to check it. Please look into it in the coming days",waste,medium,train,Sanitation & Solid Waste,0
the boundary wall of the plot is about to collapse on passers-by. location: jamshed road phase 2. plesae arrange for the concernde staff to check it. we have been waiting for a response for a while now we request immediate attention.,safety,medium,train,Public Safety,0
"the footpath tiles are uprooted and pedestrians walk on the road at on Nishtar Road near Ziauddin Hospital. This has been the case for the past six weeks. the entire st of about forty houses is affected. It is urgent because a school is right beside it Again, the footpath tiles are uprooted and pedestrians walk on the road!!!",road,high,train,Roads & Infrastructure,0
there are sparks coming from the connection at night Location: on Khayaban-e-Ittehad please arrange for the concerned staff to check it It is causing inconvenience and should be fixed soon Please take action,electricity,medium,train,Electricity & Streetlights,0
To the concerned department bijli ka khamba tirha ho gaya hai near Block 13-D Federal B Area near Aga Khan Hospital thiis is an emergency please send a tem today Thank you Bara meherbani ho gi jaldi masla hal karain,electricity,critical,train,Electricity & Streetlights,1
Kindly note that gutter ubal raha hai for almost a month at SITE Area Lane 3 near Civil Hospital. Please take action.,drainage,high,train,Drainage & Sewerage,1
"reporting an issue - the following problem at on m.a. jinnah road: the power cable was cut during digging and the connection was never restored. low priority, only mentioning it so it is on record !!!!",electricity,low,test,Electricity & Streetlights,0
please be informed that the community hall booking process is completely opaque since the last monsoon at near the community centre in new karachi near a government girls school. please take action.,other,critical,train,General Administration,0
"assalam o alaikum, bijli ka khamba tirha ho gaya hai since friday at baldia town. shukriya. again, bijli ka khamba tirha ho gaya hai.",electricity,low,train,Electricity & Streetlights,1
"at house 4-b, gulistan-e-johar, the kachra kundi was removed and now everyone dumps in the open since this morning. it is causing inconvenience and should be fixed soon",waste,medium,train,Sanitation & Solid Waste,0
"plz be informed that a huge heap of trash is lying at the corner in front of on Stadium Road, and we have been waiting for a response for a while now",waste,medium,train,Sanitation & Solid Waste,0
Dear municipal team residents near Garden East Block 2 near a government girls school are affected because unregistered heavy vehicles speed dangerously through the residential lane at night more than sixty families depend on this single lane Requesting the department to act,safety,high,test,Public Safety,0
"shopkeepers say business has dropped by half because of it. Two schools and a clinic are on the same stretch The reason is that kachra utha nahi hai kai din se, right at on Khayaban-e-Ittehad near Civil Hospital.",waste,high,test,Sanitation & Solid Waste,1
"Respected sir, the road surface has completely broken up at New Karachi near a government girls school, for more than 20 days. sewage has mixed into the drinking water line and people are vomiting Please take action.",road,critical,train,Roads & Infrastructure,0
"drug users gather here after dark and residents feel unsafe at Phase 2, PECHS. This has been the case since Ramzan. we have been waiting for a response for a while now",safety,medium,train,Public Safety,0
"plz be informed that bijli ka khamba tirha ho gaya hai for almost a month at Block 5, Nazimabad. Thank u. Bara meherbani ho gi, jaldi masla hal karain.",electricity,high,train,Electricity & Streetlights,1
the entire st of about forty houses is affected road bilkul toot gayi hai at Malir Sector 11-B. plz take action.,road,high,train,Roads & Infrastructure,1
"At near the main mosque in New Karachi near the children's park, road bilkul toot gayi hai since this morning. it is extremely urgent, please treat it as an emergency Bara meherbani ho gi, jaldi masla hal karain.",road,critical,train,Roads & Infrastructure,1
"sarak ki halat bohot kharab hai, gqari nikalna mushkil hai at Blok 13-D, Orangi Town and nobody has come to check since Friday. thus is onlly a suggestion for improvement. There is no urgency, please handle it in the routine schedule",road,low,train,Roads & Infrastructure,1
"Assalam o alaikum, a huge heap of trash is lying at the corner at on M.A. Jinnah Road, for two days now. plz arrange for the concerned staff to check it plz take action. Again, a huge heap of trash is lying at the corner.",waste,medium,train,Sanitation & Solid Waste,0
"Please be informed that the footpath tiles are uprooted and pedestrians walk on the road near Phase 2, Lyari. please treat this as urgent, the situation is getting worse daily. It is on the main road and traffic jams for hours every morning Kindly resolve it soon. Again, the footpath tiles are uprooted and pedestrians walk on the road.",road,high,train,Roads & Infrastructure,0
"Location Landhi Gali No 7 - a pack of stray dogs is attacking people, ongoing since Friday. we haev been waiting for a response for a wyile now Regards.",safety,medium,test,Public Safety,0
"valve wala time par valve nahi kholta at Street 14, Korangi.",water,medium,train,Water Supply,1
a huge heap of trash is lying at the corner at on Stadium Road. This has been the case for more than 20 days. there is a government school right next to it and hundreds of children pass daily,waste,high,train,Sanitation & Solid Waste,0
"To the concerned department, the valve man is not opening our valve at the scheduled time near Nazimabad Plot 22. there is no urgency, please handle it in the routine schedule Shukriya.",water,low,train,Water Supply,0
"Janab, residents near near the mobile market in Kemari are affected because the transformer keeps tripping again and again. it is affecting a few households on our side of the lane Meherbani ho gi.",electricity,medium,test,Electricity & Streetlights,0
"plz be informed that the manhole is spilling sewage continuously in front of on Rashid Minhas Road, & kindly send someone to look at it in the next few days. We have been waiting for a response for a while now",drainage,medium,train,Drainage & Sewerage,0
"construction malba has been dumped on the empty plot at near a bank branch in Model Colony. This has been the case since yesterday. low priority, only mentioning it so it is on record. Kindly look into it whenever a team is free",waste,low,train,Sanitation & Solid Waste,0
sweepers have not come to clean this lane at on Rashid Minhss Road.,waste,medium,train,Sanitation & Solid Waste,0
"KACHRA KUNDI BHAR GAYI HAI AUR SARAK PAR GIR RAHA HAI. LOCATION: HOUSE 4-B, PECHS. THIS IS ONLY A SUGGESTION FOR IMPROVEMENT. LOW PRIORITY, ONLY MENTIONING IT SO IT IS ON RECORD SHUKRIYA.",waste,low,train,Sanitation & Solid Waste,1
"loadshedding ka koi schedule nahi hai at near the flyover ramp in Defence View. Again, loadshedding ka koi schedule nahi hai.",electricity,medium,train,Electricity & Streetlights,1
"Problem area House 4-B, Landhi. Details: khatarnak imarat footpath par jhuk gayi hai since Ramzan. Awaiting your response.",safety,medium,test,Public Safety,1
"At Surjani Town Phase 2 near a primary school, manhole ka dhakkan toota hua hai for almost a month. the entire street of about forty houses is affected Bara meherbani ho gi, jaldi masla hal karain.",drainage,high,train,Drainage & Sewerage,1
"reporting from on i.i. chundrigar road: voltage itna kam hai ke pankha nahi chalta. again, voltage itna kam hai ke pankha nahi chalta.",electricity,high,test,Electricity & Streetlights,1
"Janab, the following porblem at on Nishtar Roa:d water is coming with very low pressure. we would appreciate it if the concerned staff could check it. Please arrange for the concerned staff to check it Again, water is coming with very low pressuree.",water,medium,test,Water Supply,0
"To the concerned department, sewage water has entered our lane for over two weeks at near a bank branch in Malir near Jinnah Hospital emergency gate. Thank you.",drainage,critical,train,Drainage & Sewerage,0
"Location Jamshed Road Gali No 7 - the voltage is so low that no appliance runs, the fan barely turns, ongoing since the last monsoon. we would appreciate it if the concerned staff could check it Meherbani ho gi.",electricity,medium,test,Electricity & Streetlights,0
there are sparks coming from the connection at night at Block A Model Colony near Civil Hospital,electricity,high,train,Electricity & Streetlights,0
We the residents of Nazimabad report that the local dispensary staff refuse to register walk-in patients. this has been troubling the residents of our building. It is causing inconvenience & should be fixed soon,other,medium,test,General Administration,0
Problem area near the community centre in Kemari. Details: pani bilkul nahi aa raha since this morning. Regards.,water,low,test,Water Supply,1
I want to report that gali me kooray ka bara dher lag gaya hai near on Hub River Road. many families and children are affected by it every single day Kindly resolve it soon.,waste,high,train,Sanitation & Solid Waste,1
the kachra kundi was removed and now everyone dumps in the open at on sharae noor jehan.,waste,medium,train,Sanitation & Solid Waste,0
KINDLY NOTE THAT THE NEWLY LAID PATCH HAS ALREADY SUNK IN THE MIDDLE NEAR GADAP TOWN BLOCK 2 PLEASE ARRANGE FOR THE CONCERNED STAFF TO CHECK IT THANK YOU,road,medium,train,Roads & Infrastructure,0
Reporting from Gali No 7 Landhi: chamber se kala pani upar aa raha hai Again chamber se kala pani upar aa raha hai,drainage,medium,test,Drainage & Sewerage,1
"Assalam o alaikum, safai bilkul nahi hoti yahan near Korangi. please arrange for the concerned staff to check it. We have been waiting for a response for a while now Shukriya. Bara meherbani ho gi, jaldi masla hal karain.",waste,medium,train,Sanitation & Solid Waste,1
"the drain is blocked and the water is not going anywhere. location: lane 3, buffer zone near the school van stop. part of the structure has already collapsed please take action.",drainage,critical,train,Drainage & Sewerage,0
"yahan khaded hi khadde hain; this situation at on Sharae Noor Jehan has continued for over two weeks. a person has already been injured because of this. There is a serious risk of a fatal accident here Meherbani ho gi. Bara meherbani ho gi, jaldi masla hal karain.",road,critical,test,Roads & Infrastructure,1
"there is rotting waste and an unbearable smell. Location: near the vegetable market in Shah Faisal Colony. just a routine request, nothing urgent at all Kindly resolve it soon.",waste,low,train,Sanitation & Solid Waste,0
"the pole mounted box is open and children can reach the terminals. Location: Lane 3, Surjani Town. please treat this as urgent, the situation is getting wose daily Kindly resolve it soon.",electricity,high,train,Electricity & Streetlights,0
stray cattle are tied up on public land and nobody removes them — near the vegetable market in Defence View. kindly arrange a visit sometime this week,other,medium,test,General Administration,0
"safai bilkul nahi hoti yahan. Location: near the bus stop in Gulberg Town near a primary school. please treat this as urgent, the situation is getting worse daily We request immediate attention.",waste,high,train,Sanitation & Solid Waste,1
"Respected sir, awara kutte kachra phaila dete hain near Block 13-D, Clifton near a maernity home. someone received an electric shocck this morning Please taek action.",waste,critical,train,Sanitation & Solid Waste,1
"hospital waste has been mixed with the household garbage. location: phase 2, landhi near civil hospital. please treat this as urgent, the situation is getting worse daily we request immediate attention!!!",waste,high,train,Sanitation & Solid Waste,0
"To the concerned department, road bilkul toot gayi hai since yesterday at on Maripur Road. We request immediate attention.",road,medium,train,Roads & Infrastructure,1
"the entire street of about forty houses is affected nali band hai aur pani khara hai at Manghopir near Civil Hospital. Thank you. Bara meherbani ho gi, jaldi maasla hal karain.",drainage,high,train,Drainage & Sewerage,1
Reporting an issue - the following problem at near the flyover ramp in Buffer Zone: counter par rasid nahi di jati. a hospital entrance is barely fifty metres from here,other,high,test,General Administration,1
the power cable was cut during digging and the connection was never restored — Defence View Phase 2. please arrange for the concerned staff to check it,electricity,medium,test,Electricity & Streetlights,0
"At DHA Phase 6 Block 2, the drain is blocked and the water is not going anywhere since this morning. pleaes look into it in the coming days",drainage,medium,train,Drainage & Sewerage,0
the gutter has been overflowing at Federal B Area near the school van stop and nobody has come to check since the last monsoon. sewage has mixed into the drinking water line and people r vomiting,drainage,critical,train,Drainage & Sewerage,0
"This is to bring to your attntion that the following problem at Shah Faisal Colony Sector 11-B: the fire exit of the crowded plaza has been welded shut, trapping everyone inside. there is no urgency, please handle it in the routine schedule",safety,low,test,Public Safety,0
"purani deewar girne wali hai. Location: near the bus stop in Gulberg Town. kindly send someone to look at it in the next few days. It is causing inconvenience and should be fixed soon We request immediate attention. Bara meherbani ho gi, jaldi masla hal karain.",safety,medium,train,Public Safety,1
"Janab, residents near on I.I. Chundrigar Road near a government girls school are affected because the water line has burst and water is being wasted. two residents have already been hospitalised because of this. There is an immediate danger to human life here Meherbani ho gi.",water,critical,test,Water Supply,0
"safai bilkul nahi hoti yahan at Gali No 7, North Nazimabad. This has been the case for the last three days. this is a minor issue, whenever it is convenient",waste,low,train,Sanitation & Solid Waste,1
"To the concerned department, bijli nahi aa rahi hamare block me in front of near the main mosque in Jamshed Road near a government girls school, and a large number of residents are suffering because of it Bara meherbani ho gi, jaldi masla hal karain. Again, bijli nahi aa rahi hamare block me.",electricity,high,train,Electricity & Streetlights,1
Plrase be informed that wires are hanging loose from the pole for over two weeks at near the union council office in Saddar near a primary school. Shukriya.,electricity,high,train,Electricity & Streetlights,0
Problem area near the main mosque in Garden East near a primary school. Details: water is coming with very low pressure for several months. Meherbani ho gi.,water,critical,test,Water Supply,0
stray dogs and cats tear open the bags and scatter the waste at near the main mosque in SITE Area and nobody has come to check since Friday. it is causing inconvenience and should be fixed soon,waste,medium,train,Sanitation & Solid Waste,0
"For for two days now now, there has ben no water supply in our line around near the flyover ramp in Gulberg Tonw. Awaiting your response.",water,low,test,Water Supply,0
"I want to report that there has been no water supply in our line near Lane 3, Jamshed Road. kindly send someone to look at it in the next few days. Please arrange for the concerned staff to check it Please take action.",water,medium,train,Water Supply,0
"respected sir, the garbage container is overflowing onto the road near on sir shah suleman road. it is causing inconvenience and should be fixed sooon shukriya.",waste,medium,train,Sanitation & Solid Waste,0
loudspeakers from a marriage hall run past midnight every weekend at near the bus stop in Bahadurrabad. This has been the case for two days now. there is a government school right next to it & hundreds of children pass daily,other,high,train,General Administration,0
"Respected sir, stray cattle are tied up on public land and nobody removes them in font of near the katchi abadi in Landhi near a maternity home, and elderly patients live in this lane and cannot step outside",other,high,train,General Administration,0
"AT GADAP TOWN HOUSE 4-B, THE SEWERAGE LINE IS CHOKED AND DIRTY WATER IS ON THE STREET SINCE FRIDAY. PLEASE ARRANGE FOR THE CONCERNED STAFF TO CHECK IT",drainage,medium,train,Drainage & Sewerage,0
"this is an emergency, pllease send a team today kachra kundi bar gayi hai aur sarak par gir raha hai at on University Road. Shukriya. Bara meherbani ho gi, jaldi masla hal karain.",waste,critical,train,Sanitation & Solid Waste,1
Please be informed that the drain cover is broken and the sludge is exposed near Baldia Town near a madrassa. the entire street of about forty houses is affected Shukriya.,drainage,high,train,Drainage & Sewerage,0
"Assalam o alaikum, there are sparks coming from the connection at night at Lane 3, Gadap Town near the school van stop, for almost a month. a large number of residents are suffering beacuse of it Kindly resolvve it soon.",electricity,high,train,Electricity & Streetlights,0
garbage has not been collected from our street. Location: DHA Phase 6 Street 14. this is only a suggestion for improvement. It is a small issue but please note it for the record Thank you.,waste,low,train,Sanitation & Solid Waste,0
"transformer bar bar trip kar raha hai. Location: Phase 2, PECHS. elderly patients live in this lane and cannot step outside Shukriya. Bara meherbani ho gi, jaldi masla hal karain.",electricity,high,train,Electricity & Streetlights,1
the asphalt has peeled off and the base layer is exposed at near a bank branch in Gulberg Town and nobody has come to check for several months. this has become a serious health hazard for the whole area. Many families and children are affected by it every single day,road,high,train,Roads & Infrastructure,0
a motorcyclist fell and broke his arm last night people are burning the garbage pile and the smoke enters our homes at near the katchi abadi in Surjani Town near Jinnah Hospital emergency gate Please take action,waste,critical,train,Sanitation & Solid Waste,0
"road bilkul toot gayi hai; this situation at Street 14, Manghopir near Aga Khan Hospital has continued for the past six weeks. a hospital entrance is barely fifty metres from here. A large number of residents are suffering because of it Awaiting your response.",road,high,test,Roads & Infrastructure,1
"To the concerned department, the water that comes is muddy and smells of chemicals at House 4-B, Nazimabad, for more than 20 days. this is a minor issue, whenever it is convenient. There is no urgency, please handle it in the routine schedule Thank you.",water,low,train,Water Supply,0
"there is no electrcity in our block at House 4-B, Gulshan-e-Iqbal near the children's park. Agian, there is no electricity in our block.",electricity,critical,train,Electricity & Streetlights,0
"pani bilkul nahi aa raha. location: near the mobile market in dha phase 6. our family has been facing this for several days now. please look into it in the coming days please take action. bara meherbani ho gi, jaldi masla hal karain.",water,medium,train,Water Supply,1
it is a small issue but plz note it for the record Just a routine request nothing urgent at all a trench dug by the gas company was never filled back at Sector 5-C Nazimabad We request immediate attention Again a trench dug by the gas company was never filled back!!,road,low,train,Roads & Infrastructure,0
hum ko roz tanker mangwana par raha hai. Location: Malir. kindly send someone to look at it in the next few days. We have complained at the local office twice already with no result Thank you.,water,medium,train,Water Supply,1
"kindly note that the water that comes is muddy and smells of chemicals in front of gadap town sector 11-b near a maternity home, and the whole block has been suffering and tempers are rising. elderly patients live in this lane and cannot step outside",water,high,train,Water Supply,0
nalah kachre se bhar gaya hai at on Shahrah-e-Faisal.,drainage,low,train,Drainage & Sewerage,1
a very large pothole has formed in the middle of the road at near the main mosque in dha phase 6.,road,low,train,Roads & Infrastructure,0
paani ka pressure bohot kam hai at near the petrol pump in orangi town. this has been the case for two days now. we have been waiting for a response for a while now,water,medium,train,Water Supply,1
a child was injured here yesterday and we fear a worse accident there has bewn no water supply in our line at Gulberg Town Sector 5-C near the school van stop. Please take action.,water,critical,train,Water Supply,0
there is no police patrolling and street crime has increased at near the flyover ramp in Malir. This has been the case for two days now. it is a small issue but please note it for the record,safety,low,train,Public Safety,0
we have complained at the local office twice already with no result the pole mounted box is open and children can reach the terminals at orangi town. please take action.,electricity,medium,train,Electricity & Streetlights,0
"assalam o alaikum, wires are hanging loose from the pole at phase 2, gulistan-e-johar, since friday. kindly look into it whenever a team is free shukriya.",electricity,low,train,Electricity & Streetlights,0
"gali me kooray ka bara dher lag gaya hai at on Korangi Road near a government girls school. Bara meherbani ho gi, jaldi masla hal karain.",waste,high,train,Sanitation & Solid Waste,1
"hum ko roz tanker mangwana par raha hai at near the main mosque in Baldia Town. Again, hum ko roz tanker mangwana par raha hai.",water,critical,train,Water Supply,1
kindly note that hospital waste has been mixed with the household garbage at near a bank branch in garden east for almost a month a motorcyclist fell and broke his arm last night plz take action,waste,critical,train,Sanitation & Solid Waste,0
Please be informed that stray dogs and cats tear open the bags and scatter the waste near Gulberg Town Sector 11-B. elderly patients live in this lane and cannot step outside Please take action!!!,waste,high,train,Sanitation & Solid Waste,0
"respected sir, sarak par bara gaddha ban gaya hai at on university road, for several months. an ambulance could not reach the hospital gate because of it. it is extremely urgent, please treat it as an emergency please take action.",road,critical,train,Roads & Infrastructure,1
"the speed breaker is broken and has sharp edges at block 13-d, model colony and nobody has come to check for almost a month. elderly patients live in this lane and cannot step outside",road,high,train,Roads & Infrastructure,0
Reporting from near the vegetable market in SITE Area: the power cable was cut during digging and the connection was never restored.,electricity,high,test,Electricity & Streetlights,0
"Please be informed that unannounced load shedding is running for eight hours a day in front of Phase 2, Surjani Town, and the entire street of about forty houses is affected. It is urgent because a school is right beside it",electricity,high,train,Electricity & Streetlights,0
"I want to report that a very large pothole has formed in the midddle of the road in front of near the main mosque in Kemari, and thrre is a government school right next to it and hundreds of children pass daily",road,high,train,Roads & Infrastructure,0
"This is to bring to your attention that the following problem at on Rashid Minhas Road: the water sub-line to our block appears to have been disconnected. plz treat this as urgent, the situation is getting worse daily",water,high,test,Water Supply,0
kachra utha nahi hai kai din se at gulberg town gali no 7. this has been the case for the past six weeks. an ambulance could not reach the hospital gate because of it!!!,waste,critical,train,Sanitation & Solid Waste,1
"Assalam o alaikum, the road has caved in after the rain at Block A, Buffer Zone, since Ramzan. kindly send someone to look at it in the next few days We request immediate attention.",road,medium,train,Roads & Infrastructure,0
"I want to report that sarak ki halat bohot kharab hai, gaari nikalna mushkil hai in front of near the community centre in North Nazimabad, & a live wire is lying in the standing water",road,critical,train,Roads & Infrastructure,1
it is a small issue but please note it for the record the meter reading is being estimated and the bill is impossible at on Nishtar Road. We request immediate attention.,electricity,low,train,Electricity & Streetlights,0
"Reporting from House 4-B, SITE Area: a dangerous dilapidated structure is about to fall on people using the footpath. Again, a dangerous dilapidated structure is about to fall on people using the footpath.",safety,medium,test,Public Safety,0
"the meter reading is being estimated and the bill is impossible. Location: Block 5, Baldia Town near the school van stop. the whole block has been suffering and tempers are rising Kindly resolve it soon.",electricity,high,train,Electricity & Streetlights,0
dengue and gastro cases have started appearing in the area the gutter has been overflowing at near the katchi abadi in Garden East. Shukriya.,drainage,high,train,Drainage & Sewerage,0
"Please be informed that log kachra jala rahe hain, dhun ghar me aata hai near North Nazimabad Gali No 7. elderly patients live in this lane and cannot step outside Thank you.",waste,high,train,Sanitation & Solid Waste,1
"Assalam o alaikum, the nallah beside the colony is choked with solid waste for more than 20 days at SITE Area Block 13-D. Please take action.",drainage,medium,train,Drainage & Sewerage,0
the storm drain outlet has been sealed by an illegal construction — on Rashid Minhas Road near Aga Khan Hospital please treat this as urgent the situation is getting worse daily,drainage,high,test,Drainage & Sewerage,0
I want to report that the footpath tiles are uprooted and pedestrians walk on the road near near the katchi abadi in Buffer Zone. this is only a suggestion for improvement Kinndly resolve it soon.,road,low,train,Roads & Infrastructure,0
"please be informed that loadshedding ka koi schedule nahi hai since this morning at near the bus stop in north nazimabad. thank you. again, loadshedding ka koi schedule nahi hai.",electricity,high,train,Electricity & Streetlights,1
"there are sparks coming from the connection at night at Phase 2, Manghopir. This has been the case for two days now. our family has been facing this for several days now",electricity,medium,train,Electricity & Streetlights,0
"Kindly note that the road is uneven & bikes lose balance on it near Clifton. plz look into it in the coming days We request immediate attention. Again, the road is uneven & bikes lose balance on it.",road,medium,train,Roads & Infrastructure,0
"i want to report that yahan mobile snatching bohot ho rahi hai in front of block 2, defence view, and it is causing daily inconvenience to the residents",safety,medium,train,Public Safety,1
"Respected sir, sarkari daftar me koi sunwai nahi hoti for several months at on Sharae Noor Jehan. Thank you. Bara meherbani ho gi, jaldi masla hal karain.",other,critical,train,General Administration,1
"At PECHS, the community hall booking process is completely opaque for almost a month. many families and children are affected by it every single day",other,high,train,General Administration,0
"we have been waiting for a response for a while now pani ki line leak ho rahi hai at Lane 3, Gulistan-e-Johar. Thank you.",water,medium,train,Water Supply,1
"Reporting from Phase 2, New Karachi near Jinnah Hospital emergency gate: the sewerage line is choked and dirty water is on the street. Again, the sewerage line is choked and dirty water is on the street.",drainage,critical,test,Drainage & Sewerage,0
half the lights on this stretch were never replaced after the storm at near the flyover ramp in Nazimabad.,electricity,high,train,Electricity & Streetlights,0
"stray cattle are tied up on public land and nobody removes them at on Sir Shah Suleman Road near Aga Khan Hospital. Again, stray cattle are tied up on public land and nobody removes them.",other,high,train,General Administration,0
"Reporting from Sector 5-C, Jamshed Road near a government girls school: gandagi ki wajah se makhiyan bohot ho gayi hain.",waste,critical,test,Sanitation & Solid Waste,1
"i want to report that nali band hai aur pani khara hai in front of near the katchi abadi in gadap town near jinnah hospital emergency gate, and someone is going to be killed if this is not fixed today. a live wire is lying in the standing water bara meherbani ho gi, jaldi masla hal karain.",drainage,critical,train,Drainage & Sewerage,1
I want to report that gali me kooray ka bara dher lag gaya hai since this morning at nera the petrol puump in Bahadurabad. Shukriya.,waste,medium,train,Sanitation & Solid Waste,1
Kindly note that the drain is blocked and the water is not going anywhere near near the vegetable market in Kemari. we have been waiting for a response for a while now We request immediate attention.,drainage,medium,train,Drainage & Sewerage,0
"Respected sir, manhole ka dhakkan toota hua hai in front of Gulberg Town, and it is causing inconvenience and should be fixed soon. Please arrange for the concerned staff to check it",drainage,medium,train,Drainage & Sewerage,1
"Respected sir, rain water from the last spell has still not drained out in front of near the petrol pump in Defence View, and the entire street of about forty houses is affected",drainage,high,train,Drainage & Sewerage,0
log kachra jala rahe hain dhuuan ghar me aata hai at manghopir block 13-d this has been the case for over two weeks someone received an electric shock this morning bara meherbani ho gi jaldi masla hal karain,waste,critical,train,Sanitation & Solid Waste,1
bijli nahi aa rahi hamare block me at near the community centre in Federal B Area!!,electricity,high,train,Electricity & Streetlights,1
there is rotting waste and an unbearable smell at Model Colony Lane 3 neear Civil Hospital. This has been the case for several months. a child was injured here yesterday and we fear a worse accident,waste,critical,train,Sanitation & Solid Waste,0
Respected sir transformer bar bar trip kar raha hai in front of Kemari and elderly patients live in this lane and cannot step outside,electricity,high,train,Electricity & Streetlights,1
Respected sir our overhead tank never fills even after four hours of supply in front of House 4-B Nazimabad and we have been waiting for a response for a while now It is causing daily inconvenience to the residents,water,medium,train,Water Supply,0
"the valve man is not opening our valve at the scheduled time at near the mobile market in Nazimabad and nobody has come to check since Ramzan. low priority, only mentioning it so it is on record Again, the valve man is not opening our vavle at the scheduled time.",water,low,train,Water Supply,0
"We the residents of on Stadium Road report that there is rotting waste and an unbearable smell. this is a minor issue, whenevre it is convenient",waste,low,test,Sanitation & Solid Waste,0
"Respected sir, pani ki line leak ho rahi hai at Bllock A, Fedreal B Area, sinec yessterday. it is a small issuue but plz note it for the record Shukriya. Bara meherbani ho gi, jaldi masla hal karain.",water,low,train,Water Supply,1
"Please be informed that the mahnole is spilling sewage continuously in front of Gulshan-e-Iqbal Block 13-c, and we have complained at the locla office twice already wth no result",drainage,medium,train,Drainage & Sewerage,0
THE ENTIRE STREET OF ABOUT FORTY HOUSES IS AFFECTED SWEEPERS HAVE NOT COME TO CLEAN THIS LANE AT ON NISHTAR ROAD NEAR CIVIL HOSPITAL. WE REQUEST IMMEDIATE ATTENTION.,waste,high,train,Sanitation & Solid Waste,0
"AT CLIFTON NEAR THE SCHOOL VAN STOP, THE WATER THAT COMES IS MUDDY AND SMELLS OF CHEMICALS FOR SEVERAL MONTHS. PART OF THE STRUCTURE HAS ALREADY COLLAPSED",water,critical,train,Water Supply,0
"this has been troubling the residents of our buillding The reason is that malba khali plot par daal diya gaya hai, right at Sector 11-B, Liaquatabad. Bara meherbani ho gi, jaldi masla hal karain.",waste,medium,test,Sanitation & Solid Waste,1
kindly send someone to look at it in the next few days the asphalt has peeled off and the base layer is exposed at Jamshed Road. Shukriya.,road,medium,train,Roads & Infrastructure,0
"hum ko roz tanker mangwana par raha hai at near the mobile market in Surjani Town. This has been the case for over two weeks. sewage has mixed into the drinking water line and people r vomiting. A child was injured here yesterday and we fear a worse accident Bara meherbani ho gi, jaldi masla hal karain.",water,critical,train,Water Supply,1
"for since ramzan now, effluent from the choked sewer line is standing knee deep at the junction around lane 3, pechs. requesting the department to act.",drainage,high,test,Drainage & Sewerage,0
"Kindly note that we are forced to buy a private tanker every second day at on Shahrah-e-Faisal, for the last three days. we have been waiting for a response for a while now We request immediate attention.",water,medium,train,Water Supply,0
"Please be informed that manhole ka dhakkan toota hua hai in front of Sector 5-C, Surjani Town, and many families and children are affected by it every single day Bara meherbani ho gi, jaldi masla hal karain.",drainage,high,train,Drainage & Sewerage,1
"there is rotting waste and an unbearable smell at Block 2, Saddar and nobody has come to check for the past six weeks. a live wire is lying in the standing water",waste,critical,train,Sanitation & Solid Waste,0
kachra utha nahi hai kai din se at near a bank branch in Surjani Town.,waste,high,train,Sanitation & Solid Waste,1
plz be informed that the boundary wall of the plot is about to collapse on passers-by in front of Buffer Zone and it is urgent because a school is right beside it,safety,high,train,Public Safety,0
"Location New Karachi - park par ghair samaji anasir ka qabza hai, ongoing for the last three days. many families and children are affected by it every single day Requesting the department to act !!!!",safety,high,test,Public Safety,1
"please add it to the regular maintenance list The reason is that the storm drain outlet has been sealed by an illegal construction, right at near the flyover ramp in Liaquatabad.",drainage,low,test,Drainage & Sewerage,0
"Kindly note that sarak par bara gaddha ban gaya hai in front of Block 5, Shah Faisal Colony near a maternity home, and dengue and gastro cases have started appearing in the area",road,high,train,Roads & Infrastructure,1
"GALI ME KOORAY KA BARA DHER LAG GAYA HAI. LOCATION: NEAR THE COMMUNITY CENTRE IN MANGHOPIR. THERE IS NO URGENCY, JUST REGISTERING IT FORMALLY WE REQUEST IMMEDIATE ATTENTION.",waste,low,train,Sanitation & Solid Waste,1
barish ka pani abhi tak nahi nikla. location: nazimabad house 4-b. please arrange for the concerned staff to check it please take action.,drainage,medium,train,Drainage & Sewerage,1
"Dear municipal team, the following problem at Plot 22, Shah Faisal Colony: bijli nahi aa rahi hamare block me. not an emergency at all, just a routine request. There is no urgency, please handle it in the routine schedule",electricity,low,test,Electricity & Streetlights,1
line ka joint phat gaya hai aur pani zaya ho raha hai; this situation at near the flyover rammp in Gadap Town has continued for the last three days. this has been troubling the residens of our building. Kindly seend someone to look at it in the next few days Requesting the department to act.,water,medium,test,Water Supply,1
wires are hanging loose from the pole at Liaquatabad Phase 2. This has been the case since Friday. kindly look into it whenever a team is free,electricity,low,train,Electricity & Streetlights,0
"THE STREET LIGHTS HAVE NOT BEEN WORKING AT SECTOR 11-B, GADAP TOWN AND NOBODY HAS COME TO CHECK FOR THE LAST THREE DAYS. WE HAVE COMPLAINED AT THE LOCAL OFFICE TWICE ALREADY WITH NO RESULT. OUR FAMILY HAS BEEN FACING THIS FOR SEVERAL DAYS NOW",electricity,medium,train,Electricity & Streetlights,0
someone is going to be killed if this is not fixed today an abandoend building has become a hideout for criminals at Lyari near Civil Hpspital. Shukriya.,safety,critical,train,Public Safety,0
"to the concerned department, clean drinking water has not reached our houses in front of on tariq road, and please arrange for the concerned staff to check it. kindly send someone to look at it in the next few days",water,medium,train,Water Supply,0
"a huge heap of trash is lying at the corner at gali no 7, jamshed road. this has been the case for the last three days. it is causing inconvenience and should be fixed soon",waste,medium,train,Sanitation & Solid Waste,0
"Kindly note that the asphalt has peeled off and the base layer is exposed in front of on Maripur Road, and we have been waiting for a response for a while now",road,medium,train,Roads & Infrastructure,0
"Please be informed that our overhead tank never fills even after four hours of supply at Sector 5-C, Jamshed Road, for almost a month. we have complained at the local office twice already with no result. It is causing inconvenience and should be fixed soon We request immediate attention.",water,medium,train,Water Supply,0
"Kindly note that the road has caved in after the rain in front of Clifton, and it is extremely urgent, please treat it as an emergency",road,critical,train,Roads & Infrastructure,0
"Assalam o alaikum, a trench dug by the gas company was never filled back for the past six weeks at Garden East st 14. We request immediate attention.",road,low,train,Roads & Infrastructure,0
"respected sir, st light band hai kai hafton se for more than 20 days at buffer zone. thank u.",electricity,critical,train,Electricity & Streetlights,1
"Please be informed that street light band hai kai hafton se at Sector 11-B, Gulistan-e-Johar, for over two weeks. someone is going to be killed if this is not fixed today We request immediate attention. Bara meherbani ho gi, jaldi masla hal karain.",electricity,critical,train,Electricity & Streetlights,1
"DEAR MUNICIPAL TEAM, RESIDENTS NEAR GARDEN EAST LANE 3 NEAR AGA KHAN HOSPITAL ARE AFFECTED BECAUSE THE BOUNDARY WLL OF THE PLOT IS ABOUT TO COLLAPSE ON PASSERS-BY. A LARGE NUMBER OF RESIDENTS ARE SUFFERING BECAUSE OF IT REQUESTING THE DEPARTMENT TO ACT. AGAIN, THE BOUNDARY WALL OF THE PLOT IS ABOUT TO COLLAPSE ON PASSERS-BY.",safety,high,test,Public Safety,0
"waste water has started seeping into the ground floor rooms. location: lane 3, buffer zon.e we have been waiting for a response for a while now. it is casuing inconvenience and should be fixed soon please take action.",drainage,medium,train,Drainage & Sewerage,0
gutter ubal raha hai at near the flyover ramp in Liaquatabad Bara meherbani ho gi jalid masla hal karain,drainage,medium,train,Drainage & Sewerage,1
"a motorcyclist fell and broke his arm last night the pole mounted box is open and children can reach the terminals at Plot 22, Saddar near Jinnah Hospital emergency gate. Kindly resolve it soon!!!",electricity,critical,train,Electricity & Streetlights,0
"a motoorcyclist fell and broke his arm last night banner laga kar rasta band kar diya hai at near the community centre in Shah Faisal Colony. We request immediate attention. Bara meherbani ho gi, jaldi masla hal karain.",other,critical,train,General Administration,1
"yahan khadde hi khadde hain at Lane 3, Defence View near the children's park. Bara meherbani ho gi, jaldi masla hal karain. Again, yahan khadde hi khadde hain??!",road,high,train,Roads & Infrastructure,1
"AT LANDHI, THE SEWERAGE LINE IS CHOKED AND DIRTY WATER IS ON THE STREET SINCE YESTERDAY. KINDLY LOOK INTO IT WHENEVER A TEAM IS FREE",drainage,low,train,Drainage & Sewerage,0
stray dogs and cats tear open the bags and scatter the waste at Liaquatabad Gali No 7.,waste,high,train,Sanitation & Solid Waste,0
"Assalam o alaikum, barish ka pani abhi tak nahi nikla since the last monsoon at on Abul Hasan Isphahani Road. We request immediate attention.",drainage,high,train,Drainage & Sewerage,1
our overhead tank never fills even after four hours of supply at Model Colony and nobody has come to check since Friday. we have been waiting for a response for a while now. We have complained at the local office twice already with no result,water,medium,train,Water Supply,0
the electric pole is leaning dangerously. Location: North Nazimabad Street 14. a large number of residents are suffering because of it Kindly resolve it soon??!,electricity,high,train,Electricity & Streetlights,0
sarak par bara gaddha ban gaya hai — saddar. it has become a serious health hazard for the entire block,road,high,test,Roads & Infrastructure,1
"safai bilkul nahi hoti yahan at near the bus stop in surjani town. bara meherbani ho gi, jaldi masla hal kaarin.",waste,high,train,Sanitation & Solid Waste,1
"Please be informed that stray dogs and cats tear open the bags and scatter the waste in front of Gali No 7, Gulshan-e-Iqbal, and it is causing inconvenience and should be fixed soon",waste,medium,train,Sanitation & Solid Waste,0
"Location House 4-B, Jamshed Road - the water supply timing was shifted and now nothing reaches our end of the lane, ongoing for the last three days. we would appreciate it if the concerned staff could check it Meherbani ho gi.",water,medium,test,Water Supply,0
"At Street 14, SITE Area near the school van stop, a shopkeeper has extended his shop over the whole footpath for the past six weeks. a large no of residents are suffering bcz of it!!",other,high,train,General Administration,0
"pani bilkul nahi aa raha at North Nazimabad Block 5 and nobody has come to check since Friday. we have been waiting for a response for a while now Bara meherbani ho gi, jaldi masla hal karain !!!!",water,medium,train,Water Supply,1
"the speed breaker is broken and has sharp edges. Location: near the vegetable market in Federal B Area. it is extremely urgent, please treat it as an emergency. A live wire is lying in the standing water Thank you.",road,critical,train,Roads & Infrastructure,0
"To the concerned department, hum ko roz tanker mangwana par raha hai in front of Jamshed Road Gali No 7, and part of the structure has already collapsed",water,critical,train,Water Supply,1
"to the concerned department, park par qabza kar liya gaya hai in front of buffer zone block 13-d, and it is causing inconvenience and should be fixed soon bara meherbani ho gi, jaldi masla hal karain.",other,medium,train,General Administration,1
"unannounced load shedding is running for eight hours a day at Sector 5-C, DHA Phase 6. This has been the case for the past six weeks. someone received an electric shock this morning !!!!",electricity,critical,train,Electricity & Streetlights,0
the electric pole is leaning dangerously. Location: near the vegetable market in Defence View near the school van stoop. a large number of residents are suffering because of it Kindly resolve it soom.,electricity,high,train,Electricity & Streetlights,0
the garbage container is overflowing onto the road. Location: Gulshan-e-Iqbal Phase 2 near Civil Hospital. this has become a serious health hazard for the whole area. Dengue and gastro cases have started appearing in the area Thank you.,waste,high,train,Sanitation & Solid Waste,0
KINDLY NOTE THAT A TRENCH DUG BY THE GAS COMPANY WAS NEVER FILLED BACK FOR SEVERAL MONTHS AT ON MARIPUR ROAD NEAR THE SCHOOL VAN STOP. WE REQUEST IMMEDIATE ATTENTION.,road,critical,train,Roads & Infrastructure,0
people are burning the garbage pile and the smoke enters our homes at Gulberg Town??!,waste,high,train,Sanitation & Solid Waste,0
"Respected sir, sweepers have not come to clean this lane near near the katchi abadi in Landhi near the school van stop. dengue and gastro cases have started appearing in the area Shukriya.",waste,high,train,Sanitation & Solid Waste,0
a trench dug by the gas company was never filled back. location: near the mobile market in gulshan-e-iqbal near jinnah hospital emergency gate. an ambulance could not reach the hospital gate because of it please take action.,road,critical,train,Roads & Infrastructure,0
"police gasht bilkul nahi hoti at block 2, jamshed road. this has been the case for two days now. please arrange for the concerned staff to check it",safety,medium,train,Public Safety,1
"At on I.I. Chundrigar Road, rain water from the last spelll has still not drained out for more than 20 days. dengue & gastro cases have started appearing in the area. The entire st of about forty houses is affected",drainage,high,train,Drainage & Sewerage,0
a person has already been injured because of this there has been no water supply in our line at near the vegetable market in Orangi Town. We request immediate attention.,water,critical,train,Water Supply,0
"PAANI KA PRESSURE BOHOT KAM HAI AT NEAR THE KATCHI ABDI IN GULSHAN-E-IQBAL NEAR A MADRASSA. THIS HAS BEEN THE CASE FOR THE PAST SIX WEEKS. THIS HAS BECOME A SERIOUS HEALTH HAZRAD FOR THE WHOEL AERA BRAA MEHERBANI HO GI, JALDI MASLA HAL KARAIN.",water,high,train,Water Supply,1
This is to bring to your attention that the following problem at Liaquatabad: the community hall booking process is completely opaque. this has been troubling the residents of our building??!,other,medium,test,General Administration,0
"clean drinking water has not reached our houses at Lane 3, Baldia Town and nobody has come to check for the last three days. our family has been facing this for several days now Again, clean drinking water has not reached our houses !!!!",water,medium,train,Water Supply,0
our family has been facing this for several days now yahan mobile snatching bohot ho rahi hai at on Tariq Road. Thank you.,safety,medium,train,Public Safety,1
"the footpath tiles are uprooted and pedestrians walk on the road at pechs gali no 7 and nobody has come to check for over two weeks. it is causing inconvenience and should be fixed soon again, the footpath tiles are uprooted and pedestrians walk on the road.",road,medium,train,Roads & Infrastructure,0
the sewerage line is choked and dirty watrr is on the street at near the bus stop in bahadurabad and nobody has come to check since the last monsoon. there is a government school right next to it and hundreds of children pass daily. elderly patients live in this lane and cannot step outside,drainage,high,train,Drainage & Sewerage,0
"respected si,r the sewerage line is choked and dirty water is on the street at site area plto 22, since friday. it is causing daily inconvenience to the residents thznk you.",drainage,medium,train,Drainage & Sewerage,0
location near the main mosque in orangi town - patch dala tha wo dobara ukhar gaya ongoing sicne the last monsoon this is a minor issue whenever it is convenient requesting the department to act bara meherbani ho gi jalldi masla hal karain,road,low,test,Roads & Infrastructure,1
"Respected sir, sarak ki halat bohot kharab hai, gaari nikalna mushkil hai in front of on Rashid Minhas Road near the school van stop, and it is urgent because a school is right beside it Bara meherbani ho gi, jaldi masla hal karain.",road,high,train,Roads & Infrastructure,1
"At on University Road, our overhead tank never fills even after four hours of supply for more than 20 days. this has become a serious health hazard for the whole area. The whole block has been suffering and tempers are rising",water,high,train,Water Supply,0
"AT NEAR THE COMMUNITY CENTRE IN GULSHAN-E-IQBAL, THE PUBLIC LIBRARY HAS BEEN CLOSED SINCE LAST YEAR WITH NO EXPLANATION FOR TWO DAYS NOW. PLEASE ARRANGE FOR THE CONCERNED STAFF TO CHECK IT",other,medium,train,General Administration,0
This is to bring to your attention that the following problem at SITE Area: there has been no water supply in our line. kindly send someone to look at it in the next few days,water,medium,test,Water Supply,0
"At Plot 22, Bahadurabad, footpath par dukan barha di gayi hai for the last three days. please look into it in the coming days",other,medium,train,General Administration,1
"pani ki lie leak ho rahi hai at Gulistan-e-Johar Block 5 and nobody has come to check for over two weeks. this has become a serious health hazard for the whole area. Please treat this as urgent, the situation is getting worse daily Again, paani ki line leak ho rahi hai.",water,high,train,Water Supply,1
"To the concerned department, garbage has not been collected from our street near Gulshan-e-Iqbal. please look into it in the coming days. It is causing daily inconvenience to the resodents We request immediate attention.",waste,medium,train,Sanitation & Solid Waste,0
"To the concerned department, wires are hanging loose from the pole near on Hub River Road. the entire st of about forty houses is affected Kindly resolve it soon. Again, wires are hanging loose from the pole.",electricity,high,train,Electricity & Streetlights,0
"Location on Khayaban-e-Ittehad - the water supply timing was shifted and now nothing reaches our end of the lane, ongoing for more than 20 days. more than sixty families depend on this single lane Please do the needful.",water,high,test,Water Supply,0
Kindly note that a huge heap of trash is lying at the corner since yesterday at Garden East Kindly resolve it soon,waste,medium,train,Sanitation & Solid Waste,0
"At Saddar, the booster pump at the hydrant has stopped working since Ramzan. our family has been facing this for several days now Again, the booster pump at the hydrant has stopped working.",water,medium,train,Water Supply,0
"the main water pipe is leaking badly at on University Road. This has been the case for the last three days. there is no urgency, just registering it formally",water,low,train,Water Supply,0
the road surface has completely broken up at ndar the flyover ramp in Landhi!!,road,medium,train,Roads & Infrastructure,0
Reporting from near the community centre in DHA Phase 6: the refuse dump beside our wall has doubled in size this month.,waste,medium,test,Sanitation & Solid Waste,0
We the residents of near the flyover ramp in Model Colony report that sweepers have not come to clean this lane. this has been troubling the residents of our building. Kindly arrange a visit sometime this week,waste,medium,test,Sanitation & Solid Waste,0
"Kindly note that broken road with loose gravel everywhere in front of near the union council office in New Karachi, and it is on the main road and traffic jams for hours every morning!!",road,high,train,Roads & Infrastructure,0
"at on shahrah-e-faisal near a government girls school, taar latak rahi hain khambe se for several months. this is an emergency and needs immediate attention bara meherbani ho gi, jaldi masla hal karain.",electricity,critical,train,Electricity & Streetlights,1
We the residents of Norrth Nazimabad Block 2 report that armed anti social elements threaten anyone entering the park after sunset. we would appreciate it if the concerned staff could check it,safety,medium,test,Public Safety,0
"Respected sir, transformer bar bar trip kar raha hai since Ramzan at Block 5, Buffer Zone. Shukriya.",electricity,high,train,Electricity & Streetlights,1
"At Plot 22, Korangi near the school van stop, there are deep potholes all along this stretch since the last monsoon. elderly patients live in this lane and cannot step outside. The whole block has been suffering and tempers are rising!!",road,high,train,Roads & Infrastructure,0
"the sewerage line is choked and dirty water is on the street at Lane 3, Clifton near the children's park. This has been the case for the last three days. there is a government school right next to it and hundreds of children pass daily",drainage,high,train,Drainage & Sewerage,0
"Assalam o alaikum, gali me kooray ka bara dher lag gaya hai at Block 5, Kemari, since this morning. our family has been facing this for several days now Thank you.",waste,medium,train,Sanitation & Solid Waste,1
"bijli ka khamba tirha ho gaya hai at on Maripur Road. Bara meherbani ho gi, jaldi masla hal karain.",electricity,low,train,Electricity & Streetlights,1
"Kindly note that sarak ki halat bohot kharab hai, gaari nikalna mushkil hai at near the community centre in Malir, for two days now. please look into it in the coming days Kindly resolve it soon.",road,medium,train,Roads & Infrastructure,1
"the speed breaker is broken and has sharp edges. Location: Sector 11-B, Kemafi. just a routine request, nothing urgnt at all Please take action.",road,low,train,Roads & Infrastructure,0
We the residents of near the vegetable market in DHA Phase 6 report that counter par rasid nahi di jati. it is urgent because a school is right beside it. This has become a serious health hazard for the whole area,other,high,test,General Administration,1
"I want to report that water is coming with very low pressure at Gulistan-e-Johar Phase 2, since this morning. it is a small issue but please note it for the record Shukriya.",water,low,train,Water Supply,0
the community hall booking process is completely opaque at Korangi Block 2!!!,other,medium,train,General Administration,0
"To the concerned department, pani ki line leak ho rahi hai at near the union council office in Lyari near a primary school, for over two weeks. it is urgent because a school is right beside it Kindly resolve it soon. Bara meherbani ho gi, jaldi masla hal karain. Again, pani ki line leak ho rahi hai.",water,high,train,Water Supply,1
At near the petrol pump in Lyari the sewer line was never connected to the main trunk for the last three days there is no urgency just registering it formally,drainage,low,train,Drainage & Sewerage,0
"an illegal gas cylinder refilling shop could explode any day in the crowded market at Block 2, Manghopir !!!!",safety,high,train,Public Safety,0
"At Block A, Surjani Town, the street lights have not been working since yesterday. we have complained at the local office twice already with no result",electricity,medium,train,Electricity & Streetlights,0
"Respected sir, barish ka pani abhi tak nahi nikla at Gali No 7, Gadap Town, for the past six weeks. an ambulance could not reach the hospital gate because of it. Someone is going to be killed if this is not fixed today Shukriya. Bara meherbani ho gi, jaldi masla hal karain. Again, barish ka pani abhi tak nahi nikla.",drainage,critical,train,Drainage & Sewerage,1
"At on Sharae Noor Jehan, stray dogs and cats tear open the bags and scatter the waste for more than 20 days. please look into it in the coming days!!",waste,medium,train,Sanitation & Solid Waste,0
"log kavhra jala rahe hain, dhuan ghar me aata hai at on Khayaban-e-Itthad and nobody has come to check since Ramzan. it is on the main road and traffic jams for hours every morning Bara meherbani ho gi, jaldi masla hal karain!!!",waste,high,train,Sanitation & Solid Waste,1
"THE PARK IN OUR NEIGHBOURHOOD HAS BEEN ENCROACHED BY A PRIVATE PARTY AT NEAR THE MAIN MOSQUE IN GARDEN EAST. AGAIN, THE PARK IN OUR NEIGHBOURHOOD HAS BEEN ENCROACHED BY A PRIVATE PARTY !!!!",other,critical,train,General Administration,0
"At near the main mosque in New Karachi, stray cattle are tied up on public land and nobody removes them for over two weeks. the entire street of about forty houses is affected. There is a government school right next to it and hundreds of children pass daily",other,high,train,General Administration,0
bijli ka khamba tirha ho gaya hai at on Khayaban-e-Ittehad.,electricity,medium,train,Electricity & Streetlights,1
"Location Bahadurabad - malba khali plot par daal diya gaya hai, ongoing since this morning. kindly arrange a visit sometime this week. We have been waiting for a response for a while now Please do the needful.",waste,medium,test,Sanitation & Solid Waste,1
"To the concerned department, gali me kooray ka bara dher lag gaya hai in front of PECHS, and there is no urgency, just registering it formally. Kindly look into it whenever a team is free",waste,low,train,Sanitation & Solid Waste,1
effluent from the choked sewer line is standing knee deep at the junction — near the katchi abadi in Bahadurabad. it is affecting a few households on our side of the lane,drainage,medium,test,Drainage & Sewerage,0
"sarak par bara gaddha ban gaya hai at Phase 2, Malir. This has been the case for two days now. low priorityy, only mentioning it so it is on record Bara meherbani ho gi, jaldi masla hal karain.",road,low,train,Roads & Infrastructure,1
Please be informed that bijli ka khamba tirha ho gaya hai for more than 20 days at Gulberg Town Street 14. Please take action.,electricity,critical,train,Electricity & Streetlights,1
"kachra utha nahi hai kai din se. Location: on Hub River Road. please look into it in the coming days Thank you. Bara meherbani ho gi, jaldi masla hal karain.",waste,medium,train,Sanitation & Solid Waste,1
"Respected sir, awara kutte logon ko kaat rahe hain since yesterday at PECHS. Shukriya.",safety,low,train,Public Safety,1
"To the concerned department, the meter reading is being estimated and the bill is impossible in front of Shah Faisal Colony, and many families and children are affected by it every single day",electricity,high,train,Electricity & Streetlights,0
"Please be informed that gutter ubal raha hai in front of Sector 11-B, DHA Phase 6, and please look into it in the coming days Bara meherbani ho gi, jaldi masla hal karain.",drainage,medium,train,Drainage & Sewerage,1
"To the concerned department, nali band hai aur pani khara hai since yesterday at Lane 3, PECHS. We request immediate attention. Bara meherbani ho gi, jaldi masla hal karain.",drainage,medium,train,Drainage & Sewerage,1
"at on sir shah suleman road, police gasht bilkul nahi hoti for two days now. it is causing inconvenience and should be fixed soon bara meherbani ho gi, jaldi masla hal karain.",safety,medium,train,Public Safety,1
"at on university road, stray dogs and cats tear open the bags and scatter the waste since ramzan. we have complained at the local office twice already with no result",waste,medium,train,Sanitation & Solid Waste,0
"I want to report that the sewerage line is choed and dirty water is on the street since the last monsoon at Block 13-D, PECHS. plz take action.",drainage,high,train,Drainage & Sewerage,0
"Please be informed that speed breaker toota hua hai near Block 2, Bahadurabad. low priority, only mentioning it so it is on record Please take action.",road,low,train,Roads & Infrastructure,1
hum ko roz tanker mangwana par raha hai. Location: New Karachi. it is causing daily inconvenience to the residents. Kindly send someone to look at it in the next few days Thhank you.,water,medium,train,Water Supply,1
footpath par dukan barha di gayi hai at Nazimabad Block 13-D!!!,other,low,train,General Administration,1
"kindly note that there has been no water supply in our line in front of block 2, new karachi, and it is causing inconvenience and should be fixed soon. we have complained at the local office twice already with no result",water,medium,train,Water Supply,0
kachra utha nahi hai kai din se at Sector 11-B Clifton and nobody has come to check for the last three days we have complained at the local office twice already with no result Again kachra utha nahi hai kai din se,waste,medium,train,Sanitation & Solid Waste,1
"This is to bring to your attention that the following problem at Street 14, Korangi: yahan mobile snatching bohot ho rahi hai. we have been waiting for a response for a while now Again, yahan mobile snatching bohot ho rahi hai.",safety,medium,test,Public Safety,1
"there is no electricity in our block at Plot 22, Manghopir near a maternity home. This has been the case since Ramzan. dengue and gastro cases have started appearing in the area",electricity,high,train,Electricity & Streetlights,0
the kachra kundi was removed and now everyone dukps in the open at near the community centre in Baldia Town and nobody has come to chcek since Ramzan. this is an emergency and needs immediate attention,waste,critical,train,Sanitation & Solid Waste,0
"pani bilkul nahi aa raha at Block A, Kemari and noody has come to check for two days now. please arrange for the concerned staff to check it. Our family has bene facing this for several days now Bara meherbani ho gi, jaldi masla hal karain.",water,medium,train,Water Supply,1
"unannounced load shedding is running for eight hours a day at Phase 2, Saddar near the school van stop.",electricity,high,train,Electricity & Streetlights,0
"stray dogs and cats tear open the bags and scatter the waste. Location: Lane 3, Baldia Town. please arrange for the concerned staff to check it We request immediate attention.",waste,medium,train,Sanitation & Solid Waste,0
"it is causing inconvenience and should be fixed soon pani bilkul nahi aa raha at on Sharae Noor Jehan. Thank you. Again, pani bilkul nahi aa raha.",water,medium,train,Water Supply,1
MAANY FAMILIES AND CHILDREN ARE AFFECTED BY IT EVERY SINGLE DAY WATER IS COMING WITH VERY LOW PRESSURE AT ON KHAYABAN-E-ITTEHAD NEAR A PRIMARY SCHOOL. PLEASE TAKE ACTION.,water,high,train,Water Supply,0
"counter par rasid nahi di jati; this situation at SITE Area Phaase 2 has continued for the last three days. low priority, only mentioning it so it is on record Regards.",other,low,test,General Administration,1
"Kindly note that kachra kundi bhar gayi hai aur sarak par gir raha hai near Phase 2, Malir. just a routine request, nothing urgent at all. Kindly look into it whenever a team is free Shukriya. Bara meherbani ho gi, jaldi masla hal karain !!!!",waste,low,train,Sanitation & Solid Waste,1
"it is on the main road and traffic jams for hours every morning road pe khudai kar ke chor di gayi hai at Phase 2, Gulistan-e-Johar. Shukriya.",road,high,train,Roads & Infrastructure,1
Kindly note that the footpath tiles are uprooted and pedestrians walk on the road near near the bus stop in Model Colony. it is causing inconvenience and should be fixed soon We request immediate attention.,road,medium,train,Roads & Infrastructure,0
we have complained at the local office twice already wid no result Our family has been facing this for several days now transformer bar bar trip kar raha hai at Defence View Phase 2 Shukriya,electricity,medium,train,Electricity & Streetlights,1
"street light band hai kai hafton se at Sector 11-B, DHA Phase 6 and nobody has come to check for over two weeks. sewage has mixed into the drinking water line and people are vomiting",electricity,critical,train,Electricity & Streetlights,1
a live wire is lying in the standing water the gutter has been overflowing at near the community centre in Lyari near a primary school. We request immediate attention.,drainage,critical,train,Drainage & Sewerage,0
there is a serious risk of a fatal accident here half the lights on this stretch were never replaced after the storm at near the main mosque in Surjani Town near Aga Khan Hospital. Shukriya.,electricity,critical,train,Electricity & Streetlights,0
Assalam o alaikum nali band hai aur pani khara hai at Block A Clifton since yesterday low priority only mentionng it so it is on record This is a minor issue whenever it is convenient Kindly resolve it soon,drainage,low,train,Drainage & Sewerage,1
"To the concerned department, dispesary hafte me sirf do din khulti hai at Gulshan-e-Iqbal Gqli No 7, since Friday. we have complained at the local office twice already with no result Kindly resolve it soon.",other,medium,train,General Administration,1
"the road level is now far below the manhole rim; this situation at near the vegetable market in Liaquatabad has continued for almost a month. please treat this as urgent, the situation is getting worse daily. Two schools and a clinic are on the same stretch Regards.",road,high,test,Roads & Infrastructure,0
"We the residents of near the katchi abadi in Federal B Area report that effluent from the choked sewer line is standing knee deep at the junction. just a routine request, nothing urgent at all",drainage,low,test,Drainage & Sewerage,0
"safai bilkul nahi hoti yahan at Sector 5-C, Orangi Town near a madrassa. This has been the case since Friday. elderly patients live in this lane & cannot step outside. Dengue & gastro cases have started appearing in the area Bara meherbani ho gi, jaldi masla hal karain.",waste,high,train,Sanitation & Solid Waste,1
jo pani aata hai wo gandha aur badbudar hai at near the union council office in Defence View. Tis has been the caes since Fridy. this is only a suggestion for improvement,water,low,train,Water Supply,1
"I want to report that the garbage container is overflowing onto the road near Orangi Townn. please look into it in the coming days. Kinldy send someone to look at it in the next few days We request immediate attention. Again, the garbage container is overflowing onto the raod.",waste,medium,train,Sanitation & Solid Waste,0
"the water line has burst and water is being wasted. Location: Block 13-D, Defence View. our family has been facing this for several days now Kindly resolve it soon !!!!",water,medium,train,Water Supply,0
Kindly note that purani deewar girne wali hai near near a bank branch in Korangi we have been waiting for a response for a while now We request immediate attention,safety,medium,train,Public Safety,1
"This is to bring to your attention that residents near Sector 5-C, Liaquatabad are affected because black sewage is bubbling up fom the drain inspection chamber. not an emergency at all, just a routine request. Low priority, only mentioning it so it is on recodr Meherbani ho gi.",drainage,low,test,Drainage & Sewerage,0
Respected sir road pe khudai kar ke chor di gayi hai near Sector 5-C DHA Phase 6 this is a minor issue whenever it is convenient This is only a suggestion for improvement Kindly resolve it soon,road,low,train,Roads & Infrastructure,1
"it is causing inconvenience and should be fixed soon the notice board at the union council has not been updated for months at Sector 5-C, Gulistan-e-Johar. Please take action.",other,medium,train,General Administration,0
"Assalam o alaikum, stray dogs and cats tear open the bags and scatter the waste near near the katchi abadi in Gulberg Town near a maternity home. there is a serious risk of a fatal accident here Thank you.",waste,critical,train,Sanitation & Solid Waste,0
"At near the mobile market in Jamshed Road, the drain cover is broken & the sludge is exposed for more than 20 days. please look into it in the coming days",drainage,medium,train,Drainage & Sewerage,0
pani bilkul nahi aa raha. Location: on Khayaban-e-Ittehad. kindly send someone to look at it in the next few days Shukriya.,water,medium,train,Water Supply,1
"KINDLY NOTE THAT HUM KO ROZ TANKER MANGWANA PAR RAHA HAI IN FRONT OF STREET 14, SADDAR, AND IT IS CAUSING INCONVENIENCE AND SHOULD BE FIXED SOON BARA MEHERBANI HO GI, JALDI MASLA HAL KARAIN. AGAIN, HUM KO ROZ TANKER MANGWANA PAR RAHA HAI.",water,medium,train,Water Supply,1
"the pedestrian crossing has no signal and children cross alone. Location: near the mobile market in Model Colony. this is an emergency, please send a team today. Part of the structure has already collapsed Shukriya.",safety,critical,train,Public Safety,0
a trench dug by the gas company was never filled back at near the union council office in SITE Area. This has been the case for the last three days. our family has been facing this for several days now,road,medium,train,Roads & Infrastructure,0
"Reporting an issue - residents near Street 14, Defence View are affected because gande pani ki wajah se ghar me se bo aa rahi hai. please add it to the regular maintenance list Meherbani ho gi.",drainage,low,test,Drainage & Sewerage,1
"Assalam o alaikum, loudspeakers from a marriage hall run past midnight every weekend near SITE Area Lane 3. we have been waiting for a response for a while now Please take action.",other,medium,train,General Administration,0
there is no police patrolling and street crime has increased at on I.I. Chundrigar Road.,safety,medium,train,Public Safety,0
"Assalam o alaikum, paani ka pressure bohot kam hai at Lyari Phase 2 near a prmary school, for over two weeks. the whole block has been suffering and tempers are risinng. This has become a serious health hazard for the whole area Please take aciton. Bara meehrbani ho gi, jaldi masla hal karain.",water,high,train,Water Supply,1
"To the concerned department, the sewer lie was nver connected to the maiin trunk near New Karachi Blok 2. it is causing inconvenience and should be fixed soon Please take action.",drainage,medium,train,Drainage & Sewerage,0
"Respeccted sir, broken road with loose gravel everywhere for two days now at Korangi House 4-B. We request immediate attention !!!!",road,low,train,Roads & Infrastructure,0
"Assalam o alaikum, wires are hanging loose from the pole for over two weeks at on Nishtar Roa. Please take action. Again, wires are hanging loose from the pole.",electricity,medium,train,Electricity & Streetlights,0
"Dear municipal team, residents near near the union council office in Jamshed Road near Aga Khan Hospital are affected because patch dala tha wo dobara ukhar gaya. more than sixty families depend on this single lane Awaiting your response.",road,high,test,Roads & Infrastructure,1
"Respected sir, log kachra jala rahe hain, dhuan ghar me aata hai for the last three days at Block A, DHA Phase 6. We request immediate attention. Bara meherbani ho gi, jaldi masla hal karain.",waste,medium,train,Sanitation & Solid Waste,1
"Please be informed that the garbage container is overflowing onto the road at near the main mosque in Bahadurabad, since yesterday. this is only a suggestion for improvement We request immediate attention. Again, the garbage container is overflowing onto the road.",waste,low,train,Sanitation & Solid Waste,0
"sarak ki halat bohot kharab hai, gaari nikalna mushkil hai at on Tariq Road.",road,low,train,Roads & Infrastructure,1
the road surface has completely broken up Location: near the main mosque in Clifton please look into it in the coming days We request immediate attention!!,road,medium,train,Roads & Infrastructure,0
"I want to report that a trench dug by the gas company was never filled back near Block 13-D, Saddar. kindly send someone to look at it in the nxt few days Please take action.",road,medium,train,Roads & Infrastructure,0
nalah kachre se bhar gaya hai at on Tariq Road.,drainage,high,train,Drainage & Sewerage,1
the garbage container is overflowing onto the road at near the vegetable market in Gadap Town near a maternity home This has been the case for several months elderly patients live in this lane and cannot step outside Again the garbage container is overflowing onto the road,waste,high,train,Sanitation & Solid Waste,0
"At naer the community centre in New Karachi, the main water pipe is leaking badly for two days now. we have complained at the local office twice already with no result",water,medium,train,Water Supply,0
the valve man is not opening our valve at the scheduled time at on I I Chundrigar Road and noody has come to check since Friday this is a minor issue whenever it is convenient,water,low,train,Water Supply,0
broken road with loose gravel everywhere. location: on i.i. chundrigar road. our family has been facing this for several days now shukriya.,road,medium,train,Roads & Infrastructure,0
"At near the main moosque in Gaarden East, the meter reaeing is being estimated and the bill is impossible for almost a month. it is on the main roda and traffic jams for hours every morning",electricity,high,train,Electricity & Streetlights,0
"Please be informed that a trench dug by the gas company was never fileld back since this morning at Block 5, Clifton. Kindly resolve it soon??!",road,medium,train,Roads & Infrastructure,0
PROBLEM AREA KORANGI. DETAILS: THE WATER LINE HAS BURST AND WATER IS BENIG WASTED FOR SEVERAL MONTHS. MEHERBANI HO GI.,water,high,test,Water Supply,0
it is causing inconvenience and should be fixdd soon the speed brraker is broken and has sharp edges at near the union council office in orangi town. we request immediate attention.,road,medium,train,Roads & Infrastructure,0
paani ka pressure bohot kam hai at on Korangi Road!!,water,low,train,Water Supply,1
"please be informed that a pack of stray dogs is attacking people at street 14, defence view, since ramzan. we have been waiting for a response for a while now please take action.",safety,medium,train,Public Safety,0
"the water that comes is muddy and smells of chemicals at Gali No 7, North Nazimabad. This has been the case since yesterday. we have complained at the local office twice already with no result",water,medium,train,Water Supply,0
"WE HAVE COMPLAINED AT THE LPCAL OFFICE TWICE ALREADY WITH NO RESULT. PLEASE LOOK ITO IT IN THE COMING DAYS KACHRA KUNDI BHAR GAYI HAI AUR SARAK PAR GIR RAHA HAI AT BLOCK 13-D, BAHADURABAD. KINDLY RESOLVE IT SOON.",waste,medium,train,Sanitation & Solid Waste,1
Please be informed that manhole ka dhakkan toota hua hai near on I I Chundrigar Road elderly patients livve in this lane and cannot step outside Please take action!!!,drainage,high,train,Drainage & Sewerage,1
Problem area on M.A. Jinnah Road. Details: armed anti social elements threaten anyone entering the park after sunset since Ramzan. Meherbani ho gi!!!,safety,critical,test,Public Safety,0
"barish ka pani abhi tak nahi nikla at phase 2, defence view.",drainage,low,train,Drainage & Sewerage,1
"For since this morning now, the water line has burst and water is being wasted aound on MA. Jinnah Road. Please do the needful.",water,low,test,Water Supply,0
"gali me kooray ka bara dher lag gaya hai at Plot 22, DHA Phase 6 and nobody has come to check since this morning. we have complained at the local office twice already with no result Again, gali me kooray ka bara dher lag gaya hai.",waste,medium,train,Sanitation & Solid Waste,1
"respected sir, wires are hanging loose from the pole near block 5, gadap town. many families and children are affected by it every single day thank you.",electricity,high,train,Electricity & Streetlights,0
"i want to report that sewerage ka pani gaoi me phail gaya hai in front of new karachi, and dengue and gastro cases have started appearing in the area. this has become a serious health hazard for the whole area",drainage,high,train,Drainage & Sewerage,1
police gasht bilkul nahi hoti at on Sir Shah Suleman Road,safety,low,train,Public Safety,1
"To the concerned department, speed breaker toota hua hai near Plot 22, Gulshan-e-Iqbal. please arrange for the concerned staff to check it Shukriya. Bara meherbani ho gi, jaldi masla hal karain.",road,medium,train,Roads & Infrastructure,1
"transformer bar bar trip kar raha hai at kemari sector 5-c and nobody has come to check for more than 20 days. please arrange for the concerned staff to check it bara meherbani ho gi, jaldi masla hal karain.",electricity,medium,train,Electricity & Streetlights,1
"banner laga kar rasta band kar diya hai at on Khayaban-e-Ittehad. This has been the case since this morning. plz look into it in the coming days Bara meherbani ho gi, jaldi masla hal karain.",other,medium,train,General Administration,1
"THE MAIN WATER PIPE IS LEAKING BADLY AT PLOT 22, SADDAR. AGAIN, THE MAIN WATER PIPE IS LEAKING BADLY.",water,high,train,Water Supply,0
broken road with loose gravel everywhere location: on rashid minhas road the entire st of about forty houses is affected a large no of residents are suffering bcz of it thank u !!!!,road,high,train,Roads & Infrastructure,0
"I want to report that the footpath tiles are uprooted and pedestrians walk on the road at on Tariq Road, since yesterday. our family has been facing this for several days now. We have complained at the local office twice already with no result Please take action.",road,medium,train,Roads & Infrastructure,0
PLEASE ARRANGE FOR THE CONCERNED STZFF TO CHECK IT THE ELECTRIC POLE IS LEANING DANGEROUSLY AT GALI NO 7 JAMSHED ROAD PLEAAE TAE ACTION,electricity,medium,train,Electricity & Streetlights,0
"Please be informed that the community hall booking process is completely opaque near Block 13-D, Liaquatabad. please arrange for the concerned staff to check it. It is causing daily inconvenience to the residents Please take action.",other,medium,train,General Administration,0
"our family has been facing this for several days now water is coming with very low pressure at Block A, Korangi. Shukriya.",water,medium,train,Water Supply,0
"we have complained at the local office twice already wid no result. It is causing inconvenience & should be fixed soon the boundary wall of the plot is about to collapse on passers-by at Gali No 7, Orangi Town. Please take action.",safety,medium,train,Public Safety,0
At near the bus stop in Federal B Area we are forced to buy a private tanker every second day since Friday it is causing inconvenience and should be fixed soon,water,medium,train,Water Supply,0
transformer bar bar trip kar raha hai at on Maripur Road.,electricity,critical,train,Electricity & Streetlights,1
banner laga kar rasta band kar diya hai at on Sir Shah Suleman Road near the children's park. This has been the case since Ramzan. the whole block has been suffering and tempers are rising!!!,other,high,train,General Administration,1
"the asphalt has peeled off and the base layer is exposed at near the petrol pump in Defence View. This has been the case since this morning. please arrange for the concerned staff to check it Again, the asphalt has peeled off and the base layer is exposed.",road,medium,train,Roads & Infrastructure,0
"location new karachi block 5 near civil hospital - the voltage is so low that no appliance runs, the fan barely turns, ongoing for several months. a person has already been injured because of this. there is an immediate danger to human life here awaiting yiur response.",electricity,critical,test,Electricity & Streetlights,0
"it is causing daily inconvenience to the residents bijli ka khamba tirha ho gaya hai at Block A, Gulberg Town. Shukriya??!",electricity,medium,train,Electricity & Streetlights,1
sarak par bara gaddha ban gaya hai. Location: near the katchi abadi in Saddar. it is causing inconvenience and should be fixed soon. Please arrange for the concerned staff to check it Shukriya.,road,medium,train,Roads & Infrastructure,1
"the road has caved in after the rain at Block A, New Karachi near Aga Khan Hospital and nobody has come to check for over two weeks. someone is going to be killed if this is not fixed today !!!!",road,critical,train,Roads & Infrastructure,0
banners and hoardings r blocking the view at the intersection at Saddar near Jinnah Hospital emergency gate This has been the case since the last monsoon someone received an electric shock this morning Again banners and hoardings r blocking the view at the intersection,other,critical,train,General Administration,0
"Respected sir, the drain cover is broken and the sludge is exposed at near the flyover ramp in Model Colony, for over two weeks. elderly patients lice in this lane and cannot sgep outside Shukriya.",drainage,high,train,Drainage & Sewerage,0
the entire street of about forty houses is affected. this has become a serious health hazard for the whole area the booster pump at the hydrant has stopped working at near the bus stop in jamshed road. shukriya!!!,water,high,train,Water Supply,0
shadi hall ke loudspeaker raat bhar chatle hain at DHA Phase 6 Sector 11-B,other,medium,train,General Administration,1
"the manhole is spilling sewage continuously at Model Colony Block 133-D and nobody has come to check for more than 20 days. this is an emergency, please send a team today. A person has already been injured because of thus",drainage,critical,train,Drainage & Sewerage,0
"Respected sir, there has been no water supply in our line at on Hub River Road, for several months. there is no urgency, just registering it formally plz take action !!!!",water,low,train,Water Supply,0
"For since yesterday now, sarak beth gayi hai barish ke baad around near the bus stop in Liaquatabad. Meherbani ho gi. Bara meherbani ho gi, jaldi masla hal karain.",road,medium,test,Roads & Infrastructure,1
"Respected sir, there has been no water supply in our line near Bahadurabad Block 5. please arrange for the concerned staff to check it Thank you !!!!",water,medium,train,Water Supply,0
"At near the union council office in Jamshed Road near a maternity home, our overhead tank never fills even after four hours of supply for the past six weeks. a motorrcyclist fell and broke his arm last night Again, our overhead takn never fills even after four hours of supply.",water,critical,train,Water Supply,0
Kindly note that hospital waste has been mixed with the household garbage since Friday at DHA Phase 6 Block 2 Kindly resolve it soon,waste,low,train,Sanitation & Solid Waste,0
"I want to report that waste water has started seeping into the ground floor rooms for almost a month at Lane 3, Lyari near Aga Khan Hospital. Please take action??!",drainage,high,train,Drainage & Sewerage,0
a trench dug by the gas company was never filled back at Bahadurabad Block A This has been the case for more than 20 days there is a government school right next to it and hundreds of children pass daily,road,high,train,Roads & Infrastructure,0
"Reporting an issue - the following problem at Manghopir Sector 5-CC: meter reading galat lagai ja rahi hai. kindly send someone to look at it in the next few days Bara meherbani ho gi, jaldi masla hal karain.",electricity,medium,test,Electricity & Streetlights,1
"Plaese be informed that barish ka pani abhi tak nahi nikla at Block A, SITE Area, for two days now. this is a minor issue, whenever it is convenient. There is no urgency, just regstering it formally Thank you. Bara meherbani ho gi, jaldi masla hal karain. Again, barish ka pani abhi tak nahi nikla!!",drainage,low,train,Drainage & Sewerage,1
"At Kemari Block A, drug users gather here after dark and residents feel unsafe since this morning. it is causnig daily inconvenience to the residents",safety,medium,train,Public Safety,0
"I want to report that the asphalt has peeled off and the base layer is exposed at Gali No 7, New Karachi, since yesterday. there is no urgency, please handle it in the routine schedule Kindly resolve it soon.",road,low,train,Roads & Infrastructure,0
"please be informed that park par qabza kar liya gaya hai in front of on sharae noor jehan, and please treat this as urgent, the situation is getting worse daily bara meherbani ho gi, jaldi masla hal karain.",other,high,train,General Administration,1
hum ko roz tanker mangwana par raha hai at Block 2 Defence View This has been the case since yesterday please arrange for the concerned staff to check it Again hum ko roz tanker mangwana par raha hai,water,medium,train,Water Supply,1
"awara kutte kachra phaila dete hain at Block 5, Bahadurabad. This has been the case since Friday. it is a small issue but please note it for the record. Kindly look into it whenever a team is free Bara meherbani ho gi, jaldi masla hal karain !!!!",waste,low,train,Sanitation & Solid Waste,1
"respected sir, kachra utha nahi hai kai din se at sector 11-b, orangi town near the children's park, since the last monsoon. a large number of residents are suffering because of it thank you. bara meherbani ho gi, jaldi masla hal karain. again, kachra utha nahi hai kai din se.",waste,high,train,Sanitation & Solid Waste,1
"someone received an electric shock this morning the electric pole is leaning dangerously at gali no 7, garden east near the school van stop. shukriya. again, the electric pole is leaning dangerously.",electricity,critical,train,Electricity & Streetlights,0
"Kindly note that purani deewar gitne wali hai at House 4-B, Shah Faisal Colont, for two days now. please arrange for the concerned staff to check it Thank you. Bara meherbani ho gi, jaldi masla hal karain.",safety,medium,train,Public Safety,1
"plz treat this as urgent, the situation is getting worse daily the pole mounted box is open and children can reach the terminals at on Korangi Road near Jinnah Hospital emergency gate. We request immediate attention.",electricity,high,train,Electricity & Streetlights,0
"awara kutte logon ko kaat rahe hain at Block 13-D, Baldia Town near the school van stop and nobody has come to check since the last monsoon. there is a government school right next to it and hundreds of children pass daily. Many families and children are affected by it every single day",safety,high,train,Public Safety,1
the gutter has bene overflowing. Location: Gadap Town. there is a government school right next to it and hundreds of children pass daiyl. This has bwcome a serious heatlh hazard for the whole arae Plesae take action.,drainage,high,train,Drainage & Sewerage,0
"kindly note that stray dogs and cats tear open the bags and scatter the waste at on sharae noor jehan, for the last three days. we have complained at the local office twice already with no result thank you !!!!",waste,medium,train,Sanitation & Solid Waste,0
nali band hai aur pani khara hai at near the katchi abadi in Model Colony,drainage,critical,train,Drainage & Sewerage,1
"At Buffer Zone Gali No 7, the kachra kundi was removed and now everyone dumps in the open for the last three days. it is causing daily inconvenience to the residents. Please look into it in the coming days??!",waste,medium,train,Sanitation & Solid Waste,0
"Assalam o alaikum, the newly laid patch has already sunk in the middle in front of near the main mosque in Nazimabad, and the entire street of about forty houses is affected",road,high,train,Roads & Infrastructure,0
effluent from the choked sewer line is standing knee deep at the junction; this situation at near the mobile market in Defence View has continued for two days now it is affecting a few households on our side of the lane Meherbani ho gi,drainage,medium,test,Drainage & Sewerage,0
"the meter reading is being estimated & the bill is immpossible at Block 5, Garden East & nobody has come to check since yesterday. our family has been facing this for several days now",electricity,medium,train,Electricity & Streetlights,0
KINDLY NOTE THAT THERE ARE SPARKS COMING FROM THE CONNECTION AT NIGHT SINCE YESTERDAY AT LANDHI. THANK YOU.,electricity,medium,train,Electricity & Streetlights,0
banner laga kar rasta band kar diya hai at on i i chundrigar road,other,low,train,General Administration,1
please arrange for the concerned staff to check it a pack of srtay dogs is attacking people at on M.A. Jinnnah Road. Please take action.,safety,medium,train,Public Safety,0
"the community hall booking process is completely opaque at lane 3, baldia town and nobody has come to check for the past six weeks. a large number of residents are suffering because of it. please treat this as urgent, the situation is getting worse daily",other,high,train,General Administration,0
"Janab, the following problem at Sector 5-C, PECHS: garbage has not been collected from our street. jut a routine request, nothiing urgent at all",waste,low,test,Sanitation & Solid Waste,0
"Assalam o alaikum, the road is uneven and bikes lose balance on it at near the vegetable market in Saddar, for the last three days. it is a small issue but please note it for the record Kindly resolve it soon. Again, the road is uneven and bikes lose balance on it.",road,low,train,Roads & Infrastructure,0
"there is no urgency, just registering it formally valve wala time par valve nahi kholta at near the mobile market in Malir. Thank you. Again, valve wala time par valve nahi kholta.",water,low,train,Water Supply,1
"sarak ki halat bohot kharab hai, gaari nikalna mushkil hai at near a bank branch in Liaquatabad. This has been the case since yesterday. our family has been facing this for several days now",road,medium,train,Roads & Infrastructure,1
"Pllease be informed taht the newly laid patch has already sunk in the middle in front of Malir, and it is urgent because a school is right beside it",road,high,train,Roads & Infrastructure,0
reporting an issue - the following problem at near the union council office in orangi town: paani ka pressure bohot kam hai. shopkeepers say business has dropped by half because of it,water,high,test,Water Supply,1
people are burning the garbage pile and the smoke enters our homes. Location: on Khayaban-e-Ittehad near the children's park. dengue and gastro cases have started appeariing in the area Please take action.,waste,high,train,Sanitation & Solid Waste,0
STAY DOGS AND CATS TEAR OPEN THE BAGS AND SCATTER THE WASTE AT NEAR A BANK BRANCH IN GULBERG TOWN. THIS HAS BEEN THE CASE SINCE YESTERDAY. IT IS CAUSING INCONVENIENCE AND SHOULD BE FIXED SOON,waste,medium,train,Sanitation & Solid Waste,0
this has bevome a serious helath hazard for the wohle aea stray dogs and cats tear open the bags and scatter the waste at near the mobile market in korangi. thank yu.,waste,high,train,Sanitation & Solid Waste,0
"sweepers have not come to clean this lane at block a, orangi town and nobody has come to check since yesterday. please arrange for the concerned staff to check it",waste,medium,train,Sanitation & Solid Waste,0
"Assalam o alaikum, kachra kundi bhar gayi hai aur sarak par gir raha hai since this morning at on Nishtar Road. Kindly resolve it soon. Bara meherbani ho gi, jaldi masla hal karain.",waste,medium,train,Sanitation & Solid Waste,1
"pani bilkul nahi aa raha at Clifton. Bara meherbani ho gi, jaldi masla hal karain!!",water,high,train,Water Supply,1
"Respected sir, the valve man is not opening our valve at the scheduled time for almost a month at Korangi Block 5. Thaank you.",water,high,train,Water Supply,0
please look into it in the coming days. It is causing inconvenience and should be fixed soon sweepers have not coome to clean tis lane at on M.A. Jinnah Road. Kindly resolve it soon.,waste,medium,train,Sanitation & Solid Waste,0
the transformer keeps tripping again and again at New Karachi Sector 11-B.,electricity,critical,train,Electricity & Streetlights,0
"paani ka pressure bohot kam hai at near the flyover ramp in Surjani Town near a madrassa and nobody has come to check for more than 20 days. the whole block has been suffering and tempers are rising Bara meherbani ho gi, jaldi masla hal karain.",water,high,train,Water Supply,1
"we are forced to buy a private tanker every second day at House 4-B, Jamshed Road and nobody has come to check for sevreal months. dengue and gastro cases hve started appearing in the area",water,high,train,Water Supply,0
"plz be informed that awara kutte kachra phaila dete hain at on Hub River Road, since Ramzan. we have been waiting for a response for a while now. It is causing inconvenience & should be fixed soon Kindly resolve it soon !!!!",waste,medium,train,Sanitation & Solid Waste,1
the main water pipe is leaking badly. Loaction: North Nazimabad Phase 2. the entire street of about forty houses is affected Shukriya.,water,high,train,Water Supply,0
"purani deewar girne wali hai at Korangi Block 2 near a primary school. This has been the case for several months. someone is going to be killed if this is not fixed today Bara meherbani ho gi, jaldi masla hal karain.",safety,critical,train,Public Safety,1
"awara kutte kachra phaila dete hain. Location: House 4-B, Malir. the whole block has been suffering and tempers are rising. Please treat this as urgent, the situation is getting worse daily Thank you.",waste,high,train,Sanitation & Solid Waste,1
"To the concerned department, an abandoned building has become a hideout for criminals in front of on Korangi Road, & this is only a suggestion for improvement",safety,low,train,Public Safety,0
THE NALLAH BESIDE THE COLONY IS CHOKED WITH SOLID WASTE AT ON NISHTAR ROAD AND NOBODY HAS COME TO CHECK FOR TWO DAYS NOW LOW PRIORITY ONLY MENTIONING IT SO IT IS ON RECORD,drainage,low,train,Drainage & Sewerage,0
"Location on Khayaban-e-Ittehad - shopkeepers throw their leftovers directly onto the pavement here, ongoing since Friday. there is no urgency, please handle it in the routine schedule Requesting the department to act.",waste,low,test,Sanitation & Solid Waste,0
"At Saddar, bijli nahi aa rahi hamare block me since Friday. it is a small issue but please note it for the record. Low priority, only mentioning it so it is on record Bara meherbani ho gi, jaldi masla hal karain.",electricity,low,train,Electricity & Streetlights,1
"Respdcted sir, the drain is blocked & the water is not going anywhere in front of Gali No 7, Buffer Zone, & dengue & gastro cases have started appearing in the area",drainage,high,train,Drainage & Sewerage,0
yahan mobile snatching bohot ho rahi hai Location: Block 5 Shah Faisal Colony our family has been facing this for several days now Thank you,safety,medium,train,Public Safety,1
"please treat this as urgent, the situation is getting worse daily yahan khadde hi khadde hain at Block A, Baldia Town. Shukriya.",road,high,train,Roads & Infrastructure,1
this is an emergency and needs immediate attention the manhole is spilling sewage continuously at Baldia Town Lane 3 near the school van stop Please take action,drainage,critical,train,Drainage & Sewerage,0
there has been no water supply in our line at near the union council office in Orangi Town and nobody has come to check for two days now. it is causing daily inconvenience to the residents,water,medium,train,Water Supply,0
our family has been facing this for several days now the road has caved in after the rain at on Tariq Road. Thank you.,road,medium,train,Roads & Infrastructure,0
"the nallah beside the colony is choked with solid waste at Block A, Baldia Town. Again, the nallah beside the colony is choked with solid waste.",drainage,critical,train,Drainage & Sewerage,0
"it is on the main road and traffic jams for hours every morning bijli ka khamba tirha ho gaya hai at Gulistan-e-Johar Phase 2. Shukriya. Bara meherbani ho gi, jaldi masla hal karain.",electricity,high,train,Electricity & Streetlights,1
kindly note that police gasht bilkul nahi hoti near clifton gali no 7. this is an emergency & needs immediate attention thank you.,safety,critical,train,Public Safety,1
Reporting from on Korangi Road: kachra utha nahi hai kai din se.,waste,medium,test,Sanitation & Solid Waste,1
"Respected sir, drug users gather here after dark and residents feel unsafe at on Rashid Minhas Road, for more than 20 days. this has become a serious health hazard for the whole area Kindly resolve it soon.",safety,high,train,Public Safety,0
"respected sir, loadshedding ka koi schedle nahi hai at near the bus stop in lyari, for two days now. we have complaned at the local office twice already with no result please take action. bara meherbani ho gi, jaldi masla hal karain.",electricity,medium,train,Electricity & Streetlights,1
"the sewerage line is choked & dirty water is on the st at lane 3, gulistan-e-johar.",drainage,medium,train,Drainage & Sewerage,0
"Complaint: residents near Gali No 7, Defence View near the children's park are affected because mor par roz chaini snatching hoti hai. a large number of residents are suffering because of it Regards !!!!",safety,high,test,Public Safety,1
"nali band hai aur pani khara hai at Gadap Town Street 14 and nobody has come to check since the last monsoon. the entire street of about forty houses is affected Bara meherbani ho gi, jaldi masla hal karain.",drainage,high,train,Drainage & Sewerage,1
"many families and children are affected by it every single day The reason is that there are deep potholes all along this stretch, right at Bahadurabad Block 13-D.",road,high,test,Roads & Infrastructure,0
"Assalam o alaikum, a very large pothole has formed in the middle of the road at Sector 5-C, Buffer Zone, for the past six weeks. dengue and gastro cases have started appearing in the area We request immediate attention??!",road,high,train,Roads & Infrastructure,0
Reporting from Gulberg Town Block A: no receipt is issued for the charges collected at the municipal counter.,other,high,test,General Administration,0
"Kindly note that dispensary hafte me sirf do din khulti hai for several months at Lane 3, DHA Phase 6. Please take action. Again, dispensary hafte me sirf do din khulti hai.",other,medium,train,General Administration,1
"I want to report that the road is uneven and bikes lose balance on it near Phase 2, Kemari. it is on the main road and traffic jams for hours every morning We request immediate attention.",road,high,train,Roads & Infrastructure,0
this is only a suggestion for improvement there is no electricity in our block at Street 14 Defence View Please take action,electricity,low,train,Electricity & Streetlights,0
"Dear municipal team, residents near on Nishtar Road near a government girls school are affected because pani bilkul nahi aa raha. this has become a serious health hazard for the whole area Regards.",water,high,test,Water Supply,1
"At near the bus stop in Landhi near Ziauddin Hospital, taar latak rahi hain khambe se for over two weeks. a motorcyclist fell and broke his arm last night Bara meherbani ho gi, jaldi masla hal karain.",electricity,critical,train,Electricity & Streetlights,1
banners and hoardings are blocking the view at the intersection at near a bank branch in Bahadurabad near the school van stop. This has been the case for seferal months. a large number of residents are suffering because of it,other,high,train,General Administration,0
We the residents of near the main mosque in Shah Faisal Colony report that kachra utha nahi hai kai din se. we would appreciate it if the concerned staff could check it,waste,medium,test,Sanitation & Solid Waste,1
there have been repeated mobile snatching incidents here at on Stadium Road near a madrassa.,safety,high,train,Public Safety,0
"a woman in labohr could not be taken out of the lane in time The reason is that the water line has burst and water is being wasted, right at Block 2, Bahadurabad.",water,critical,test,Water Supply,0
barish ka pani abhi tak nahi nikla at buffer zone sector 5-c.,drainage,medium,train,Drainage & Sewerage,1
"nalah kachre se bhar gaya hai at block a, shah faisal colony. this has been the case for the last three days. we have complained at the local office twice already with no result",drainage,medium,train,Drainage & Sewerage,1
safai wale hamair gali chor kar chale jate hain — near the main mosque in Baldia Town. we have been waiting for a response for a while now,waste,medium,test,Sanitation & Solid Waste,1
"it is urgent because a school is right beside it awara kutte logon ko kaat rahe hain at Phase 2, Gulshan-e-Iqbal. We request immediate attention??!",safety,high,train,Public Safety,1
"To the concerned department, clean drinking water has not reached our houses in front of near the katchi abadi in Malir, and just a routine request, nothing urgent at all",water,low,train,Water Supply,0
"kachra kundi bhar gayi hai aur sarak par gir raha hai. location: near the main mosque in pechs. this is only a suggestion for improvement we request immediate attention. bara meherbani ho gi, jaldi masla hal karain. again, kachra kundi bhar gayi hai aur sarak par gir raha hai.",waste,low,train,Sanitation & Solid Waste,1
"KINDLY NOTE THAT MANHOLE KA DHAKKAN TOOTA HUA HAI NEAR GALI NO 7, LYARI. PLEASE ARRANGE FOR THE CONCERNED STAFF TO CHECK IT PLEASE TAKE ACTION. AGAIN, MANHOLE KA DHAKKAN TOOTA HUA HAI!!!",drainage,medium,train,Drainage & Sewerage,1
To the concerned department the electric pole is leaning dangerously near Block 5 Gadap Town near a madrassa the entire street of about forty houses is affected The whole block has been suffering and tempers are rising Shukriya,electricity,high,train,Electricity & Streetlights,0
"for for more than 20 days now, chain lifting on motorcycles happens almost every evening at this turn around near the union council office in baldia town near jinnah hospital emergency gate. awaiting your response.",safety,critical,test,Public Safety,0
"Respected sir, kachra kundi bhar gayi hai aur sarak par gir raha hai in front of Clifton Phase 2, and our family has been facing this for several days now??!",waste,medium,train,Sanitation & Solid Waste,1
"Kindly note that there are deep potholes all along this stretch in front of Block 13-D, Saddar, and elderly patients live in thsi lane and cannot step outside Again, there are deep potholes all along this stretch.",road,high,train,Roads & Infrastructure,0
"we the residents of gali no 7, new karachi report that backflow from the sewerage line reachs our washroom drain every evening. please add it to the regular maintenance list",drainage,low,test,Drainage & Sewerage,0
"Location near the petrol pump in New Karachi - safai wale hamari gali chor kar cahle jate hain, ongoing since yesterday. someone is going to be killed if this is not fixed today Requesting the deparrtment to act. Bara meherbani ho gi, jaldi masla hal karain??!",waste,critical,test,Sanitation & Solid Waste,1
this is a minor issue whenever it is convenient valve wala time par valve nahi khholta at Nazimabad Block A Kindly resolve it soon,water,low,train,Water Supply,1
this is to bring to your attention that residents near near a bank branch in federal b area are affected because the contractor's truck skips our lane every single round. more than sixty families depend on this single lane please do the needful.,waste,high,test,Sanitation & Solid Waste,0
the kachra kundi was removed and now everyone dumps in the open at on Hub River Road.,waste,high,train,Sanitation & Solid Waste,0
CONSTRUCTION MALBA HAS BEEN DUMPED ON THE EMPTY PLOT LOCATION: NEAR THE COMMUNITY CENTRE IN SURJANI TOWN PLEASE ARRANGE FOR THE CONCERNED STAFF TO CHECK IT PLEASE TAKE ACTION,waste,medium,train,Sanitation & Solid Waste,0
"park par qabza kar liya gaya hai at Block 2, Nazimabad. Bara meherbani ho gi, jaldi masla hal karain.",other,critical,train,General Administration,1
the community hall booking process is completely opaque. Location: near the union council office in Korangi. our family has been facing this for several days now. It is causing inconvenience and should be fixed soon Kindly resolve it soon.,other,medium,train,General Administration,0
the meter reading is being estimated and the bill is impossible at saddar and nobody has come to check since ramzan. it is urgent because a school is right beside it. a large number of residents are suffering because of it,electricity,high,train,Electricity & Streetlights,0
"PLEASE BE INFORMED THAT TRANSFORMER BAR BAR TRIP KAR RAHA HAI AT JAMSHED ROAD, SINCE THE LAST MONSOON. IT IS CAUSING DAILY INCONVENIENCE TO THE RESIDENTS THANK YOU. BARA MEHRRBANI HO GI, JALDI MASLA HAL KARAIN.",electricity,medium,train,Electricity & Streetlights,1
"there is no urgency, plaese handle it in the routine schedule there are deep potholes all along this stretch at near the community centre in Surjsni Town. Please take action.",road,low,train,Roads & Infrastructure,0
"garbage has not been cllected from our street at Plot 22, Modeel Colony & nobody has come to check for two days now. we have complained at the local office twice already with no result Again, garbage has not been collected from our street.",waste,medium,train,Sanitation & Solid Waste,0
"This is to bring to your attention that the following problem at Sector 11-B, North Nazimabad near a government girls school: the main water pipe is leaking badly. it is urgent because a school is right beside it",water,high,test,Water Supply,0
"Problem area Phase 2, New Karachi. Details: the road tarmac is cracked into pieces and loose stones are flying up since yesterday. Awaiting your response.",road,low,test,Roads & Infrastructure,0
there is a government school right next to it and hundreds of children pass daily sarkari daftar me koi sunwai nahi hoti at Gulistan-e-Johar Block A. Please take action.,other,high,train,General Administration,1
"speed breaker toota hua hai at on University Road. Bara meherbani ho gi, jaldi masla hal karain.",road,medium,train,Roads & Infrastructure,1
there is a serious risk of a fatal accident here there have been repeated mobile snatching incidents here at Liaquatabad Block 2. plz take action.,safety,critical,train,Public Safety,0
To the concerned department nali band hai aur pani khara hai in front of near the bus stop in Model Colony and please arrange for the concerned staff to check it Bara meherbani ho gi jaldi masla hal karain,drainage,medium,train,Drainage & Sewerage,1
"respected sir, sewage water has entered our lane near near the bus stop in bahadurabad. elderly patients live in this lane & cannot step outside kindly resolve it soon. again, sewage water has entered our lane.",drainage,high,train,Drainage & Sewerage,0
"bijli nahi aa rahi hamare block me — near the katchi abadi in Malir. it is causing inconvenience and should be fixed soon Bara meherbani ho gi, jaldi masla hal karain.",electricity,medium,test,Electricity & Streetlights,1
we are forced to buy a private tanker every second day at Clifton near the children's park and nobody has come to check for almost a month. many families and children are affected by it every single day,water,high,train,Water Supply,0
"To the concerned department, kachra kundi bhar gayi hai aur sarak par gir raha hai near on Tariq Road. it is urgent because a school is right beside it Kindly resolve it sooon.",waste,high,train,Sanitation & Solid Waste,1
We the residents of on Sharae Noor Jehan report that a dangerous dilapidated structure is aobut to fall on people using the footpath this is an emergency and needs immediate attentino !!!!,safety,critical,test,Public Safety,0
"plz treat this as urgent, the situation is getting worse daily The reason is that pani ki line leak ho rahi hai, right at Block 13-D, Malir. Bara meherbani ho gi, jaldi masla hal karain.",water,high,test,Water Supply,1
"To the concerned department, clean drinking water has not reached our houses at Gali No 7, Landhi near the children's park, for over two weeks. it is urgent because a school is right beside it Shukriya.",water,high,train,Water Supply,0
please be informed tgat the speed breaker is broken and has sharp edges since the last monsoon at on rashid minhas road. please take action.,road,high,train,Roads & Infrastructure,0
the speed breaker is broken and has sharp edes at near the flyover ramp in Shah Faisal Colony and noboyd has come to check sinec yesterday. we have been waiting for a response for a while now. Our family has been facing this for several days now,road,medium,train,Roads & Infrastructure,0
"REPORTING AN ISSUE - THE FOLLOWING PROBLEM AT NEAR THE VEGETABLE MARKET IN LANDHI: STREET LIGHT BAND HAI KAI HAFTON SE. IT IS CAUSING INCONVENIENCE AND SHOULD BE FIXED SOON BARA MEHERBANI HO GI, JALDI MASLA HAL KARAIN!!",electricity,medium,test,Electricity & Streetlights,1
"THE METER READING IS BEING ESTIMATED AND THE BILL IS IMPOSSIBLE AT NEAR A BANK BRANCH IN NEW KARACHI. THIS HAS BEEN THE CASE FOR THE LAST THREE DAYS. THERE IS NO URGENCY, PLEASE HANDLE IT IN THE ROUTINE SCHEDULE",electricity,low,train,Electricity & Streetlights,0
"FOR FOR ALMOST A MONTH NOW, THE TRANSFORMER KEEPS TRIPPING AGAIN AND AGAIN AROUND NEAR THE BUS STOP IN SURJANI TOWN. MEHERBANI HO GI.",electricity,high,test,Electricity & Streetlights,0
clean drinking water has not reached our houses at near the bus stop in Baldia Town near a maternity home and nobody has come to check for several months. this has become a serious health hazard for the whole arra,water,high,train,Water Supply,0
"At near the flyover ramp in Federal B Area, the speed breaker is broken and has sharp edges for the past six weeks. this has become a serious health hazard for the whole area!!",road,high,train,Roads & Infrastructure,0
"shadi hall ke loudspeaker raat bhar chalte hain at Manghopir. Bara meherbani ho gi, jaldi masla hal karain.",other,medium,train,General Administration,1
the garbage container is overflowing onto the road at on Shahrah-e-Faisal.,waste,high,train,Sanitation & Solid Waste,0
"At Gulberg Town, paani ka pressure bohot kam hai for more than 20 days. there is a government school right next to it and hundreds of children pass daily",water,high,train,Water Supply,1
"loadshedding ka koi schedule nahi hai at sector 5-c, model colony.",electricity,low,train,Electricity & Streetlights,1
"half the liights on this stretch were never replaced after the storm at Block 13-D, Model Colony. This has been the case since Friday. it is causing inconvenience & should be fixed soon",electricity,medium,train,Electricity & Streetlights,0
"At on Nishtar Road, water is coming with very low pressure for the past six weeks. the entire street of about forty houses is affected",water,high,train,Water Supply,0
"reporting from gali no 7, site area: the electric pole is leaning dangerously.",electricity,high,test,Electricity & Streetlights,0
at block 2 buffer zone the sewerage line is choked and dirty water is on the street for two days now our family has been facing this for several days now again the sewerage line is choked and dirty water is on the street,drainage,medium,train,Drainage & Sewerage,0
"Respected sir, street light band hai kai hafton se near on Nishar Road. we have been wiating for a response for a while now. Our family has been facing this for several days now Shukriya.",electricity,medium,train,Electricity & Streetlights,1
Reporting an issue - residents near near the bus stop in Lyari are affected because street light band hai kai hafton se. this has become a serious health hazard for the whole area. Two schools and a clinic are on the same stretch Please do the needful??!,electricity,high,test,Electricity & Streetlights,1
"At Block 5, Gulberg Town, the newly laid patch has already sunk in the middle since Friday. kindly look into it whenever a team is free",road,low,train,Roads & Infrastructure,0
Please be informed that loadshedding ka koi schedule nahi hai near Gulberg Town. dengue and gastro cases have started appearing in the area Kindly resolve it soon.,electricity,high,train,Electricity & Streetlights,1
sarak par bara gaddha ban gaya hai — Model Colony. we have been waiting for a response for a while now,road,medium,test,Roads & Infrastructure,1
problem area house 4-b shah faisal colony details: shlpkeepers throw their leftovers directly ontto the pavement here since yesterday plase do the needful again shopkeepers throw theiir leftovers directly onto the pavement hree,waste,medium,test,Sanitation & Solid Waste,0
"Assalam o alaikum, nali band hai aur pani khara hai at near the flyover ramp in Clifton, since yesterday. kindly look into it whenever a team is free. Low priority, only mentioning it so it is on record Shukriya. Bara meherbani ho gi, jaldi masla hal karain.",drainage,low,train,Drainage & Sewerage,1
Please be informed that the main water pipe is leaking badly for the past six weeks at New Karachi Please take action,water,high,train,Water Supply,0
"Assalam o alaikum, sewerage ka pani gali me phail gaya hai in front of House 4-B, Gulshan-e-Iqbal, and the whole block has been suffering and tempers are rising",drainage,high,train,Drainage & Sewerage,1
Assalam o alaikum speed breaker toota hua hai in front of Gulberg Town and kindly send someone to look at it in the next few days It is causing inconvenience and should be fixed soon??!,road,medium,train,Roads & Infrastructure,1
line ka joint phat gaya hai aur pani zaya ho raha hai — Lane 3 Baldia Town this has become a serious health hazard for the whole area !!!!,water,high,test,Water Supply,1
"Respected sir, the speed breaker is broken & has sharp edges since Friday at Liaquatabad Sector 11-B. Thank you.",road,low,train,Roads & Infrastructure,0
the drain is blocked and the water is not going anywhere at North Nazimabad.,drainage,medium,train,Drainage & Sewerage,0
"nali band hai aur pani khara hai at Blokc 13-D, Bahadurabad near the children's park.",drainage,critical,train,Drainage & Sewerage,1
"Kindly note that the garbage container is overflowing onto the road in front of New Karachi Block 5 near the school van stop, and an elderly man fell into it and had to be taken to emergency. There is a serious risk of a fatal accident here",waste,critical,train,Sanitation & Solid Waste,0
At Liaquatabad the valve man is not opening our valve at the scheduled time for the last three days our family has been facing this for several days now,water,medium,train,Water Supply,0
the road has caved in after the rain at near the vegetable market in kemari this has been the case for two days now our family has been facing this for several days now,road,medium,train,Roads & Infrastructure,0
water is coming with very low pressure. Location: near the flyover ramp in Lyari. kindly send someone to look at it in the next few days plz tke action.,water,medium,train,Water Supply,0
the whole block has been suffering and tempers are rising There is a government school right next to it and hundreds of children pass daily road bilkul toot gayi hai at Buffer Zone near Jinnah Hospital emergency gate Please take action Bara meherbani ho gi jaldi masla hal karain,road,high,train,Roads & Infrastructure,1
"At on Nishtar Road, clean drinking water has not reached our houses for two days now. just a rputine request, nothing urgent at all!!!",water,low,train,Water Supply,0
the sewer line was never connected to the main trunk at near the flyover ramp in Nazimabad. This has been the case since this morning. this is only a suggestion for improvement,drainage,low,train,Drainage & Sewerage,0
"assalam o alaikum, speed breaker toota hua hai since yesterday at block 5, buffer zone. please take action. bara meherbani ho gi, jaldi masla hal karain.",road,low,train,Roads & Infrastructure,1
To the concerned department jo pani aata hai wo gandha aur badbuddar hai at near the katchi abadi in Saddar since Friday please arrange for the concerned staff to check it Our family has been facing ths for several days now Please take action,water,medium,train,Water Supply,1
"At Plot 22, Korangi, safai bilkul nahi hoti yahan since yesterday. it is a small issue but please note it for the record. There is no urgency, just registering it formally Bara meherbani ho gi, jaldi masla hal karain. Again, safai bilkul nahi hoti yahan.",waste,low,train,Sanitation & Solid Waste,1
At on Rashid Minhas Road rain water from the last spell has still not drained out since Friday we have complained at the local office twice already with no result,drainage,medium,train,Drainage & Sewerage,0
we have been waiting for a response for a while now sweepers have not come to clean this lane at near the community centre in gulberg town. thank you.,waste,medium,train,Sanitation & Solid Waste,0
"Reporting from Block A, Shha Faisal Colony near a primary school: the storm drain outlet has been sealed by an illegal construction.",drainage,high,test,Drainage & Sewerage,0
"stray cattle are tid up on public land and nobody removes them at near the perol pump in DHA Phase 6 near a maternity home and nobody has come to check since the last monsoon. please treat this as urgent, the situation is getting worse daily !!!!",other,high,train,General Administration,0
"At Phase 2, Malir near the children's park, construction malba has been dumped on the empty plot for almost a month. a child was injrued here yesterday and we fear a worse accident Again, construction malba has been dumped on the empty plot.",waste,critical,train,Sanitation & Solid Waste,0
Kindly note that the pole mounted box is open and children can reach the terminals in front of House 4-B North Nazimabad and low priority only mentioning it so it is on record,electricity,low,train,Electricity & Streetlights,0
"broken road with loose gravel everywhere at Surjani Town Street 14 near Jinnah Hospital emergency gate. This has been the case since Ramzan. there is a government school right next to it and hundreds of children pass daily Again, broken road with loose gravel everywhere!!!",road,high,train,Roads & Infrastructure,0
"Reporting from Block 5, North Nazimabad: safai wale hamari gali chor kar chale jate hain. Bara meherbani ho gi, jaldi masla hal karain.",waste,medium,test,Sanitation & Solid Waste,1
"it is a small issue but please note it for the record. Kindly look into it whenever a team is free jo pani aata hai wo gandha aur badbudar hai at Block 5, Kemari. Shukriya. Bara meherbani ho gi, jaldi masla hal karain.",water,low,train,Water Supply,1
Kindly note that yahan khadde hi khadde hain near near the bus stop in Nazimabad near a maternity home. a person has already been injured because of this. A child was injured here yesterday and we fear a worse accident Thank you.,road,critical,train,Roads & Infrastructure,1
half the lights on this stretch were never replaced after the storm at near a bank branch in PECHS!!!,electricity,low,train,Electricity & Streetlights,0
the manhole is spilling sewage continuously. Location: on Mariipur Road near Jinnah Hospital emergency gate. it is urgent because a school is right beside it Shukriya.,drainage,high,train,Drainage & Sewerage,0
"sweepers have not come to clean this lane at House 4-B, Orangi Town. This has been the case since Friday. low priority, only mentioning it so it is on record",waste,low,train,Sanitation & Solid Waste,0
a huge heap of trash is lying at the corner at on Sharae Noor Jehan near Jinnah Hospital emergency gate.,waste,high,train,Sanitation & Solid Waste,0
"Respected sir, the footpath tiles are uprooted and pedestrians walk on the road for over two weeks at Phase 2, Landhi near a government girls school. Shukriya.",road,high,train,Roads & Infrastructure,0
"I want to report that the road is uneven and bikes lose balance on it at Blcok 2, Kemari near a primary school, since Ramzan. an ambulance could not reach the hospital gate because of it Thank you.",road,critical,train,Roads & Infrastructure,0
"transformer bar bar trip kar raha hai at nesr the flyover rmap in DHA Phase 6. Again, transformer bar bar trip kar raha hi.",electricity,medium,train,Electricity & Streetlights,1
"Dear municipal team, the following problem at Sector 11-B, Sdadar: voltage itna kam hai ke pankha nahi chalta. it is causing inconvenience and shoukd be fixed soon",electricity,medium,test,Electricity & Streetlights,1
"Please be informed that stray dogs and cats tear open the bags and scatter the waste since Friday at Phase 2, Jamshed Road. Thank you.",waste,medium,train,Sanitation & Solid Waste,0
"Assalam o alaikum, loadshedding ka koi schedule nahi hai near near the mobile market in Buffer Zone. there is no urgency, just registering it formally Please take action.",electricity,low,train,Electricity & Streetlights,1
We the residents of Block 5 Nazimabad report that chain lifting on motorcycles happens almost every evening at this turn please arrange for the concerned staff to check it,safety,medium,test,Public Safety,0
"kindly note that nalah kachre se bhar gaya hai in front of near the community centre in landhi, and it is extremely urgent, please treat it as an emergency",drainage,critical,train,Drainage & Sewerage,1
"loudspeakers from a marriage hall run past midnight every weekend. Location: on Korangi Road near the school van stop. many families and children are affected by it every single day. Please treat this as urgent, the situation is getting worse daily Thank you!!!",other,high,train,General Administration,0
STRAY CATTLE ARE TIED UP ON PUBLIC LAND AND NOBODY REMOVES THEM AT PLOT 22 GULBERG TOWN THS HAS BEEN THE CASE FOR THE LAST THHREE DAYS WE HAVE BEEN WAITING FOR A RESPONSE FOR A WHILE NOW,other,medium,train,General Administration,0
We the residents of on Hub River Road report that every street light on this avenue has been dead since the pole was hit. please arrange for the concerned staff to check it,electricity,medium,test,Electricity & Streetlights,0
"Kindly note that the garbage container is overflowing onto the road for the past six weeks at Block 5, Nazimabad. Kindly resolve it soon. Again, the garbage container is overflowing onto the road.",waste,high,train,Sanitation & Solid Waste,0
the meter reading is being estimated and the bill is impossible Location: on Korangi Road elderly patients live in this lane and cannot step outside We request immediate attention Again the meter reading is being estimated and the bill is impossible,electricity,high,train,Electricity & Streetlights,0
"kachra utha nahi hai kai din se. Location: Block 13-D, North Nazimabad. there is no urgency, please handle it in the routine schedule. This is a minor issue, whenever it is convenient Please take action !!!!",waste,low,train,Sanitation & Solid Waste,1
"For since yesterday now, patch dala tha wo dobara ukhar gaya around New Karachi Street 14. Requesting the department to act.",road,medium,test,Roads & Infrastructure,1
"road pe khudai kar ke chor di gayi hai at near the community centre in Gulberg Town. Bara meeherbani ho gi, jaldi masla hal karain.",road,critical,train,Roads & Infrastructure,1
"Respected sir, there is no electricity in our block since the last monsoon at on Hub River Road. We request immediate attention.",electricity,high,train,Electricity & Streetlights,0
"I want to report that sarkari daftar me koi sunwai nahi hoti near near the petrol pump in Jamshed Road. the whole block has been suffering & tempers are rising Please take action. Again, sarkari daftar me koi sunwai nahi hoti.",other,high,train,General Administration,1
Reporting from near the petrol pump in Baldia Town: gande pani ki wajah se ghar me se bo aa rahi hai.,drainage,high,test,Drainage & Sewerage,1
"To the concerned department, a pack of stray dogs is attacking people since the last monsoon at Baldia Town near a madrassa. We request immediate attention.",safety,critical,train,Public Safety,0
"Respected sir, hospital waste has been mixed with the household garbage in front of near the mobile market in Gulshan-e-Iqbal, and we have been waiting for a response for a while now",waste,medium,train,Sanitation & Solid Waste,0
SWEEPERS HAVE NOT COME TO CLEAN THIS LANE AT BUFFFER ZONE BLOCK 5.,waste,medium,train,Sanitation & Solid Waste,0
"valve wala time par valve nahi kholta at near a bank branch in Nazimabad. This has been the case for the last three days. this is a minor issue, whenever it is convenient. Just a routine request, nothing urgent at all",water,low,train,Water Supply,1
a pack of stray dogs is attacknig people at near the main moosque in Orangi Town near Aga Khan Hospital and nobody has come to check for almost a month. a live wire is lying in the standing water,safety,critical,train,Public Safety,0
"FOR FOR TWO DAYS NOW NOW, SAFAI BILKUL NAHI HOTI YAHAN AROUND STREET 14, NEW KARACHI. REGARDS.",waste,medium,test,Sanitation & Solid Waste,1
stray dogs & cats tear open the bags & scatter the waste at PEHCS Sector 5-C.,waste,low,train,Sanitation & Solid Waste,0
"KINDLY NOTE THAT SAFAI BILKUL NAHI HOTI YAHAN SINCE THE LAST MONSOON AT NEAR THE PETROL PUMP IN GULBERG TOWN. PLEASE TAKE ACTION. BARA MEHERBANI HO GI, JALDI MASLA HAL KARAIN.",waste,high,train,Sanitation & Solid Waste,1
"Reporting from North Nazimabad Block A: sarak par bara gaddha ban gaya hai. Bara meherbani ho gi, jaldi masla hal karain.",road,low,test,Roads & Infrastructure,1
"At Baldia Town Block 5 near a primary school, hospital waste has been mixed with the household garbage for two days now. dengue and gastro cases have started appearing in the area",waste,high,train,Sanitation & Solid Waste,0
"Kindly note that there are deep potholes all along this stretch since yesterday at Block 2, New Karachi. We request immediate attention.",road,medium,train,Roads & Infrastructure,0
the newly laid patch has already sunk in the middle at on I I Chundrigar Road and nobody has come to check for several months many families and children r affected by it every single day!!,road,high,train,Roads & Infrastructure,0
"waste water has started seeping into the ground floor rooms at Street 14, Gadap Town and nobody has come to check for two days now. our family has been facing this for several days now. We have been waiting for a response for a while now",drainage,medium,train,Drainage & Sewerage,0
sewage water has entered our lane at baldia town near a government girls school and nobody has come to check for several months. the entire street of about forty houses is affected,drainage,high,train,Drainage & Sewerage,0
"banners and hoardings are blocking the view at the intersection at plot 22, malir.",other,medium,train,General Administration,0
kachra utha nahi hai kai din se — on Abul Hasan Isphahani Road. a person has already been injured because of this,waste,critical,test,Sanitation & Solid Waste,1
Problem area on Rashid Minhas Road. Details: paani ka pressure bohot kam hai since this morning. Regards.,water,medium,test,Water Supply,1
Kindly note that there has been no water supply in our line near Baldia Town please look into it in the coming days We request immediate attention,water,medium,train,Water Supply,0
water is coming with very low pressure at near the flyover ramp in Bahadurabad and nobody has come to check for two days now. denguue and gastro cases have started appearing in the arae,water,high,train,Water Supply,0
"sarak par bara gadha ban gaya hai at Phase 2, Korangi.",road,medium,train,Roads & Infrastructure,1
"TO THE CONCERNED DEPARTMENT, PURANI DEEWAR GIRNE WALI HAI NEAR BLOCK A, NORTH NAZIMABAD NAR THE SCHOOL VAN STOP. DENGUE AND GASTRO CASES HAVE STARTED APPEARING IN THE AREA. THE ENTIRE STREET OF ABOUT FORTY HOUSES IS AFFECTED KINDLY RESOLVE IT SOON??!",safety,high,train,Public Safety,1
"to the concerned department, sfai billkul nahi hoti yahan in front of near the union council offfice in dha phase 6, and please treat this as urgent, the situation is getting worse daily bara meherbani ho gi, jaldi masla hal karain.",waste,high,train,Sanitation & Solid Waste,1
WE CANNOT GET OUR PROPERTY TAX CHALLAN CORRECTED AT THE OFFICE AT CLIFTON.,other,medium,train,General Administration,0
"Respected sir, st light band hai kai hafton se in front of near the flyovver ramp in Liaquatabad near a maternity home, & it is urgent bcz a school is right beisde it",electricity,high,train,Electricity & Streetlights,1
the electricity feeder for our lane trips every time an appliance is switched on; this situation at Surjani Town Gali No 7 has continued since this morning. we have been waiting for a response for a while now Regards.,electricity,medium,test,Electricity & Streetlights,0
broken road with loose gravel everywhere at phase 2 pechs this has been the case since the last monsoon a child was injured here yesterday and we fear a worse accident !!!!,road,critical,train,Roads & Infrastructure,0
"TO THE CONCERNED DEPARTMENT, POLICE GASHT BILKUL NAHI HOTI AT BLOCK 13-D, MANGHOPIR, FOR THE LAST THREE DAYS. THIS IS A MINOR ISSUE, WHENEVER IT IS CONVENIENT THANK YOU.",safety,low,train,Public Safety,1
kindly send someone to look at it in the next few days yahan mobile snatching bohot ho rahi hai at near the vegetable market in Korangi. Kindly resolve it soon !!!!,safety,medium,train,Public Safety,1
"THERE IS NO ELECTRICITY IN OUR BLOCK. LOCATION: GADAP TOWN. PLEASE TREAT THIS AS URGENT, THE SITUATION IS GETTING WORSE DAILY. DENGUE AND GASTRO CASES HAVE STARTED APPEARING IN THE AREA WE REQUEST IMMEDIATE ATTENTION.",electricity,high,train,Electricity & Streetlights,0
"the public library has been closed since last year with no explanation at street 14, jamshed road near aga khan hospital and nobody has come to check since ramzan. the entire street of about forty houses is affected",other,high,train,General Administration,0
"unannounceed load shedding is running for eight hours a day at Lane 3, Shah Faisal Colony. This has been the case for seeveral months. please ararnge for the concerned staff to check it",electricity,medium,train,Electricity & Streetlights,0
"Respected sir, pain ki line leak ho rahi hai for two dys now at Koranngi Block 13-D. Kindly resolve it soon. Bara meherbani ho gi, jaldi masla hal karain.",water,low,train,Water Supply,1
"for for the last three days now, gali me kooray ka bara dher lag gaya hai around lane 3, saddar. please do the needful.",waste,high,test,Sanitation & Solid Waste,1
"i want to report that manohle ka dhakkan toota hua hai at near the mobile market in pechs near jinnah hospital emergency gate, for several months. dengue and gastro cases have started appearing in the area we request immeiate attention!!",drainage,high,train,Drainage & Sewerage,1
"Please be informed that there is no electricity in our block since this morning at Street 14, Buffer Zone. Kindly resolve it soon.",electricity,medium,train,Electricity & Streetlights,0
"the main waer pipe is leaking badly at Gali No 7, North Nazimabad near a madrassa??!",water,critical,train,Water Supply,0
Kindly note that water is coming with very low pressure at on Tariq Road for two days now there is no urgency plz handle it in the routine schedule This is a minor issue whenever it is convenient plz take action,water,low,train,Water Supply,0
"Assalam o alaikum, people are burning the garbage pile and the smoke enters our homes in front of House 4-B, Bahadurabad near Civil Hospital, and please treat this as urgent, the situation is getting worse daily. The entire street of about forty houses is affected",waste,high,train,Sanitation & Solid Waste,0
"Respected sir, the gutter has been overflowing in front of Gali No 7, DHA Phase 6, and kindly send someone to look at it in the next few days",drainage,medium,train,Drainage & Sewerage,0
"log kachra jala rahe hain, dhuan ghar me aata hai. location: on hub river road. this is an emergency, please send a team today we request immediate attention. bara meherbani ho gi, jaldi masla hal karain.",waste,critical,train,Sanitation & Solid Waste,1
"Respected sir, the pole mounted box is open and children can reach the terminals for almost a month at Street 14, Gulberg Town near a primary school. Shukriya. Again, the pole mounted box is open and children can reach the terminals.",electricity,high,train,Electricity & Streetlights,0
"we the residents of sector 5-c, clifton report that road bilkul toot gayi hai. it is causing inconvenience and should be fixed soon. we would appreciate it if the concerned staff could check it !!!!",road,medium,test,Roads & Infrastructure,1
"sarak par bara gaddha ban gaya hai at Phase 2, Defence View near Jinnah Hospital emergency gate and nobody has come to check for more than 20 days. a large number of residents are suffering because of it",road,high,train,Roads & Infrastructure,1
"our family has been facing this for several days now khula manhole hai, koi bhi gir sakta hai at house 4-b, defence view. we request immediaate attention.",safety,medium,train,Public Safety,1
water is coming with very low pressure at Gadap Town Block A.,water,medium,train,Water Supply,0
"At Lane 3, Saddar, the asphalt has peeled off and the base layer is exposed since this morning. low priority, only mentioning it so it is on record. It is a small issue but plz note it for the record",road,low,train,Roads & Infrastructure,0
"At Street 14, Lyari, the main water pipe is leaking badly since Friday. there is no urgency, just registering it formally",water,low,train,Water Supply,0
"Please be informed that an open manhole in the middle of the walkway is a death trap at on Maripur Road, for two days now. kindly send someone to look at it in the next few days Thank you.",safety,medium,train,Public Safety,0
"At near the petrol pump in Defence View, half the lights on this stretch were never replaced after the storm for the last three days. kidly send someone to look at it in the next few days",electricity,medium,train,Electricity & Streetlights,0
police gasht bilkul nahi hoti at on Korangi Road. This has been the case for the last three days. please look into it in the coming days,safety,medium,train,Public Safety,1
"there are deep potholes all along this stretch at Sector 11-B, Nazimabad near a government girls school and nobody has come to check for several months. please treat this as ugrent, the situation is getting worse daily",road,high,train,Roads & Infrastructure,0
"Assalam o alaikum, construction malba has been dumped on the empty plot near Gadap Town Block 2. it is urgent because a school is right beside it We request immediate attention.",waste,high,train,Sanitation & Solid Waste,0
At near the mobile market in Surjani Town rash driving by mini buses has caused several near misses since yesterday it is causing daily inconvenience to the residents Please arrange for the concerned staff to check it,safety,medium,train,Public Safety,0
"Assalam o alaikum, there are sparks coming from the connection at night in front of near the mobile market in Bahadurabad near Civil Hospital, and elderly pateints live in this lane and cannot setp outside. The entire street of about forty houses is affected",electricity,high,train,Electricity & Streetlights,0
"I want to report that gutter ubal raha hai at Plot 22, Federal B Area near a maternity home, for several months. many families and children are affected by it every single day. Elderly patients live in this lane and cannot step outside Thank you.",drainage,high,train,Drainage & Sewerage,1
"Respected sir, stray dogs and cats tear open the bags and scatter the waste at Plot 22, Lyari, since yesterday. please arrange for the concerned staff to check it Kindly resolve it soon !!!!",waste,medium,train,Sanitation & Solid Waste,0
"a child was injured here yesterday and we fear a worse accident sewage water has entered our lane at Sector 5-C, Landhi near a madrassa. Shukriya. Again, sewage water has entered our lane.",drainage,critical,train,Drainage & Sewerage,0
"Problem area on Sharae Noor Jehan. Details: parking ke naam par zabardasti paise liye ja rahe hain for two days now. Requesting the department to act. Bara meherbani ho gi, jaldi masla hal karain.",other,low,test,General Administration,1
"the water hydrant staff say the supply quota for our area was reduced — Street 14, North Nazimabad. please add it to the regular maintenance list. Not an emergency at all, just a routine request",water,low,test,Water Supply,0
"LOG KACHRA JALA RAHE HAIN, DHUAN GHAR ME AATA HAI AT GULBERG TONW NEAR THE SCHOOL VAN STOP AND NOBODY HAS COME TO CHECK FOR MORE THAN 20 DAYS. THIS HAS BECOME A SERIOUS HEALTH HAZARD FOR THE WHOLE AREA BARA MHEERBANI HO GI, JALDI MASLA HAL KARAIN.",waste,high,train,Sanitation & Solid Waste,1
"transformer bar bar trip kar raha hai at Sector 11-B, Korangi near Civil Hospital and nobody has come to check for several months. a motorcyclist fell and broke his arm last night. An ambulance could not reach the hospital gate because of it Bara meherbani ho gi, jaldi masla hal karain.",electricity,critical,train,Electricity & Streetlights,1
"At near the community centre in Surjani Town, drug users gather here after dark and residents feel unsafe since yesterday. we have complained at the local office twice already with no result. It is causing inconvenience and should be fixed soon",safety,medium,train,Public Safety,0
STRAY DOGS AND CATS TEAR OPEN THE BAAGS AND SCATER THE WASTE AT ON KORANGI ROAD. THIS HAS BEEN THE CASE SINCE YESTERDAY. KINDLY LOOK INTO IT WHENEVER A TEAM IS FREE,waste,low,train,Sanitation & Solid Waste,0
the asphalt has peeled off and the base layer is exposed. Location: near the flyover ramp in Gulistan-e-Johar. we have been waiting for a response for a while now Kindly resolve it soon.,road,medium,train,Roads & Infrastructure,0
manhole ka dhakkan toota hua hai Location: near the bus stop in Model Colony it is causing inconvenience and should be fixed soon Our family has been facing this for several days now Thank you,drainage,medium,train,Drainage & Sewerage,1
yahan mobile snatching bohot ho rahi hai at New Karachi.,safety,medium,train,Public Safety,1
"Kindly note that sarak ki halat bohot kharab hai, gaari nikalna mushkil hai since Friday at near the main mosque in Clifton. We request immediate attention.",road,medium,train,Roads & Infrastructure,1
"Kindly note that manhole ka dhqkkan toota hua hai since yesterday at Lanne 3, Landhi. Thank you. Bara meherbani ho gi, jaldi masla hal karain.",drainage,high,train,Drainage & Sewerage,1
we are forced to buy a private tanker every second day. Location: near a bank branch in Bahadurabad. kindly send someone to look at it in the next few days Thank you.,water,medium,train,Water Supply,0
"REPORTING AN ISSUE - THE FOLLOWING PROBLEM AT NEAR THE MAIN MOSQUE IN SITE AREA: METER READING GALAT LAGAI JA RAHI HAI. IT HAS BECOME A SERIOUS HEALTH HAZARD FOR THE ENTIRE BLOCK AGAIN, METER READING GALAT LAGAI JA RAHI HAI.",electricity,high,test,Electricity & Streetlights,1
Please be informed that the road has caved in after the rain near near the union council office in Lyari. we have complained at the local office twice already with no result Please take action.,road,medium,train,Roads & Infrastructure,0
"Assalam o alaikum, the gutter has been overflowing at near the katchi abadi in Saddar, since yesterday. it is causing inconvenience and should be fixed soon We request immediate attention!!!",drainage,medium,train,Drainage & Sewerage,0
"Please be informed that people are burning the garbage pile and the smoke enters our homes in front of on Khayaban-e-Ittehad, and the entire street of about forty houses is affected",waste,high,train,Sanitation & Solid Waste,0
Assalam o alaikum the newly laid patch has already sukn in the middle at Block 13-D Orangi Town since yeserday it is causing inconvenience and should be fixed soon Kindly resolve it soon Again the newly laid patch has already sunk in the middle,road,medium,train,Roads & Infrastructure,0
"hum ko roz tanker mangwana par raha hai at Phase 2, Jamshed Road and nobody has come to check since this morning. our family has been facing this for several days now!!!",water,medium,train,Water Supply,1
"road pe khudai kar ke chor di gayi hai at on Sharae Noor Jehan. This has been the case since Friday. it is causing inconvenience and should be fixed soon Bara meherbani ho gi, jaldi masla hal karain.",road,medium,train,Roads & Infrastructure,1
the sewerage line is choked and dirty water is on the street at on Korangi Road.,drainage,high,train,Drainage & Sewerage,0
"loudspeakers from a marriage hall run past midnight every weekend at near the union council office in Malir. This has been the case for the last three days. this is a minor issue, whenever it is convenient. This is only a suggestion for improvement",other,low,train,General Administration,0
"speed breaker toota hua hai at on Shahrah-e-Faisal. Bara meherbani ho gi, jaldi masla hal karain??!",road,high,train,Roads & Infrastructure,1
"Location Gulshan-e-Iqbal Block 13-D near a madrassa - yahan mobile snatching bohot ho rahi hai, ongoing for more than 20 days. it is urgent because a school is right beside it Please do the needful.",safety,high,test,Public Safety,1
"kachra utha nahi hai kai din se at on I.I. Chundrigar Road and nobody has come to check for almost a month. an elderly man fell into it and had to be taken to emergency Bara meherbani ho gi, jaldi masla hal karain.",waste,critical,train,Sanitation & Solid Waste,1
"Kindly note that the booster pump at the hydrant has stopped working in front of Plot 22, Gulistan-e-Johar near the school van stop, and the entire street of about forty houses is affected. There is a government school right next to it and hundreds of children pass daily",water,high,train,Water Supply,0
"bijli nahi aa rahi hamare block me at near the petrol pump in DHA Phase 6 and nobody has come to check for two days now. we have complained at the local office twice already with no result Bara meherbani ho gi, jaldi masla hal karain.",electricity,medium,train,Electricity & Streetlights,1
"the garbage container is overflowing onto the road at near the vegetable market in Manghopir. This has been the case for two days now. we have complained at the local office twice already with no result. Please arrange for the concerned staff to check it Again, the garbage container is overflowing onto the road.",waste,medium,train,Sanitation & Solid Waste,0
an illegal gas cylinder refilling shop could explode any day in the crowded market. Location: near the petrol pump in North Nazimabad. it is causing daily inconvenience to the residents We request immediate attention.,safety,medium,train,Public Safety,0
"it is causing daily inconvenience to the residents the drain is blocked and the water is not going anywhere at Plot 22, Garden East. Shukriya??!",drainage,medium,train,Drainage & Sewerage,0
"Assalam o alaikum, the road is uneven and bikes lose balance on it in front of on Sir Shah Suleman Road, and it is causing inconvenience and should be fixed soon",road,medium,train,Roads & Infrastructure,0
reporting from lyari near civil hospital: whatever comes out of the tap is yellow and undrinkable,water,high,test,Water Supply,0
"To the concerned department, the newly laid patch has already sunk in the middle at House 4-B, Gulberg Town, since yesterday. there is no urgency, just registering it formally Please take action.",road,low,train,Roads & Infrastructure,0
"we have been waiting for a response for a while now there is rotting waste and an unbearable smell at Gali No 7, Clifton. Kindly resolve it soon!!!",waste,medium,train,Sanitation & Solid Waste,0
the road tarmac is cracked into pieces and loose stones are flying up — near the community centre in Clifton near the school van stop. it has become a serious health hazard for the entire block,road,high,test,Roads & Infrastructure,0
REPORTING FROM NEAR THE VEGETABLE MARKET IN GULSHAN-E-IQBAL: THE WATER SUB-LINE TO OUR BLOCK APPEARS TO HAVE BEEN DISCONNECTED.,water,low,test,Water Supply,0
"broken road with loose gravel everywhere at Street 14, Manghopir.",road,medium,train,Roads & Infrastructure,0
"Assalam o alaikum, shadi hall ke loudspeaker raat bhar chalte hain near Federal B Area Phase 2 near Ziauddin Hospital. part of the structure has already collapsed We request immediate attention.",other,critical,train,General Administration,1
"the kachra kundi was removed & now everyone dumps in the open. Location: Block 5, Nazimabad near the children's park. dengue & gastro cases have started appearing in the area Please taek actioon.",waste,high,train,Sanitation & Solid Waste,0
"safai bilkul nahi hoti yahan. Location: near the community centre in Buffer Zone. kindly look into it whenever a team is free. This is a minor issue, whenever it is convenient Kindly resolve it soon. Bara meherbani ho gi, jaldi masla hal karain!!!",waste,low,train,Sanitation & Solid Waste,1
"At near the community centre in DHA Phase 6, drug users gather here after dark and residents feel unsafe for almost a month. a live wire is lying in the standing water. This is an emergency, please send a team today",safety,critical,train,Public Safety,0
Assalam o alaikum the newly laid patch has already sunk in the middle for several months at Gulistan-e-Jhar Phase 2 near a government girls school Kindly resolve it soon,road,critical,train,Roads & Infrastructure,0
"reporting an issue - the following problem at block 5, lyari: the electricity feeder for our lane trips every time an appliance is switched on. kindly send someone to look at it in the next few days. it is affecting a few households on our side of the lane again, the electricity feeder for our lane trips every time an appliance is switched on.",electricity,medium,test,Electricity & Streetlights,0
"At near a bank branch in Gulberg Town near a madrassa, the public library has been closed since last year with no explanation for the past six weeks. it is on the main road and traffic jams for hours every morning. The entire street of about forty houses is affected",other,high,train,General Administration,0
"AT ON KHAYABAN-E-ITTEHAD, STREET LIGHT BAND HAI KAI HAFTON SE FOR TWO DAYS NOW. WE HAVE BEEN WAITING FOR A RESPONSE FOR A WHILE NOW",electricity,medium,train,Electricity & Streetlights,1
road bilkul toot gayi hai. Location: near the bus stop in Shah Faisal Colony. please look into it in the coming days Please take action.,road,medium,train,Roads & Infrastructure,1
"To the concerned department, sarak par bara gaddha ban gaya hai near on Nishtar Road. a motorcyclist fell and broke his arm last night Kindly resolve it soon.",road,critical,train,Roads & Infrastructure,1
"Janab, residents near near the mobile market in Liaquatabad are affected because shopkeepers throw their leftovers directly onto the pavement here. it is affecting a few households on our side of the lane Requesting the department to act.",waste,medium,test,Sanitation & Solid Waste,0
"dispensary hafte me sirf do din khulti hai at Block 5, Orangi Town near a primary school. This has been the case since the last monsoon. there is a government school right next to it and hundreds of children pass daily Bara meherbani ho gi, jaldi masla hal karain.",other,high,train,General Administration,1
"there is a government school rgiht next to it & hundreds of children pass daily pani bilkul nahi aa raha at near the community centre in defence view. plz take action. bara meherbani ho gi, jaldi masla hal karain.",water,high,train,Water Supply,1
wires are hanging loose from the pole at on Rashid Minhas Road. This has been the case for over two weeks. it is urgent because a school is right beside it,electricity,high,train,Electricity & Streetlights,0
Reporting an issue - the following problem at Clifton: the water hydrant staff say the supply quota for our area was reduced. it is causing inconvenience and should be fixed soon,water,medium,test,Water Supply,0
this is only a suggestion for improvement Low priority only mentioning it so it is on record purani deewar girne wali hai at PECHS Lane 3 Please take action,safety,low,train,Public Safety,1
"Janab, residents near Plot 22, Baldia Town are affected because the street lights have not been working. it is urgent because a school is right beside it Regards.",electricity,high,test,Electricity & Streetlights,0
"Respected sir, valve wala time par valve nahi kholta in front of Nazimabad House 4-B, and please treat this as urgent, the situation is getting worse daily Bara meherbani ho gi, jaldi masla hal karain. Again, valve wala time par valve nahi kholta.",water,high,train,Water Supply,1
"At Block 5, Saddar, the water line has burst and water is being wasted since Friday. just a routine request, nothing urgent at all!!",water,low,train,Water Supply,0
"Location on Sir Shah Suleman Road - sweepers have not come to clean this lane, ongoing for several months. kindly arrange a visit sometime this week Awaiting your response.",waste,medium,test,Sanitation & Solid Waste,0
"there is no police patrolling and street crime has increased at Block 2, Kemari and nobody has come to check for two days now. just a routine request, nothing urgent at all",safety,low,train,Public Safety,0
"Location Phase 2, Orangi Town near the school van stop - a huge heap of trash is lying at the corner, ongoing for more than 20 days. children walking to school have to wade through it every day Awaiting your response.",waste,high,test,Sanitation & Solid Waste,0
Reporting from near the community centre in Defence View: the electric pole is leaning dangerously.,electricity,low,test,Electricity & Streetlights,0
"To the concerned department, waste water has started seeping into the ground floor rooms near Malir. it is on the main road and traffic jams for hours every morning Shukriya. Again, waste water has started seeping into the ground floor rooms !!!!",drainage,high,train,Drainage & Sewerage,0
"Respected sir, there is rotting waste and an unbearable smell in front of on Abul Hasan Isphahani Road, and our family has been facing this for several days now. Kidnly send someone to look at it in the next few days",waste,medium,train,Sanitation & Solid Waste,0
THE GARBAGE CONTAINER IS OVERFLOWING ONTO THE ROAD AT NEAR THE BUS STOP IN SADDAR & NOBODY HAS COME TO CHECK FOR THE LAST THREE DAYS. IT IS CAUSING INCONVENIENCE & SHOULD BE FIXED SOON,waste,medium,train,Sanitation & Solid Waste,0
there has been no water supply in our line location: street 14 new karachi low priority only mentioning it so it is on record just a routine request nothing urgent at all we request immediate attention,water,low,train,Water Supply,0
"a hospital entraance is barely fifty metres from here The reason is that the boundary wall of the plot is about to collapse on passers-by, right at near the maiin mosque in Garden East near the school van stop. Agaun, the boundary wall of the plot is about to collapse on passers-by.",safety,high,test,Public Safety,0
to the concerned department hum ko roz tanker mangwana par raha hai in front of sector 5-c malir and please look into it in the coming days bara meherbani ho gi jaldi masla hal karain,water,medium,train,Water Supply,1
broken road with loose gravel everywhere; this situation at near the community centre in Lyari has continued since this morning. it is affecting a few households on our side of the lane. It is causing inconvenience and should be fixed soon Awaiting your response.,road,medium,test,Roads & Infrastructure,0
"I want to report that there is no electricity in our block in front of on University Road, and there is no urgency, please handle it in the routine schedule",electricity,low,train,Electricity & Streetlights,0
"at block 2, surjani town, sweepers have not come to clean this lane since this morning. this is a minor issue, whenever it is convenient",waste,low,train,Sanitation & Solid Waste,0
Complaint: the following problem at Sector 11-B Saddar: safai bilkul nahi hoti yahan it is extremely urgent please treat it as an emergency Bara meherbani ho gi jaldi masla hal karain,waste,critical,test,Sanitation & Solid Waste,1
a trrench dug by the gas company was never filled back at on Abul Hasan Isphhani Road,road,medium,train,Roads & Infrastructure,0
"respected sir, there is no electricity in our block near clifton. there is a government school right next to it and hundreds of children pass daily thank you.",electricity,high,train,Electricity & Streetlights,0
I want to report that drug users gather here after dark and residents feel unsafe near Block A Orangi Town it is urgent because a school is right beside it We request immediate attention,safety,high,train,Public Safety,0
"Problem area Block 2, Malir near a maternity home. Details: mor par roz chaini snatching hoti hai for the past six weeks. Awaiting your response. Bara meherbani ho gi, jaldi masla hal karain.",safety,critical,test,Public Safety,1
sarak par bara gaddha ban gaya hai at near the mobile market in Clifton near a primary school. This has been the case for almost a month. this has become a serious health hazard for the whole area,road,high,train,Roads & Infrastructure,1
the street lights have not been working. Location: on Maripur Road. our family has been facing this for several days now Please take action!!!,electricity,medium,train,Electricity & Streetlights,0
"manhole ka dhakkan toota hua hai at Baldia Town Plot 22 and nobody has come to check for the past six weeks. this is a minor issue, whenever it is convenient. Just a routine request, nothing urgent at all Bara meherbani ho gi, jaldi masla hal karain.",drainage,low,train,Drainage & Sewerage,1
"I want to report that road bilkul toot gayi hai for several months at Manghopir near a primary school. Please take action. Again, road bilkul toot gayi hai.",road,high,train,Roads & Infrastructure,1
"Respected sir, cinstruction malba has been dumped on the empty plot near near a bank branch in DHA Phase 6. a large number of residents are suffering because of it Please take action.",waste,high,train,Sanitation & Solid Waste,0
For for several months now pani bilkul nahi aa raha around near the petrol pump in Malir near the school van stop plz do the needful,water,high,test,Water Supply,1
"To the concerned department, speed breaker toota hua hai for the last three days at Lyari Block 2. Kindly resolve it soon. Bara meherbani ho gi, jaldi masla hal karain.",road,medium,train,Roads & Infrastructure,1
"paani ka pressure bohot kam hai at Block A, Surjani Town.",water,high,train,Water Supply,1
"Location Phase 2, Malir - gandagi ki wajah se makhiyan bohot ho gayi haain, ongoig since the last monsoon. a woman in labour could not be taken out of the lqne in time Regards.",waste,critical,test,Sanitation & Solid Waste,1
For since yesterday now a dangerous dilapidated structure is about to fall on people using the footpath around Block 13-D Gulshan-e-Iqbal Requesting the department to act,safety,low,test,Public Safety,0
"please treat this as urgent, the situation is getting worse daily the reason is that sewage water has entered our lan, right at on sir shah suleman road.",drainage,high,test,Drainage & Sewerage,0
"Assalam o alaikum, the booster pump at the hydrant has stopped working since Friday at near the mobile market in Gulberg Town. We request immediate attention!!",water,low,train,Water Supply,0
"Please be informed that there is rotting waate and an unbearable smell at Gadap Town House 4-B, since yesterday. please look into it in the coming days Thank you!!",waste,medium,train,Sanitation & Solid Waste,0
rain water from the last spell has still not drained out at Kemari.,drainage,medium,train,Drainage & Sewerage,0
"At Lane 3, Federal B Area, barish ka pani abhi tak nhai nikla since thks morning. our family has been facing this for several days now. We have been waiting for a response for a while now",drainage,medium,train,Drainage & Sewerage,1
Reporting from on Maripur Road: the storm drain outlet has been sealed by an illegal construction.,drainage,low,test,Drainage & Sewerage,0
our family has been facing this for several days now we cannot get our property tax challan corrected at the office at near a bank branch in Gadap Town. We request immediate attention !!!!,other,medium,train,General Administration,0
sweepers have not come to clean this lane at on Stadium Road.,waste,medium,train,Sanitation & Solid Waste,0
"yahan mobile snatching bohot ho rahi hai at Gulberg Town Gali No 7. Bara meherbani ho gi, jaldi masla hal karain.",safety,low,train,Public Safety,1
a hueg heap of trash is lying at the corner at on Maripur Road.,waste,medium,train,Sanitation & Solid Waste,0
"assalam o alaikum, park par qabza kar liya gaya hai in front of on rashid minhas road, and there is no urgency, please handle it in the routine schedule",other,low,train,General Administration,1
"the booster pump at the hydrant has stopped working at Phase 2, Gulistan-e-Johar.",water,medium,train,Water Supply,0
"To the concerned department, we r forced to buy a private tanker every second day at on Hub River Road, for two days now. this is only a suggestion for improvement Shukriya. Again, we r forced to buy a private tznker every second day.",water,low,train,Water Supply,0
"Location Gali No 7, Garden East near Aga Khan Hospital - the fire exit of the crowded plaza has been welded shut, trapping everyone inside, ongoing since tihs morning. two schools and a clinic are on the same stretch Regards.",safety,high,test,Public Safety,0
"the water supply timing was shifted and now nothing reaches our end of the lae — Phase 2, Bahadurabad. not an emergency at all, jut a routine request",water,low,test,Water Supply,0
transformer bar bar trip kar raha hai at on M.A. Jinnah Road and nobody has come to check for more than 20 days. a large number of residents are suffering because of it. It is urgent because a school is right beside it,electricity,high,train,Electricity & Streetlights,1
"At Orangi Town, hospital waste has been mixed with the household garbage for almost a month. it is causing inconvenience and should be fixed soon. It is causing daily inconvenience to the residents",waste,medium,train,Sanitation & Solid Waste,0
nalah kachre se bhar gaya hai. Location: near the katchi abadi in Gulshan-e-Iqbal. our family has been facing this for several days now Kindly resolve it soon.,drainage,medium,train,Drainage & Sewerage,1
street light band hai kai hafton se. Location: on Tariq Road. it is causing daily inconvenience to the residents. Our family has been facing this for several days now Shukriya.,electricity,medium,train,Electricity & Streetlights,1
paani ka pressure bohot kam hai at on Abul Hasan Isphahani Road and nobody has come to check since Friday. this is only a suggestion for improvement,water,low,train,Water Supply,1
"the road surface has completely broken up at House 4-B, Model Colony & nobody has come to check for two days now. we have complained at the local office twice already wid no result",road,medium,train,Roads & Infrastructure,0
"FOR FOR ALMOST A MONTH NOW, THE KERB STONES HAVE COLLAPSED ONTO THE ROAD DRIVING LANE AROUND NEAR THE MOBILE MARKET IN KEMARI. REQUESTING THE DEPARTMENT TO ACT.",road,low,test,Roads & Infrastructure,0
there have been repeated mobile snatching incidents here at near the main mosque in SITE Area. This has been the case for over two weeks. elderly patients live in this lane and cannot strp outside !!!!,safety,high,train,Public Safety,0
"location gali no 7, buffer zone near the children's park - black sewage is bubbling up from the drain inspection chamber, ongoing for over two weeks. it has become a serious health hazard for the entire block meherbani ho gi.",drainage,high,test,Drainage & Sewerage,0
"OUR OVERHEAD TANK NEVER FILLS EVEN AFTER FOUR HOURS OF SUPPLY AT BLOCK 13-D, GADAP TOWN. THIS HAS BEEN THE CASE FOR TWO DAYS NOW. KINDLY LOOK INTO IT WHENEVER A TEAM IS FREE AGAIN, OUR OVERHEAD TANK NEVER FILLS EVEN AFTER FOUR HOURS OF SUPPLY.",water,low,train,Water Supply,0
"Assalam o alaikum, the sewer line was never connected to the main trunk since yesterday at Block 5, DHA Phase 6. Kindly resolve it soon. Again, the sewer line was never connected to the main trunk.",drainage,medium,train,Drainage & Sewerage,0
the meter reading is being estimated and the bill is impossible at Block 2 Nazimabad,electricity,medium,train,Electricity & Streetlights,0
the community hall booking process is completely opsque at on Tariq Road.,other,high,train,General Administration,0
"respected sir, speed breaker toota hua hai near on shahrah-e-faisal. it is extremely urgent, pleaase treat it as an emergency. a person has already been injured because of this please take action. bara meherbani ho gi, jaldi masla hal karain.",road,critical,train,Roads & Infrastructure,1
"unannounced load shedding is running for eight hours a day at on I.I. Chundrigar Road near a maternity home. This has been the case for several months. the entire street of about forty houses is affected. Many families and children are affected by it every single day Again, unannounced load shedding is running for eight hours a dayy??!",electricity,high,train,Electricity & Streetlights,0
"At Clifton, the pole mounted box is open and children can raech the terminals for over two weeks. kindly send someone to look at it in the next few days",electricity,medium,train,Electricity & Streetlights,0
jo pani aata hai wo gandha aur badbudar hai. Location: Federal B Area. it is urgent because a school is right beside it Shukriya.,water,high,train,Water Supply,1
"Assalam o alaikum, paani ka pressure bohot kam hai in front of Block 5, Federal B Area, and the entire street of about forty houses is affected Bara meherbani ho gi, jaldi masla hal karain.",water,high,train,Water Supply,1
there are deep potholes all along this stretch at Block 5 PECHS near a maternity home This has been the case for several months a child was injured here yesterday & we fear a worse accident,road,critical,train,Roads & Infrastructure,0
"respected sir, barish ka pani abhi tak nahi nikla at on hub river road, since yesterday. there is no urgency, please handle it in the routine schedule thank you.",drainage,low,train,Drainage & Sewerage,1
for since ramzan now the contractor's truck skips our lane every single round around near the petrol pump in surjani town regards,waste,high,test,Sanitation & Solid Waste,0
"there has been no water suppyl in our line at on Khayaban-e-Itttehad and nobody has come to check since yesterday. there is no urgency, please handle it in the routine schedule",water,low,train,Water Supply,0
"at near the vegetable market in gulberg town near the school van stop, footpath par dukan barha di gayi hai for the past six weeks. it is urgent because a school is right beside it. the entire street of about forty houses is affected bara meherbani ho gi, jaldi masla hal karain!!",other,high,train,General Administration,1
waste water has started seeping into the ground floor rooms at near the vegetable market in Model Colony and nobody has come to check since Friday. plz arrange for the conncerned staff to check it,drainage,medium,train,Drainage & Sewerage,0
"this is an emergency, please send a team today the sewerage line is choked and dirty water is on the street at near the main mosque in Buffer Zone. We request immediate attention.",drainage,critical,train,Drainage & Sewerage,0
"At Gali No 7, Manghopir, a huge heap of trash is lying at the corner for several months. the whole block has been suffering and tempers are rising",waste,high,train,Sanitation & Solid Waste,0
"stray dogs and cats tear open the bags and scatter the waste at Sector 11-B, Fedeeral B Area. This has been the cae for two days nlw. there is no urgency, plz handlle it in the routine schedule",waste,low,train,Sanitation & Solid Waste,0
nalah kachre se bhar gaya hai at near the main mosque in Saddar near Civil Hospital and nobody has come to check for over two weeks a child was injured here yesterday and we fear a worse accident This is an emergency please send a team today Bara meherbani ho gi jaldi masla hal karain,drainage,critical,train,Drainage & Sewerage,1
"Assalam o alaikum, road pe khudai kar ke chor di gayi hai in front of near the vegetable market in Defence View, and it is causing daily inconvenience to the residents. Our family has been facing this for several days now",road,medium,train,Roads & Infrastructure,1
"I want to report that a trench dug by the gas company was never filled back in front of Block 2, Saddar, and the entire street of about forty houses is affected",road,high,train,Roads & Infrastructure,0
"Please be informed that taar latak rahi hain khambe se near Block 13-D, Malir. there is no urgency, just registering it formally We request immediate attention.",electricity,low,train,Electricity & Streetlights,1
"it is on the main road and traffic jams for hours every morning manhole ka dhakkan toota hua hai at Sector 5-C, PECHS. We request immediate attention. Again, manhole ka dhaakkan toota hua hai.",drainage,high,train,Drainage & Sewerage,1
Kindly note that the garbage container is overflowing onto the road near PECHS Street 14. the whole block has been suffering and tempers are rising Shukriya.,waste,high,train,Sanitation & Solid Waste,0
"taar latak rahi hain khambe se at on Nishtar Road near the children's park. Bara meherbani ho gi, jaldi masla hal karain.",electricity,critical,train,Electricity & Streetlights,1
THE OPEN SEWAGE CHANNEL BEHIND THE MARKET HAS STOPPED FLOWING ENTIRELY — NEAR THE KATCHI ABADI IN GADAP TOWN NEAR THE CHILDREN'S PARK. TWO SCHOOLS AND A CLINIC ARE ON THE SAME STRETCH,drainage,high,test,Drainage & Sewerage,0
"Please be informed that the road has caved in after the rain at on Maripur Road near Jinnah Hospital emergency gate, for several monts. please treat this as urgent, the situation is getting worse daily Kindly resolve it soon. Again, the road has caved in after the rain.",road,high,train,Roads & Infrastructure,0
Please be informed taht gali me kooray ka bara dher lag gaya hai near North Nazimabad House 4-B near Aga Khan Hospital. the entire street of about forty houses is affected Thank you.,waste,high,train,Sanitation & Solid Waste,1
"a person has already been injuerd because of this the pole mounted box is open and children can reach the terminals at house 4-b, gulistan-e-johar near jinnah hospital emergency gate. please take action !!!!",electricity,critical,train,Electricity & Streetlights,0
"rasta itna kharab hai ke rickshaw ulat jata hao; this situation at lane 3, manghopir has continued since yesterday. please arrange for the concerned staff to check it awaiting your reponse.",road,medium,test,Roads & Infrastructure,1
"At Mlair Block 2, wires are hanging loose from the pole since yesterday. kindly send someone to lopk at it in the next few days",electricity,medium,train,Electricity & Streetlights,0
IT IS EXTREMELY URGENT PLEASE TREAT IT AS AN EMERGENCY A MOTORCYCLIST FELL AND BROKE HIS ARM LAST NIHGT THE SEWER LINE WAS NEVER CONNECTED TO THE MAIN TRUNK AT LANE 3 DEFENCCE VIEW KINDLY RESOLVE IT SOON,drainage,critical,train,Drainage & Sewerage,0
Kindly note that manhole ka dhakkan toota hua hai since this morning at Gulberg Town Block A. Thank you.,drainage,medium,train,Drainage & Sewerage,1
kindly note that sewerage ka pani gali me phail gaya hai since friiday at near the bus stop in malir please take action bara meherbaani ho gi jaldi masla hal karain,drainage,medium,train,Drainage & Sewerage,1
"TRANSFORMER BAR BAR TRIP KAR RAHA HAI AT BLOCK 5, SADDAR AND NOBODY HAS COME TO CHECK SINCE THIS MORNING. OUR FAMILY HAS BEEN FACING THIS FOR SEVERAL DAYS NOW",electricity,medium,train,Electricity & Streetlights,1
many families and children are affected by it every single day The reason is that patch dala tha wo dobara ukhar gaya right at on Khayaban-e-Ittehad near a government girls school Bara meherbani ho gi jaldi masla hal karain,road,high,test,Roads & Infrastructure,1
At Block 2 Surjani Town the newly laid patch has already sunk in the middle for several months kindly send someone to look at it in the next few days Again the newly laid patch has already sunk in the middle!!,road,medium,train,Roads & Infrastructure,0
a very large pothole has formed in the middle of the road at lyari sector 11-b.,road,medium,train,Roads & Infrastructure,0
Kindly note that a very large pothole has formed in the middle of the road near Manghopir House 4-B. the entire street of about forty houses is affected Thank you!!,road,high,train,Roads & Infrastructure,0
"At Nazimabad, gali me kooray ka bara dher lag gaya hai since yesterday. please look into it in the coming days Bara meherbani ho gi, jaldi masla hal karain. Again, gali me kooray ka bara dher lag gaya hai.",waste,medium,train,Sanitation & Solid Waste,1
"taar latak rahi hain khambe se at Phase 2, Manghopir.",electricity,critical,train,Electricity & Streetlights,1
there have been repeated mobile snatching incidents here Location: near the mobile market in Bahadurabad sewage has mixed into the drinking water line and people are vomiting It is extremely urgent ppease trreat it as an emergency Shukriya,safety,critical,train,Public Safety,0
"Dear municipal team, the following problem at near the mobile market in North Nazimabad: gali me kooray ka bara dher lag gaya hai. we have been waiting for a response for a while now Bara meherbani ho gi, jaldi masla hal karain.",waste,medium,test,Sanitation & Solid Waste,1
At near the petrol pump in Clifton the sewerage line is choked & dirty water is on the street since the last monsoon this is an emergency & needs immediate attention This is an emergency plz send a team today,drainage,critical,train,Drainage & Sewerage,0
"dear municipal team, residents near on khayaban-e-ittehad are affected because sweepers have not come to clean this lane. kindly arrange a visit sometime this week. we would appreciate it if the concerned staff could check it please do the needful.",waste,medium,test,Sanitation & Solid Waste,0
"it is causing inconvenience and should be fixed soon The reason is that the water pipeline joint is sprayimg clean water into the street all day, right at Lane 3, Orangi Town.",water,medium,test,Water Supply,0
"the electric pole is leaning dangerously. Location: on Sir Shah Suleman Road. we have been waiting for a response for a while now. Please look into it in the coming days Thank you. Again, the electric pole is leaning dangerously.",electricity,medium,train,Electricity & Streetlights,0
the water that comes is muddy and smells of chemicals at PECHS. This has been the case since this morning. kindly send someone to look at it in the next few days. Please arrange for the concerned staff to check it,water,medium,train,Water Supply,0
"WE THE RESIDENTS OF BLOCK 5, KORANGI NEAR A PRIIMARY SCHOOL REPORT THAT A PACK OF STRAY DOGS IS ATTACKING PEOPLE. CURRENT IS PASSING THROUGH THE WATER WHERE CHILDREN WALK",safety,critical,test,Public Safety,0
Reporting from near the main mosque in Gadap Town: the electricity feeder for our lane trips every time an appliance is switched on.,electricity,high,test,Electricity & Streetlights,0
"shadi hall ke loudspeaker raat bhar chalte hain at on M.A. Jinnah Road and nobody has come to check for the last three days. kindly send someone to look at it in the next few days. We have been waiting for a response for a while now Bara meherbani ho gi, jaldi masla hal karain.",other,medium,train,General Administration,1
PANI KI LINE LEAK HO RAHI HAI AT NEAR THE PETROL PUMP IN SADDAR THIS HAS BEEN THE CASE SINCE THIS MORNING IT IS A SMALL ISSUE BUT PLZ NOTE IT FOR THE RECORD,water,low,train,Water Supply,1
the road surface has completely broken up. Location: Garden East Block 2. it is causing daily inconvenience to the residents Thank u!!,road,medium,train,Roads & Infrastructure,0
"the electric pole is leaning dangerously at Orangi Town Gali No 7. This has been the case for over two weeks. there is no urrgency, please handle it in the routine schedule",electricity,low,train,Electricity & Streetlights,0
the main water pipe is leaking badly at near the community centre in Gadap Town and nobody has come to check for the last three days. it is causing daily inconvenience to the residents,water,medium,train,Water Supply,0
"Please be informed that banner laga kar rasta band kar diya hai near Plot 22, Manghopir. there is no urgency, please handle it in the routine schedule. This is only a suggestion for improvement We request immediate attention. Again, banner laga kar rasta band kar diya hai.",other,low,train,General Administration,1
"Problem area Malir Sector 11-B. Details: chamber se kala pani upar aa raha hai since this morning. Please do the needful. Bara meherbani ho gi, jaldi masla hal karain.",drainage,low,test,Drainage & Sewerage,1
a trench dug by the gas company was never filled back Location: Lyari there is no urgency please handle it in the routine schedule We request immediate attention,road,low,train,Roads & Infrastructure,0
the meter reading is being estimated and the bill is impossible. Location: Jamshed Road Block 13-D. please look into it in the coming days Thank you.,electricity,medium,train,Electricity & Streetlights,0
"park par qabza kar liya gaya hai at House 4-B, Gulistan-e-Johar. This has been the case for the past six weeks. this has become a serious health hazard for the whole area. The entire street of about forty houses is affected Again, park par qabza kar liya gaya hai??!",other,high,train,General Administration,1
"I WANT TO REPORT THAT THE WATER LINE HAS BURST AND WATER IS BEING WASTED NEAR FEDERAL B AREA. IT IS ON THE MAIN ROAD AND TRAFFIC JAMS FOR HOURS EVERY MORNING WE REQUEST IMMEDIATE ATTENTION. AGAIN, THE WATER LINE HAS BURST AND WATER IS BEING WASTED.",water,high,train,Water Supply,0
"For since yesterday now, clean drinking water has not reached our houses around Block 13-D, Buffer Zone. Awaiting your response.",water,medium,test,Water Supply,0
To the concerned department dispensary hafte me sirf do din khulti hai in front of near a bank branch in Malir and kindly look into it whenever a team is free Again dispensary hafte me sirrf do din khulti hai,other,low,train,General Administration,1
"We the residents of Lane 3, Lyari report that the local dispensary staff refuse to register walk-in patients. it is causing inconvenience and should be fixed soon. We would appreciate it if the concerned staff could check it",other,medium,test,General Administration,0
WE ARE FORCED TO BUY A PRIVATE TANKER EVERY SECOND DAY AT ON KORANGI ROAD. THIS HAS BEEN THE CASE FOR ALMOST A MONTH. WE HAVE BEEN WAITING FOR A RESPONSE FOR A WHILE NOW,water,medium,train,Water Supply,0
Kindly note that the asphalt has peeled off and the base layer is exposed since yesterday at Gadap Town Street 14. Please take action.,road,medium,train,Roads & Infrastructure,0
"At near a bank branch in Nazimabad, purani deewar girne wali hai since the last monsoon. dengue and gastro cases have started appearing in the area",safety,high,train,Public Safety,1
"To the concerned department, dispensary hafte me sirf do din khulti hai for two days now at Block A, Garden East. Shukriya.",other,low,train,General Administration,1
Problem area Baldia Town Details: sarak par bara gaddha ban gaya hai since yesterday Awaiting your response Bara mehrbani ho gi jaldi masla hal karsin,road,medium,test,Roads & Infrastructure,1
"waste water has started seeping into the ground floor rooms at Blck 2, Shah Faisal Colony near a maternity home. This has been the case for over two weeks. an ambulance could not reach the hospital gate because of it. This is an emergency, please send a team today Again, waste water has started seepnig into the ground floor rooms.",drainage,critical,train,Drainage & Sewerage,0
"construction malba has been dumped on the empty plot at Phase 2, DHA Phase 6. This has been the case for the last three days. kindly send someone to look at it in the next few days",waste,medium,train,Sanitation & Solid Waste,0
"PLEASE BE INFORMED THAT VALVE WALA TIME PAR VALVE NAHI KHOLTA AT GALI NO 7, MANGHOPIR, SINCE FRIDAY. PLEASE LOOK INTO IT IN THE COMING DAYS WE REQUEST IMMEDIATE ATTENTION.",water,medium,train,Water Supply,1
"Respected sir, awara kutte logon ko kaat rahe hain at near the katchi abadi in Malir, for more than 20 days. our family has been facing this for several days now We request immediate attention.",safety,medium,train,Public Safety,1
Respectted sir our overhaed tank ndver fills even after four hours of supply near Block A Kemari neaar a government girls school plezse treat this as urgent the situation is getting worse daily Many families and children are affected by it every single day Thank you Again our overhead tank never fills even aftr flur hours of supply,water,high,train,Water Supply,0
"To the concerned department, yahan khadde hi khadde hain near Block 2, Gadap Town. a child was injured here yesterday and we fear a worse accident Shukriya!!",road,critical,train,Roads & Infrastructure,1
a huge heap of trash is lying at the corner; this situation at near the flyover ramp in Jamshed Road has continued for more than 20 days. kindly send someone to look at it in the next few days. It is causing inconvenience and should be fixed soon Please do the needful.,waste,medium,test,Sanitation & Solid Waste,0
"At near the community centre in Manghopir, the valve man is not opening our valve at the scheduled time since yesterday. this is a minor issue, whenever it is convenient. It is a small issue but please note it for the record",water,low,train,Water Supply,0
THE WATER LINE HAS BURST AND WATER IS BEING WASTED AT ON SIR SHAH SULEMAN ROAD AND NOBODY HAS COME TO CHECK FOR ALMOST A MONTH. THIS HAS BECOME A SERIOUS HEALTH HAZARD FOR THE WHOLE AREA !!!!,water,high,train,Water Supply,0
Assalam o alaikum safai bilkul nahi hoit yahan near Block 2 Gulistan-e-Jhoar near a primary school the whole block has been suffering and tempers are rising Kindly resolve it soon,waste,high,train,Sanitation & Solid Waste,1
an open manhole in the middle of the walkway is a death trap at near the flyover ramp in DHA Phase 6 and nobody has come to check for more than 20 days. please arrange for the concerned staff to check it. Our family has been facing this for several days now,safety,medium,train,Public Safety,0
"Reporting from Sector 11-B, Garden Easst near the school van stop: black sewage is bubbling up from the drain inspection chamber !!!!",drainage,high,test,Drainage & Sewerage,0
"respected sir, street light band hai kai hafton se at on korangi road, for two days now. it is causing inconvenience and should be fixed soon please take action.",electricity,medium,train,Electricity & Streetlights,1
Respected sir half the lights on this stretch were never replaced after the storm for two days now at on Tariq Road Thank you !!!!,electricity,low,train,Electricity & Streetlights,0
"the whole block has been suffering and tempers are rising there is no electricity in our block at Block 5, Clifton near a madrassa. Please take action.",electricity,high,train,Electricity & Streetlights,0
"people are burning the garbage pile and the smoke enters our homes. location: near the community centre in lyari. low priority, only mentioning it so it is on record thank you.",waste,low,train,Sanitation & Solid Waste,0
"At Block 13-D, Gadap Town, the gutter has been overflowing for the last three days. it is urgent because a school is right beside it",drainage,high,train,Drainage & Sewerage,0
"assalam o alaikum, sarak par bara gaddha ban gaya hai since ramzan at gulshan-e-iqbal phase 2. thank you??!",road,critical,train,Roads & Infrastructure,1
"To the concerned department, an open manhole in the middle of the walkway is a death trap at near the katchi abadi in Malir, since Ramzan. someone received an electric shock this morning Please take action.",safety,critical,train,Public Safety,0
Reporting from on Rashid Minhas Road near the children's park: road bilkul toot gayi hai.,road,high,test,Roads & Infrastructure,1
"nalke se peela pani nikal raha hai; this situation at Shah Faisal Colony has continued since yesterday. we have been waiting for a response for a while now. We would appreciate it if the concerned staff could check it Requesting the department to act. Again, nalke se peela pani nikal raha hai.",water,medium,test,Water Supply,1
the sewer line was neevr connected to the main trunk. Location: on Sharae Noor Jehan near a madrassa. there is a government school right next to it and hundreds of children pass daily Please take action.,drainage,high,train,Drainage & Sewerage,0
it is causing daily inconvenience to the residents. we have complained at the local office twice already with no result the garbage container is overflowing onto the road at on i.i. chundrigar road. we request immediate attention.,waste,medium,train,Sanitation & Solid Waste,0
"assalam o alaikum, park par qabza kar liya gaya hai in front of block 2, clifton near a maternity home, and many families and children r affected by it every single day bara meherbani ho gi, jaldi masla hal karain.",other,high,train,General Administration,1
"At Sector 11-B, Landhi, transformer bar bar trip kar raha hai for two days now. we have complained at the local office tice already wid no result. Our family has been facing this for several days now",electricity,medium,train,Electricity & Streetlights,1
"Location on Tariq Road - the refuse dump beside our wall has doubled in size this month, ongoing for several months. it is urgent because a school is right beside it Awaiting your response.",waste,high,test,Sanitation & Solid Waste,0
"the main water pipe is leaking badly — on Korangi Road. not an emergency at all, just a routine request. A minor problem which can wait for the normal schedule",water,low,test,Water Supply,0
"Reporting from Landhi House 4-B near a madrassa: sewerage ka pani gali me phail gaya hai. Bara meherbani ho gi, jaldi masla hal karain.",drainage,high,test,Drainage & Sewerage,1
THE FIER BRIGAADE HAD TO BE CLALED LAST NIGHT THE REASON IS THAT THE TRANSFORMER KEEPS TRIPPING AGAIN & AGAIN RIGHT AT ON I I CHUNDRIGAR ROAD!!,electricity,critical,test,Electricity & Streetlights,0
"assalam o alaikum, log kachra jala rahe hain, dhuan ghar me aata hai at near the vegetable market in malir near a maternity home, for several months. this is an emergency and needs immediate attention. someone received an electric shock this morning kindly resolve it soon.",waste,critical,train,Sanitation & Solid Waste,1
"Janab, the following problem at Jamshed Road Sector 5-C: the electricity feeder for our lane trips every time an appliance is switched on. it is causing inconvenience and should be fixed soon",electricity,medium,test,Electricity & Streetlights,0
"Please be informed that drug users gather here after dark and residents feel unsafe in front of near the union conucil office in Nazimabad near Ziauddin Hospital, and the whole block has been suffering and tempers are riisng!!!",safety,high,train,Public Safety,0
"Kindly note that broken road with loose gravel everywhere at Malir Sector 5-C, for the past six weeks. someone received an electric shock this morning We request immediate attention.",road,critical,train,Roads & Infrastructure,0
"Respeced sir, the water that comes is muddy and smells of chemicals near Kemafi Block 5. there is a government school right next to it and hundeds of children pass daily Kindly resolve it soon. Again, the water that comes is muddy and smells of chemicals.",water,high,train,Water Supply,0
"the drain cover is broken and the sludge is exposed at Street 14, Federal B Area.",drainage,medium,train,Drainage & Sewerage,0
a motorcyclist fell and broke his arm last night the street lights have not been working at near the bus stop in landhi near the childern's park. kindly resollve it soon.,electricity,critical,train,Electricity & Streetlights,0
clean drinking water has not reached our houses at near the union council office in Gadap Town This has been the case since this morrning kindly look intto it whenever a team is free,water,low,train,Water Supply,0
"respected sir, the newly laid patch has already sunk in the middle near federal b area. please look into it in the coming days. please arrange for the cncerned staff to check it thank you. again, the newly liad patch has already sunk in the midlde??!",road,medium,train,Roads & Infrastructure,0
"Kindly note that paani ka pressure bohot kam hai at st 14, Liaquatabad, for more than 20 days. a person has already been injured bcz of this. A live wire is lying in the standing water Shukriya.",water,critical,train,Water Supply,1
we have complained at the local office twice already with no result police gasht bilkul nahi hoti at near the katchi abadi in Surjani Town. We request immediate attention.,safety,medium,train,Public Safety,1
"Assalam o alaikum, sarak par bara gaddha ban gaya hai at near the vegetable market in Gulberg Town, since this morning. it is causing inconvenience and should be fixed soon Please take action!!",road,medium,train,Roads & Infrastructure,1
Please be informed thta water is coming with very low pressure since Friday at near a bank branch in Guulberg Town. Kindly resolve it soom.,water,medium,train,Water Supply,0
"respected sir, there is no electricity in our block near near a bank branch in buffer zone. kindly send someone to look at it in the next few days we request immediate attention.",electricity,medium,train,Electricity & Streetlights,0
"Assalam o alaikum, bijli nahi aa rahi hamare block me near Gulberg Town Glai No 7. there is no urgency, just registering it formally Thank you. Bara meherbani ho gi, jaldi mzsla hal karain.",electricity,low,train,Electricity & Streetlights,1
"We the residents of near the flyover ramp in DHA Phase 6 report that rasta itna kharab hai ke rickshaw ulat jata hai. a person has already been injured because of this Bara meherbani ho gi, jaldi masla hal karain.",road,critical,test,Roads & Infrastructure,1
I want to report that a pack of stray dogs is attacking people near Garden East Block A. please arrange for the concerned staff to check it Shukriya.,safety,medium,train,Public Safety,0
there are sparks coming from the connection at night at near the flyover ramp in Lyari and nobody has come to check since this morning. this is an emergency and needs immediate attention. There is a serious risk of a fatal accident here,electricity,critical,train,Electricity & Streetlights,0
drug users gather here after dark and residents feel unsafe. Location: near the katchi abadi in Lyari. it is urgent because a school is right beside it Thank you.,safety,high,train,Public Safety,0
"I want to report that police gasht bilkul nahi hoti for the past six weeks at Street 14, Liaquatabad. Please take action.",safety,critical,train,Public Safety,1
"Respected sir, the nallah beside the colony is choked wid solid waste near Orangi Town Gali No 7 near a madrassa. the entire street of about forty houses is affected We request immediate attention.",drainage,high,train,Drainage & Sewerage,0
"Assalam o alaikum, pani bilkul nahi aa raha at near the main mosque in Model Colony, since yesterday. please look into it in the coming days We request immediate attention.",water,medium,train,Water Supply,1
"assalam o alaikum, bznner laga kar rasta band kar diya hai in front of sector 11-b, clifton, and there is a government school rght next to it and hundreds of children pass daily. many families and children are affected by it every single day bara meherbani ho gi, jaldi masla hal karain.",other,high,train,General Administration,1
please be informed that stray cattle are tied up on public land and nobody removes them near on m.a. jinnah road. a large number of residents are suffering because of it shukriya!!!,other,high,train,General Administration,0
"I want to report that gali me kooray ka bara dher lag gaya hai at near the mobile market in Buffer Zone, for several months. a large number of residents are suffering because of it Please take action!!",waste,high,train,Sanitation & Solid Waste,1
I want to report that the asphalt has peeled off and the base layer is exposed near near the main mosque in Garden East. please arrange for the concerned staff to check it Please take action.,road,medium,train,Roads & Infrastructure,0
"kindly note thqt jo pani aata hai wo gandha aur badbudar hai in front of grden east block 5, and it is causing inconvenience and should be fixed soon",water,medium,train,Water Supply,1
Kindly note that half the ligts on this stretch wre never replaced aftre the storm for the last three days at near the community centre in Malir. Kindly resolve it soon.,electricity,medium,train,Electricity & Streetlights,0
stray dogs and cats tear open the bags and scatter the waste at near the petrol pump in Korangi near Aga Khan Hospital. This has been the case for almost a month. this has become a serious health hazard for the whole area,waste,high,train,Sanitation & Solid Waste,0
"REESPECTED SIR, THE WATER LINE HAS BURST AND WATER IS BEING WASTED AT HOUSE 4-B, GULSHAN-E-IQBAL, FOR TWO DAYS NOW. THERE IS NO URGENCY, JUST REGISTERING IT FORMALLY. IT IS A SMALL ISSUE BUT PLZ NOTE IT FOR THE RECORD THANK YOU.",water,low,train,Water Supply,0
"Assalam o alaikum, police gasht bilkul nahi hoti at New Karachi Block A near Aga Khan Hospital, for the past six weeks. a large number of residents are suffering because of it Thank you.",safety,high,train,Public Safety,1
Reporting an issue - the following problem at Nazimabad: safai wale hamari gali chor kar chale jate hain. we have been waiting for a response for a while now,waste,medium,test,Sanitation & Solid Waste,1
"Location Jamshed Road - whatever comes out of the tap is yellow and undrinkable, ongoing for two days now. kindly arrange a visit sometime this week Meherbani ho gi. Again, whatever comes out of the tap is yellow and undrinkable.",water,medium,test,Water Supply,0
"Kihdly note that the road is uheven and bikes lose balance on it near Sector 5-C, Surjani Town. it is causing daily inconvenience to the residents Thank you. Again, the road is uneven and bikes lose balance on it.",road,medium,train,Roads & Infrastructure,0
"please arrange for the concerned staff to check it. We would appreciate it if the concerned staff could check it The reason is that the refuse dump beside our wall has doubled in size this month, right at Lane 3, PECHS.",waste,medium,test,Sanitation & Solid Waste,0
the public library has been closed since last year with no explanation at Sector 5C Federal B Area and nobody has come to check since Ramzan manny families and children are affected by it every single day,other,high,train,General Administration,0
awara kutet kachra phaila dete hain at Liaquatabad. This has been the case for two days now. it is causing daily inconvenience to the residents,waste,medium,train,Sanitation & Solid Waste,1
"Respected sir, gali me kooray ka bara dher lag gaya hai in front of near a bank branch in Saddar, and someone is going to be killed if this is not fixed today",waste,critical,train,Sanitation & Solid Waste,1
"please treat this as urgent, the situation is getting worse daily The reason is that nikais ka rasta band kar diya gaya hai, right at Block 13-D, Buffer Zone.",drainage,high,test,Drainage & Sewerage,1
Kidly note that the st lights have not been working near Defence View Block A. the whole block has been suffering and tempers r rising Kindly resolve it soon.,electricity,high,train,Electricity & Streetlights,0
"the garbage container is overflowing onto the road; this situation at Plot 22, New Karachi has continued for two days now. this has been troubling the residents of our building Meehrbani ho gi.",waste,medium,test,Sanitation & Solid Waste,0
"At near the flyover ramp in Gadap Town near Aga Khan Hospital, the water that comes is muddy and smells of chemicals since this morning. dengue and gastro cases have started appearing in the area",water,high,train,Water Supply,0
"yahan khadde hi khadde hain. Location: near the mobile market in Gulshan-e-Iqbal. a person has already been injured because of this We request immediate attention. Bara meherbani ho gi, jaldi masla hal karain.",road,critical,train,Roads & Infrastructure,1
broken road wid loose gravel everywhere at on Maripur Road & nobody has come to check for several months. many families & children are affected by it evey single day,road,high,train,Roads & Infrastructure,0
"to the concerned department, rain water from the last spell has still not drained out in front of saddar plot 22, & someone is going to be killed if this is not fixed today",drainage,critical,train,Drainage & Sewerage,0
"it is extremely urgent, please treat it as an emergency. There is an immediate danger to human life here The reason is that the refuse dump beside our wall has doubled in size this month, right at Block 5, Landhi.",waste,critical,test,Sanitation & Solid Waste,0
the pedestrian crossing has no signal and children cross alone. Location: on Sharae Noor Jehan near a government girls school. the whole block has been suffering and tempers are rising Thank you.,safety,high,train,Public Safety,0
"Assalam o alaikum, the meter reading is being estimated and the bill is impossible near Korangi Block 2. it is a small issue but please note it for the record Shukriya.",electricity,low,train,Electricity & Streetlights,0
there is rotting waste and an unbearable smell at Federal B Ara Sector 5-C and nobody has come to check since this morning. kindly send someone to look at it in the next few days !!!!,waste,medium,train,Sanitation & Solid Waste,0
"for since this morning now, sarak beth gayi hai barish ke baad around near the vegetable market in pechs. regards. bara meherbani ho gi, jaldi masla hal karain.",road,medium,test,Roads & Infrastructure,1
"Assalam o alaikum, footpath par dukan barha di gayi hai in front of Sector 11-B, Defence View, and kindly send someone to look at it in the next few days!!",other,medium,train,General Administration,1
"To the concerned department, half the ligghts on this stretch were never replaced after the storm near on Shahrah-e-Faisal. we have been waiting for a response for a while now Thank you. Again, half the lights on this stretch were never replaced after the storm.",electricity,medium,train,Electricity & Streetlights,0
"To the concerned department, gutter ubal raha hai near near the katchi abadi in Bahadurabad near a government girls scohol. it is on the main road and traffic jams for hours every morning Thank you. Again, gutter ubal raha hai.",drainage,high,train,Drainage & Sewerage,1
"our family has been facing this for several days now a shopkeeper has extended his shop over the whole footpath at Sector 11-B, North Nazimabad. Please take action.",other,medium,train,General Administration,0
"To the concerned department, the government dispensary opens only twwice a week without notice at Phase 2, Kemari near Ziauddin Hospital, for the past six weeks. it is urgent because a school is right beside it Kindly resolve it soon.",other,high,train,General Administration,0
"ASSALAM O ALAIKUM, THE PARK IN OUR NEIGHBOURHOOD HAS BEEN ENCROACHED BY A PRIVATE PARTY AT MODEL COLONY SECTOR 5-C, FOR MORE THAN 20 DAYS. PLZ ARRANGE FOR THE CONCERNED STAFF TO CHECK IT PLZ TAKE ACTION.",other,medium,train,General Administration,0
"At on Hub River Road, the transformer keeps tripping again and again for over two weeks. please treat this as urgent, the situation is getting worse daily",electricity,high,train,Electricity & Streetlights,0
"to the concerned department, half the lights on this stretch were never replaced after the storm since yesterday at on khayaban-e-ittehad. kindly reolve it soon.",electricity,medium,train,Electricity & Streetlights,0
"a trench dug by the gas company was never filled back. Location: Phase 2, Buffer Zone near the school van stop. the entire street of about forty houses is affected Please take action.",road,high,train,Roads & Infrastructure,0
"We the residents of DHA Phase 6 Gali No 7 near the school van stpo report that parking ke naqm par zabardasti paise liye ja rahe hain. please treat tihs as urgent, the situation is getting worse daily",other,high,test,General Administration,1
road pe khudai kar ke cohr di gayi hai at near the katchi abadi in Manghopir. This has been the case since the last monsoon. it is urgent because a school is right beside it,road,high,train,Roads & Infrastructure,1
"Assalam o alaikum, rain water from the last spell has still not drained out for the past six weeks at Jamshed Road. Shukriya.",drainage,medium,train,Drainage & Sewerage,0
THE NALLAH BESIDE THE COLONY IS CHOKED WITH SOLID WASTE. LOCATION: NEAR THE COMMUNITY CENTRE IN ORANGI TOWN. KINDLY SEND SOMEONE TO LOOK AT IT IN THE NEXT FEW DAYS SHUKRIYA.,drainage,medium,train,Drainage & Sewerage,0
the road surface has completely broken up at on Stadium Road & nobody has come to check since yesterday. we haave complained at the local office twice already with no result. It is causing daily inconvenience to the residents,road,medium,train,Roads & Infrastructure,0
For for the last three days now sewerage ka pani gali me phail gaya hai around Baldia Town Sector 5-C Regards,drainage,low,test,Drainage & Sewerage,1
unannounced load shedding is running for eight hours a day at on Shahrah-e-Faisal near a maternity home. This has been the case for more than 20 days. there is a serious risk of a fatal accident here,electricity,critical,train,Electricity & Streetlights,0
Complaint: residents near on Stadium Road r affected because the power cable was cut during digging & the connection was never restored. it has become a serious health hazard for the entire block. More than sixty families depend on this single lane Meherbani ho gi.,electricity,high,test,Electricity & Streetlights,0
"at nazimabad house 4-b, wires are hanging loose from the pole for two days now. there is no urgency, just registering it formally. kindly look into it whenever a team is free !!!!",electricity,low,train,Electricity & Streetlights,0
"respected sir, street light band hai kai hafton se near north nazimabad. it is causing daily inconvenience to the residents we request immediate attention. again, street light band hai kai hafton se!!!",electricity,medium,train,Electricity & Streetlights,1
"sarak par bara gaddha ban gaya hai at block 2, nazimabad near ziauddin hospital. this has been the case for more than 20 days. part of the structure has already collapsed!!!",road,critical,train,Roads & Infrastructure,1
"respected sir, bijli nahi aa rahi hamare block me near near the mobile market in baldia town near aga khan hospital. a large number of residents are suffering because of it please take action.",electricity,high,train,Electricity & Streetlights,1
the pole mounted box is open and children can reach the terminals at Sector 5-C Garden East This has been the case since this morning please look into it in the coming days We have been waiting for a response for a while now,electricity,medium,train,Electricity & Streetlights,0
"At near the katchi abadi in Nazimabad, constructioon malba has been dumped on the empty plot since this morning. please arrange for the concerned staff to check it",waste,medium,train,Sanitation & Solid Waste,0
our faily has been facing this for several days now paani ka pressure bohot kam hai at on M A Jinnah Road Thank you,water,medium,train,Water Supply,1
"for since the last monsoon now, malba khali plot par daal diya gaya hai around kemari near civil hospital. requesting the department to act. bara meherbani ho gi, jaldi masla hal karain.",waste,critical,test,Sanitation & Solid Waste,1
"GUTTER UBAL RAHA HAI AT KEMARI. THIS HAS BEEN THE CASE SINCE YESTERDAY. IT IS CAUSING INCINVENIENCE AND SHOULD BE FIXED SOON BARA MEHERBANI HO GI, JALDI MASLA HAL KARAN.",drainage,medium,train,Drainage & Sewerage,1
drug users gather here after dark and residents feel unsafe at on M.A. Jinnah Road.,safety,medium,train,Public Safety,0
rash driving by mini buses has caused several near misses. Location: near the union council office in Kemari. kindly look into it whenever a team is free Please take action.,safety,low,train,Public Safety,0
there is no electricity in our block. Location: on I.I. Chundrigar Road. we have been waiting for a response for a while now We request immediate attention.,electricity,medium,train,Electricity & Streetlights,0
"At Lane 3, Kemari, clean drinking water has not reached our houses for more than 20 days. sewage has mixed into the drinking water line and people are vomiting",water,critical,train,Water Supply,0
"To the concerned department, the meter reading is being estimated and the bill is impossible for almost a month at Block A, Defence View near the school van stop. Shukriya.",electricity,critical,train,Electricity & Streetlights,0
"Respected sir, sewage water has entered our lane near on I.I. Chundrigar Road. this is a minor issue, whenever it is convenient. It is a small issue but please note it for the record Please take action.",drainage,low,train,Drainage & Sewerage,0
"the main water pipe is leaking badly at near a bank branch in SITE Area and nobody has come to check for two days now. this is a minor issue, whenever it is convenient Again, the main water pipe is leaking badly!!!",water,low,train,Water Supply,0
the road surface has completely broken up at Defence View.,road,medium,train,Roads & Infrastructure,0
"the meter reading is being estimated and the bill is impossible at Phase 2, Nazimabad.",electricity,low,train,Electricity & Streetlights,0
At Gulberg Town near a government girls school the asphalt has peeled off and the base layer is exposed since the last monsoon the entire street of about forty houses is affected,road,high,train,Roads & Infrastructure,0
"Respected sir, the drain is blocked and the water is not going anywhere at on Shahrah-e-Faisal, for over two weeks. the whole block has been suffering and tempers are rising Please take action.",drainage,high,train,Drainage & Sewerage,0
"transformer bar bar trip kar raha hai at on Nishtar Road. Bara meherbani ho gi, jaldi masla hal karain.",electricity,high,train,Electricity & Streetlights,1
"Please be informed that footpath par dukan barha di gayi hai at near the main mosque in Jamshed Road near a government girls school, since Ramzan. a child was injured here yesterday and we fear a worse accident Please take action.",other,critical,train,General Administration,1
"Please be informed that road pe khudai kar ke chor di gayi hai in front of near the flyover ramp in SITE Area, and it is a small issue but please note it for the record",road,low,train,Roads & Infrastructure,1
KINDLY SEND SOMEONE TO LOOK AT IT IN THE NEXT FEW DAYS WE HAVE BEEN WAITING FOR A RESPONSE FOR A WHILLE NOW THE NALLAH BESIDE THE COLONY IS CHOKED WITH SOLID WASTE AT NEAR THE MOBILE MARKET IN MODEL COLONY THANK YOU,drainage,medium,train,Drainage & Sewerage,0
reporting from on i.i. chundrigar road: sewage water has entered our lane.,drainage,medium,test,Drainage & Sewerage,0
at near the bus stop in defence view transformer bar bar trip kar raha hai since friday we have complained at the local office twice already with no result bara meherbani ho gi jaldi masla hal karain,electricity,medium,train,Electricity & Streetlights,1
"Kindly note that pani ki line leak ho rahi hai in front of near the vegetable market in Landhi, and low priority, only mentioning it so it is on record",water,low,train,Water Supply,1
"To the concerned department, the drain is blocked and the water is not going anywhere in front of on Sir Shah Sueman Road, and our family has been facing this for several days now",drainage,medium,train,Drainage & Sewerage,0
"yahan khadde hi khadde hain at Block 2, Surjani Town near Aga Khan Hospital.",road,high,train,Roads & Infrastructure,1
"To the concerned department, the pole mounted box is open and children can reaach the terminals in front of near the bus stop in Bahadurabad near Civil Hospital, and elderly patients live in this lane and cannot step outside. A large number of residents are suffering because of it!!!",electricity,high,train,Electricity & Streetlights,0
"Dear municipal team, residents near on Abul Hasan Isphahani Road are affected because a huge heap of trash is lying at the corner. there is an immediate danger to human life here. The wall gave way on one side and a shop was buried Please do the needful. Again, a huge heap of trash is lying at the corner.",waste,critical,test,Sanitation & Solid Waste,0
"at block 2, manghopir, speed breaker toota hua hai since this morinng. we have been waiting for a response for a while now bara meherbani ho gi, jaldi masla hal karain.",road,medium,train,Roads & Infrastructure,1
"manhole ka dhakkan toota hua hai at block a, saddar near a primary school and nobody has come to check for the past six weeks. dengue and gastro cases have started appearing in the area",drainage,high,train,Drainage & Sewerage,1
"Assalm o alaikum, police gasht bilkul nahi hoti near Street 14, Surjani Town near a madrassa. many families and children are affected by it every single day Shukriya.",safety,high,train,Public Safety,1
"I want to report that road pe khudai kar ke chor di gayi hai in front of on Sir Shah Suleman Road, and please arrange for the concerned staff to check it",road,medium,train,Roads & Infrastructure,1
someone received an electric shock this morning gutter ubal raha hai at near the mobile market in Malir. Thank you.,drainage,critical,train,Drainage & Sewerage,1
"Location Block 2, Garden East - the community hall booking process is completely opaque, ongoing since the last monsoon. this has been troubling the residents of our building Awaiting your response. Again, the community hall booking process is completely opaque.",other,medium,test,General Administration,0
half the lights on this stretch were never replaced after the storm at malir sector 5c.,electricity,medium,train,Electricity & Streetlights,0
"To the concerned department, the street lights have not been working for the last three days at near the petrol pump in Jamshed Road. Kindly resolve it soon.",electricity,low,train,Electricity & Streetlights,0
hospital waste has been mixed with the household garbage at near the mobile market in Landhi.,waste,high,train,Sanitation & Solid Waste,0
"bijli ka khamba tirha ho gaya hai. Location: Sector 11-B, Liaquatabad near Aga Khan Hospital. a person has already been injured bcz of this Kindly resolve it soon.",electricity,critical,train,Electricity & Streetlights,1
"For for the past six weeks now, whatever comes out of the tap is yellow and undrinkable around Clifton House 4-B. Awaiting your response !!!!",water,high,test,Water Supply,0
valve wala time par valve nahi kholta at on khayaban-e-ittehad near aga khan hospital and noboyd has come to check for over two weeks it is on the main road and traffic jams for hours every morning this has become a serious health hazard for the whole area??!,water,high,train,Water Supply,1
"to the concerned department, an open manhole in the middle of the walkway is a death trap at near a bank branch in surjani town, since this morning. please treat this as urgent, the situation is getting worse daily please take action.",safety,high,train,Public Safety,0
the speed breaker is broken and has sharp edges at Garden East Lane 3.,road,medium,train,Roads & Infrastructure,0
kindly note that footpath par dukan barha di gayi hai for several months at near the bus stop in korangi. we request immediate attention.,other,medium,train,General Administration,1
"the transformer keeps tripping again and again. Location: Street 14, Liaquatabad near a maternity home. it is on the main road and traffic jams for hours every morning Please take action??!",electricity,high,train,Electricity & Streetlights,0
I want to report that there have been repeated mobile snatching incidents here in front of Block A Liaquatabad near Ziauddin Hospital and this has become a serious health hazard for the whole area,safety,high,train,Public Safety,0
"At Block A, DHA Phase 6, sewerage ka pani gali me phail gaya hai since Ramzan. please arrange for the concerned staff to check it Bara meherbani ho gi, jaldi masla hal karain.",drainage,medium,train,Drainage & Sewerage,1
"Please be inofrmed that valve wala time par valve nahi kholta near Block 2, Gulshan-e-Iqbal. there is no urgency, just registering it formally Shukriya. Again, valve wala time par valve nahi kholta.",water,low,train,Water Supply,1
"someone is going to be killed if this is not fixed today khula manhole hai, koi bhi gir sakta hai at Block 13-D, New Karachi near Jinnah Hospital emergency gate. Tank you.",safety,critical,train,Public Safety,1
"kindly note taht sweepers have not cme to clean this lane at on tariq road naer a primary school, for over two weeks. the entire street of about forty houses is affected shukriya.",waste,high,train,Sanitation & Solid Waste,0
Please be informed that people are burning the garbage pile and the smoke enters our homes for more than 20 days at Baldia Town. Shukriya.,waste,low,train,Sanitation & Solid Waste,0
"At SITE Area Lane 3, garbage has not been collected from our street since this morning. we have been waiting for a response for a while now??!",waste,medium,train,Sanitation & Solid Waste,0
I want to report that an abandoned building has become a hideout for criminals for two days now at Saddar. Shukriya.,safety,medium,train,Public Safety,0
"I want to report that sewage water has entered our lane at near the union council office in New Karachi near Jinnah Hospital emergency gate, since the last monsoon. a child was injured here yewterday and we fear a worse accident Kindly resolve it soon. Again, sewage water has entered our lane.",drainage,critical,train,Drainage & Sewerage,0
"At on Maripur Road, an open manhole in the middle of the walkway is a death trap for the lawt three days. it is causing inconvenience and should be fixed soon",safety,medium,train,Public Safety,0
"Respected sir, the drain cover is broken and the sludge is exposed at Block 5, Lyari near a primary school, for several months. the entire street of about forty houses is affected Shukriya.",drainage,high,train,Drainage & Sewerage,0
location liaquatabad - safai bilkul nahi hoti yahan ongoing since ramzan many families and children are affected by it every single day please do the needful!!,waste,high,test,Sanitation & Solid Waste,1
"At New Karachi, the asphalt has peeled off and the base layer is exposed since Friday. we have been waiting for a response for a while now",road,medium,train,Roads & Infrastructure,0
PLEASE BE INFORMED THAT THE ELECTRIC POLE IS LEANING DANGEROUSLY SINCE THIS MORNING AT ON SIR SHAH SULEMAN ROAD NEAR A MADRASSA. KINDLY RESOLVE IT SOON.,electricity,high,train,Electricity & Streetlights,0
an abandoned building has become a hideout for criminals at federal b area.,safety,medium,train,Public Safety,0
"KINDLY NOTE THAT KACHRA UTHA NAHI HAI KAI DIN SE IN FRONT OF ON MARIPUR ROAD, AND OUR FAMILY HAS BEEN FACING THIS FOR SEVERAL DAYS NOW. PLEASE LOOK INTO IT IN THE COMING DAYS",waste,medium,train,Sanitation & Solid Waste,1
"plz be informed that gali me kooray ka bara dher lag gaya hai in front of on I.I. Chundrigar Road, and this is only a suggestion for improvement",waste,low,train,Sanitation & Solid Waste,1
the asphalt has peeled off and the base layer is exposed at on M.A. Jinnah Road.,road,critical,train,Roads & Infrastructure,0
"LOCATION GARDEN EAST PLOT 22 NEAR A MATERNITY HOME - HAMARI GALI ME SUPPLY KA TIME BADAL DIYA GAYA HAI, ONGOING FOR MORE THAN 20 DAYS. MORE THAN SIXTY FAMILIES DEPEND ON THIS SINGLE LANE REGARDS. BARA MEHERBANI HO GI, JALDI MASLA HAL KARAIN.",water,high,test,Water Supply,1
"gutter ubal raha hai — Block 5, New Karachi. it is causing inconvenience and should be fixed soon. This has been troubling the residents of our building Bara meherbani ho gi, jaldi masla hal karain.",drainage,medium,test,Drainage & Sewerage,1
"to the concerned department, rain water from the last spell has still not drained out near gali no 7, dha phase 6. it is urgent because a school is right beside it. many families and children are affected by it every single day we request immediate attention.",drainage,high,train,Drainage & Sewerage,0
the water that comes is muuddy & smells of chemicals at clifton near ziauddin hospital. this has been the case since ramzan. the whole block has been suffering & tempers are rising,water,high,train,Water Supply,0
"there is no urgency, please handle it in the routine schedule. This is only a suggestion for improvement taar latak rahi hain khambe se at on Shahrah-e-Faisal. Thank you.",electricity,low,train,Electricity & Streetlights,1
"Assalam o alaikm, banners and hoardings are blocking the view at the intersection near Block 2, Bqhadurabad. it is causing inconvenience and should be fixed soon We request immediate attengion.",other,medium,train,General Administration,0
"Respected sir, the gutter has been overflowing for over two weeks at Gali No 7, Malir. Kindly resolve it soon.",drainage,low,train,Drainage & Sewerage,0
hospital waste has been mixed with the household garbage at near the vegetable market in Orangi Town and nobody has come to check since the last monsoon. many families and children are affected by it every single day,waste,high,train,Sanitation & Solid Waste,0
broken road with loose gravel everywhere at New Karachi Sector 5-C This has been the case since the last monsoon it is a small issue but please note it for the record,road,low,train,Roads & Infrastructure,0
it is on the main road and traffic jams for hours every morning. There is a government school right next to it and hundreds of children pass daily the drain is blocked and the water is not going anywhere at near the petrol pump in Gulistan-e-Johar. Kindly resolve it soon.,drainage,high,train,Drainage & Sewerage,0
gali me kooray ka bara dher lag gaya hai at DHA Phase 6 Bara meherbani ho gi jaldi masla hal karain,waste,low,train,Sanitation & Solid Waste,1
Problem area Surjani Town Plot 22. Details: the water hydrant staff say the supply quota for our area was reduced for two days now. Regards.,water,medium,test,Water Supply,0
"Location near the vegetable market in Malir near the children's park - a dangerous dilapidated structure is about to fall on people using the footpath, ongoing for the past six weeks. two schools and a clinic are on the same stretch Regards.",safety,high,test,Public Safety,0
Kindly note that the booster pump at the hydrant has stopped working near st 14 North Nazimabad near Ziaudein Hospital dengue and gastro cases have started appearing in the area We request immediate attention Again the booster pump at the hydrant has stopped working??!,water,high,train,Water Supply,0
plz be informed that yahan khadde hi khadde hain near Gulberg Town House 4-B plz look into it in the coming days We have been waiting for a response for a while now Thank you Bara meherbani ho gi jaldi masla hal karain,road,medium,train,Roads & Infrastructure,1
I want to report that there is no electricity in our block since yesterday at near the union council office in SITE Area. Please take action.,electricity,medium,train,Electricity & Streetlights,0
the main water pipe is leaking badly. Location: on Rashid Minhas Road. part of the structure has already collapsed We request immediate attention.,water,critical,train,Water Supply,0
"janab, residents near near the union concil office in new karachi are affected because water is coming with very low pressure. it is affecting a few households on our side of the lane please do the needful!!",water,medium,test,Water Supply,0
"Dear municipal team, the following probblem at near the vegetable market in Surjani Town: a dangerous dilapidated structure is about to fall on people using the footpath. an accident happened at this exact spot a few hours ago. There is an immediate danger to human life here Again, a dangerous dilapidated structure is about to fall on people using the footpath.",safety,critical,test,Public Safety,0
"garbage has not been collected from our street at sector 5-c, manghopir and nobody has come to check since friday. it is causing inconvenience and should be fixed soon",waste,medium,train,Sanitation & Solid Waste,0
"raat ko nashe wale jama hote hain, dar lagta hai at DHA Phase 6 Block 2. This has been the case since yesterday. we have been waiting for a response for a while now Bqra meherbani ho gi, jaldi masla hal karain.",safety,medium,train,Public Safety,1
"Respected sir, the kachra kundi was removed and now everyone dumps in the open in front of Surjani Town Gali No 7, and it is a small issue but please note it for the record Again, the kachra kundi was removed and now everyone dumps in the open.",waste,low,train,Sanitation & Solid Waste,0
"At Plot 22, Malir near the children's park, construction malba has beeen dumped on the empty plot for almost a month. it is on the main road and traffic jams for hours every morning. The entire street of about forty houses is affected",waste,high,train,Sanitation & Solid Waste,0
I want to report that the speed breaker is broken and has sharp edges near near the mobile market in Dfence View. there is a serious rissk of a fatal accident here Please take actiln !!!!,road,critical,train,Roads & Infrastructure,0
"shopkeepers throw their leftovers directly onto the pavement here; this situation at Block 13-D, Jamshed Road near Jinnah Hospital emergency gate has continued for the past six weeks. children walking to school have to wade through it every day Please do the needful.",waste,high,test,Sanitation & Solid Waste,0
"Please be informed that kachra kundi bhar gayi hai aur sarak par gir raha hai at near the mobile market in Gulshan-e-Iqbal, since Friday. we have complained at the local office twice already with no result Thank you. Again, kachra kundi bhar gayi hai aur sarak par gir raha hai !!!!",waste,medium,train,Sanitation & Solid Waste,1
this has become a serious health hazard for the whole area. A large number of residents are suffering because of it pani ki line leak ho rahi hai at on Stadium Road. Please take action.,water,high,train,Water Supply,1
"RESPECTED SIR, THERE HAS BEEN NO WATER SUPPLY IN OUR LINE AT BLOCK 2, BALDIA TOWN, FOR MORE THAN 20 DAYS. THIS HAS BECOME A SERIOUS HEALTH HAZARD FOR THE WHOLE AREA THANK YOOU.",water,high,train,Water Supply,0
"paani ka pressure bohot kam hai — near the main mosque in Kemari near the children's park. two schools and a clinic are on the same stretch. It is urgent because a school is right beside it Bara meherbani ho gi, jaldi masla hal karain.",water,high,test,Water Supply,1
"Problem area Sector 5-,C Landhhi. Details: patch dala tha wo dobara ukhar gaya since Friday. Regards.",road,medium,test,Roads & Infrastructure,1
"please treat this as uregnt, the situation is getting worse daily kachra utha nahi hai kai din se at on Khayaban-e-Ittehad. Shukriya. Again, kachra utha nai hai kai din se.",waste,high,train,Sanitation & Solid Waste,1
Kindly note that the kachra kundi was removed & now everyone dumps in the open since this morning at near the petrol pump in Clifton. Please take acton.,waste,medium,train,Sanitation & Solid Waste,0
Kindly note thaat the main water pipe is leaking bdaly near naer the flyover ramp in Federal B Area. many families & children are affected by it every single day Please take action !!!!,water,high,train,Water Supply,0
"Assalam o alaikum, the asphalt has peeled off and the base layer is exposed near Sector 11-B, Gulberg Town. we have been waiting for a response for a while now We request immediate attention.",road,medium,train,Roads & Infrastructure,0
"Kindly note that the main water pipe is leaking badly at North Nazimabad, since Friday. our family has been facing this for several days now We request immediate attention. Again, the main water pipe is leaking badly!!!",water,medium,train,Water Supply,0
"Respected sir, nalah kachre se bhar gaya hai for several months at Block A, Lyari. Shukriya.",drainage,medium,train,Drainage & Sewerage,1
"it is causing inconvenience and should be fixed soon. This has been troubling the residents of our building The reason is that patch dala tha wo dobara ukhar gaya, right at Block 2, Shah Faisal Colony.",road,medium,test,Roads & Infrastructure,1
"I want to report that the meter reading is being ewtimated and the bill is impossible in front of Block A, Orangi Town, and kindly look into it whenever a team is free",electricity,low,train,Electricity & Streetlights,0
"it is a small issue but please note it for the record. There is no urgency, please handle it in the routine schedule log kachra jala rahe hain, dhuan ghar me aata hai at Bahadurabad Phase 2. We request immediate attention. Bara meherbani ho gi, jaldi masla hal karain. Again, log kachra jala rahe hain, dhuan ghar me aata hai !!!!",waste,low,train,Sanitation & Solid Waste,1
"Assalam o alaikum, the sewerage line is choked and dirty water is on the street at Gadap Town Sector 5-C, since Friday. this is a minor issue, whenever it is convenient Shukriya.",drainage,low,train,Drainage & Sewerage,0
"I want to report that we cannot get our property tax challan corrected at the office in front of near the main mosque in Model Colony, and there is no urgency, just registering it formally",other,low,train,General Administration,0
"there is rotting waste and an unbearable smell. Location: near the union council office in Nazimabad. low priority, only mentioning it so it is on record We request immediate attention.",waste,low,train,Sanitation & Solid Waste,0
I want to report that the nallah beside the colony is chked with solid waste near on Sharae Noor Jehan near the children's park. a large number of residents are suffering because of it Thank you.,drainage,high,train,Drainage & Sewerage,0
"BROKEN ROAD WITH LOOSE GRAVEL EVERYWHERE AT SECTOR 11-B, DEFENCE VIEW. THIS HAS BEEN THE CASE SINCE THIS MORNING. THIS IS ONLY A SUGGESTION FOR IMPROVEMENT. IT IS A SMALL ISSUE BUT PLEASE NOTE IT FOR THE RECORD !!!!",road,low,train,Roads & Infrastructure,0
the water hydrant staff say the supply quota for our area was reduced — on Khayaban-e-Ittehad. we would appreciate it if the concerned staff could check it,water,medium,test,Water Supply,0
"Complaint: residents near Block A, Manghopir are affected because sewage water has entered our lane. kindly send someone to look at it in the next few days Meherbani ho gi.",drainage,medium,test,Drainage & Sewerage,0
"THERE IS NO URGENCY, PLEASE HANDLE IT IN THE ROUTINE SCHEDULE THERE IS NO ELECTRICITY IN OUR BLOCK AT ON KORANGI ROAD. WE REQUEST IMMEDIATE ATTENTION.",electricity,low,train,Electricity & Streetlights,0
the sewerge line is choked and dirty water is on the street at Kemari Sector 11-B and nobody has come to check for over two weeks. dengue and gatsro cases have statred appearing in the area. Many families and children are affected by it every single day,drainage,high,train,Drainage & Sewerage,0
"the fire brigade had to be called last night the reason is that every street light on this avenue has been dead since the pole was hit, right at near the vegetable market in surjani town near civil hospital.",electricity,critical,test,Electricity & Streetlights,0
CONSTRUCTION MZLBA HAS BEN DUMPED ON THE EMPTY PLOT. LOCATION: ON SHARAE NOOR JEHAN. PLEASE ARRANGE FOR THE CONCERNED STAFF TO CHECK IT WE REQUET IMMEDIATE ATTENTION.,waste,medium,train,Sanitation & Solid Waste,0
"At near a bannk branch in Defence View, a pack of strray dogs is attacking people since yesterday. low priority, only mentioning it so it is on record Again, a pack of stray dogs is attacking people.",safety,low,train,Public Safety,0
"I want to report that yahan khadde hi khadde hain at near the union council office in Manghopir, since Ramzan. there is a government school right next to it and hundreds of children pass daily Please take action. Again, yahan khadde hi khadde hain.",road,high,train,Roads & Infrastructure,1
"Respected sir, pani ki line lwak ho rahi hai near near the vegetable market in Orangi Town. there is no urgency, just registerng it formally. Kidnly look into it whenever a team is free Kindly resolve it soon.",water,low,train,Water Supply,1
"To the concerned department, yahan khadde hi khadde hain since yesterday at near the community centre in Korangi. Thank you.",road,low,train,Roads & Infrastructure,1
"paani ka presusre bohot kam hai; this situation at manghopir block 2 has continued for two days now. kindly send someone to look at it in the next few days. we would appreciate it if the concerned staff coudl check it regards. bara meherbani ho gi, jaldi masla hal karain.",water,medium,test,Water Supply,1
reporting from on m.a. jinnah road: the road has caved in after the rain.,road,medium,test,Roads & Infrastructure,0
it is on the main road and traffic jams for hours every morning log kachra jala rahe hain dhuan ghar me aata hai at near the community centre in Gadap Town near a government girls school Thank you,waste,high,train,Sanitation & Solid Waste,1
"the kerb stones have collapsed onto the road driving lane — Korangi Plot 22. not an emergency at all, just a routine request",road,low,test,Roads & Infrastructure,0
the pole mounted box is open and children can reach the terminals at near a bank branch in PECHS.,electricity,medium,train,Electricity & Streetlights,0
"valve wala time par valve nahi kholta at near the main mosque in Model Colony near a maternity home. Bara meherbani ho gi, jaldi masla hal karain. Again, valve wala time par valve nahi kholta.",water,critical,train,Water Supply,1
"To the concerned department, log kachra jala rahe hain, dhuan ghar me aata hai for over two weeks at Malir Street 14. Thank you.",waste,high,train,Sanitation & Solid Waste,1
"problem area on marippur road. details: paani ka pressure bohot kam hai since ramzan. meherbani ho gi. bara meherbani ho gi, jaldi masla hal karain.",water,high,test,Water Supply,1
"awara kutte kachra phaila dete hain at Sector 11-B, New Karachi and nobody has come to check for more than 20 days. sewage has mixed into the drinking water line and people are vomiting Bara meherbani ho gi, jaldi masla hal karain.",waste,critical,train,Sanitation & Solid Waste,1
"Respected sir, the garbage container is overflowing onto the road since the last monsoon at DHA Phase 6 Block A near the children's park. Pleaes take action.",waste,high,train,Sanitation & Solid Waste,0
"Kindly note that the mahnole is spilling sewage continuously since the last monsoon at Sector 5-C, Gadap Town. Kindly resolve it soon.",drainage,medium,train,Drainage & Sewerage,0
"At Phase 2, Bahadurabad, the road surface has completely broken up since Ramzan. many famiiles and children are affected by it every single day Again, the road surface has completely broken up.",road,high,train,Roads & Infrastructure,0
"Respected sir, police gasht bilkul nahi hoti near Shah Faisal Colony. there is a government school right next to it and hundreds of children pass daily Thank you.",safety,high,train,Public Safety,1
At Mangohpir the newly laid patch has already sunk in the middle for the last three days it is causing inconvenience and should be fixed soon !!!!,road,medium,train,Roads & Infrastructure,0
Reporting from Kemari near a primary school: maidan par private academy ka qabza hai.,other,high,test,General Administration,1
"bijli ka khamba tirha ho gaya hai at DHA Phase 6 Sector 11-B. This has been the case since this morning. please look into it in the coming days Bara meherbani ho gi, jaldi masla hal karain.",electricity,medium,train,Electricity & Streetlights,1
"At near the bus stop in SITE Area, yahan khadde hi khadde hain since yesterday. it is causing inconvenience and shuold be fixed soon Bara meherbani ho gi, jaldi masla hal karain.",road,medium,train,Roads & Infrastructure,1
"paani ka pressure bohot kam hai at Manghopir Lane 3. This has been the case for the last three days. low priority, only mentioning it so it is on record. There is no urgency, just registering it formally!!!",water,low,train,Water Supply,1
"Kindly note that the main water pipe is leaking badly at House 4-B, Kemari, since yesterday. just a routine request, nothing urgent at all Please take action. Again, the main water pipe is leaking badly.",water,low,train,Water Supply,0
"paani ka pressure bohot kam hai; this situation at Block 2, PECHS near Ziauddin Hospital has continued since the last monsoon. a hospital entrance is barely fifty metres from here Requesting the department to act.",water,high,test,Water Supply,1
"SEWERAGE KA PANI GALI ME PHAIL GAYA HAI. LOCATION: ON M.A. JINNAH ROAD NAER AGA KHAN HOSPITAL. PLEASE TREAT TIS AS URGENT, THE SITUATION IS GETTIBG WORSE DAILY SHUKRIYA!!!",drainage,high,train,Drainage & Sewerage,1
"We the residents of near the vegetable market in Gulshan-e-Iqbal report that paani ka pressure bohot kam hai. we would appreciate it if the concerned staff could check it Again, paani ka pressure bohot kam hai.",water,medium,test,Water Supply,1
bijli ka khamba tirha ho gaya hai. Location: PECHS. please look into it in the coming days Thank u.,electricity,medium,train,Electricity & Streetlights,1
the drain cover is broken and the sludge is exposed at on University Road and nobody has come to check since Friday it is a small issue but please note it for the record Again the drain cover is broken and the sludge is exposed,drainage,low,train,Drainage & Sewerage,0
it is causing daily inconvenience to the residents pani bilkul nahi aa raha at on Korangi Road Please take action Bara meherbani ho gi jaldi masla hal karain,water,medium,train,Water Supply,1
there are sparks coming from the connection at night at north nazimabad phase 2.,electricity,critical,train,Electricity & Streetlights,0
"awara kutte kachra phaila dete hain at Sector 5-C, Jamshed Road. Bara meherbani ho gi, jaldi masla hal karain !!!!",waste,medium,train,Sanitation & Solid Waste,1
an illegal gas cylinder refilling shop could explode any day in the crowded market. Location: on Korangi Road near a materniyt home. there is a government school right next to it and hundreds of children pass daily Please take action.,safety,high,train,Public Safety,0
"At Block 5, Gulistan-e-Johar near a primary school, dispensary hafte me sirf do din khulti hai for almost a month. the entire street of about forty houses is affected Bara meherbani ho gi, jaldi masla hal karain!!!",other,high,train,General Administration,1
stray dogs and cats tear open the bags and scatter the waste at on Sharae Noor Jehan.,waste,high,train,Sanitation & Solid Waste,0
the entire street of about forty houses is affected a very large pothole has formed in the middle of the road at on Tariq Road. Thank you!!!,road,high,train,Roads & Infrastructure,0
manhole ka dhakkan toota hua hai at House 4-B Manghopir and nobody has come to check for two days now please look into it in the coming days,drainage,medium,train,Drainage & Sewerage,1
"At on Stadium Road near the school van stop, the meter reading is being estimated and the bill is impossible since Ramzan. dengue and gastro cases have started appearing in the area",electricity,high,train,Electricity & Streetlights,0
"there have been repeated mobile snatching incidents here at Phase 2, Lyari. Again, there have been repeated mobile snatching incidents here.",safety,medium,train,Public Safety,0
We the residents of Surjani Town Lane 3 repotr that water is coming with very low pressure. please arrange for the concerned staff to check it,water,medium,test,Water Supply,0
"At on Nishtar Road, nalah kachre se bhar gaya hai for two days now. kindly send someone to look at it in the next few days. Our family has been facing this for several days now",drainage,medium,train,Drainage & Sewerage,1
"Respected sir, the road surface has completely broken up at near the union council office in Korangi, since Friday. we have been waiting for a response for a while now Kindly resolve it soon.",road,medium,train,Roads & Infrastructure,0
sewage water has entered our lane at on sir shah suleman road.,drainage,critical,train,Drainage & Sewerage,0
"Please be informed that an open manhole in the middle of the walkway is a death trap for two days now at Street 14, Surjani Town. Thank you. Again, an open manhole in the middle of the walkway is a death trap.",safety,medium,train,Public Safety,0
"there is no urgency, please handle it in the routine schedule the electric pole is leaning dangerously at near the main mosque in North Nazimabad. We request immediate attention.",electricity,low,train,Electricity & Streetlights,0
the valve man is not opening our valve at the scheduled time at near the katchi abadi in Shah Faisal Colony and nobody has come to check since this morning. our family has been facing this for several days now,water,medium,train,Water Supply,0
"Dear municipal team, residents near PECHS are affected because gali me kooray ka bara dher lag gaya hai. two residents have already ben hospitalised because of this. The fire brigade had to be caled last night Awaiting your response.",waste,critical,test,Sanitation & Solid Waste,1
"Assalam o alaikum, the government dispensary opens only twice a week without notice near Lane 3, Garden East near a madrassa. elderly patients live in this lane and cannot step outside. Many families and children are affected by it every single day Shukriya!!",other,high,train,General Administration,0
"Respected sir, gutter ubal raha hai in front of House 4-B, Gulberg Town, and this is a minor issue, whenever it is convenient",drainage,low,train,Drainage & Sewerage,1
kindly note that a very large pothole has formed in the middle of the road for two days now at site area sector 5-c. thank you.,road,medium,train,Roads & Infrastructure,0
At on Abul Hasan Isphahani Road log kachra jala rahe hain dhuan ghar me aata hai for the last three days just a routine request nothing urgent at all Bara meherbani ho gi jaldi masla hal karain,waste,low,train,Sanitation & Solid Waste,1
park par qabza kar liya gaya hai at on Abul Hasan Isphahani Road. This has been the case for more than 20 days. this has become a serious health hazard for the whole area,other,high,train,General Administration,1
"a child was injured here yesterday & we fear a worse accident. Someone received an electric shock this morning sarak ki halat bohot kharab hai, gaari nikalna mushkil hai at Lane 3, Gadap Town. plz take action. Bara meherbani ho gi, jaldi masla hal karain.",road,critical,train,Roads & Infrastructure,1
plz be informed that a shopkeeeper has extended his shop over the whole footpzth since yesterday at near the community centre in Garden East near a government girls school. Thank u.,other,high,train,General Administration,0
"sarak ki halat bohot kharab hai, gaari nikalna mushkil hai. Location: Sector 11-B, Lyari. there is a government school right next to it and hundreds of children pass daily Please take action. Again, sarak ki halat bohot kharab hai, gaari nikalna mushkil hai.",road,high,train,Roads & Infrastructure,1
"At near the bus stop in Orangi Town near a government girls school, the booster pump at the hydrant has stopped working since Ramzan. a child was injured here yesterday and we fear a worse accident",water,critical,train,Water Supply,0
"Respected sir, manhole ka dhakkan toota hua hai at Phase 2, Buffer Zone, since yesterday. our family has been facing this for several days now Shukriya. Bara meherbani ho gi, jaldi masla hal karain.",drainage,medium,train,Drainage & Sewerage,1
"Assalam o alaikum, the garbage container is overflowing onto the road near on Rashid Minhas Road. dengue and gasstro cases have started appearing in the area. There is a government school right next to it and hundfeds of children pass daily We request immediate attention.",waste,high,train,Sanitation & Solid Waste,0
Please be informed that an abandoned building has become a hideout for criminals in front of Lane 3 Liaquatabad and just a routine request nothing urgent at all,safety,low,train,Public Safety,0
"Assalam o alaikum, road pe khudai kar ke chor di gayi hai at Federal B Area Sector 11-B near Ziauddin Hospital, sice the lst monsoon. there is a government school right next to it and hundreds of children pass daily Shukriya.",road,high,train,Roads & Infrastructure,1
Reporting from SITE Area: the road has caved in after the rain.,road,medium,test,Roads & Infrastructure,0
Location North Nazimabad - mor par roz chaini snatching hoti hai ongoing for two days now please arrange for the concerned staff to check it Meherbani ho gi,safety,medium,test,Public Safety,1
"I want to report that the water lone has burst and water is being wasted in front of on Shahrah-e-Faisal, and it is causing inonvenience and should be fixed soon",water,medium,train,Water Supply,0
"I want to report that yahan khadde hi khadde hain for the past six weeks at Street 14, PECHS. Shukriya.",road,high,train,Roads & Infrastructure,1
"THIS HAS BECOME A SERIOUS HEALTH HAZARD FOR THE WHOLE AREA THE REASON IS THAT CHAMBER SE KALA PANI UPAR AA RAHA HAI, RIGHT AT SECTOR 11-B, NAZIMABAD NEAR A GOVERNMENT GIRLS SCHOOL. BARA MEHERBANI HO GI, JALDI MASLA HAL KARAIN. AGAIN, CHAMBER SE KALA PANI UPAR AA RAHA HAI.",drainage,high,test,Drainage & Sewerage,1
Please be informed that the sewer line was never connected to the main trunk for several months at on Rashid Minhas Road near a government girls school. Kindly resolve it soon.,drainage,high,train,Drainage & Sewerage,0
"For for several months now, gutter ubal raha hai around Lane 3, SITE Area. Awaiting your response.",drainage,critical,test,Drainage & Sewerage,1
kachra utha nahi hai kai din se at near the bus stop in Model Colony. This has been the case since Friday. please arrange for the concerned staff to check it,waste,medium,train,Sanitation & Solid Waste,1
"At near the bus stop in Buffer Zone, taar latak rahi hain khambe se since the last monsoon. dengue and gastro cases have started appearing in the area Bara meherbani ho gi, jaldi masla hal karain!!",electricity,high,train,Electricity & Streetlights,1
"the footpath tiles are uprooted and pedestrians walk on the road at on Rashid Minhas Road and nobody has come to check for the last three days. this is a minor issue, whenever it is convenient!!",road,low,train,Roads & Infrastructure,0
the gutter has been overflowing at Shah Faisal Colony Block A!!!,drainage,medium,train,Drainage & Sewerage,0
the main water pipe is leaking badly at near the flyover ramp in Gadap Town.,water,low,train,Water Supply,0
"At on Abul Hasan Isphahani Road, the water that comes is muddy and smells of chemicals since yesterday. it is causing inconvenience and should be fixed soon. Kindly send someone to look at it in the next few days",water,medium,train,Water Supply,0
Kindly note that the road is uneven and bikes lose balance on it near Street 14 Landhi we have complained at the local office twice already with no result We request immediate attention,road,medium,train,Roads & Infrastructure,0
"To the concerned department, sarak ki halat bohot kharab hai, gaari nikalna mushkil hai at Block 13-D, Liaquatabad, for two days now. it is causing inconvenience and should be fixed soon We request immediate attention. Bara meherbani ho gi, jaldi masla hal karain.",road,medium,train,Roads & Infrastructure,1
I want to report that loudspeakers from a marriage hall run past midnight every weekend near Baldia Town Street 14 near a maternity home. it is on the main road and traffic jams for hours every morning Kindly resolve it soon !!!!,other,high,train,General Administration,0
"IT IS CAUSING DAILY INCONVENIENCE TO THE RESIDENTS SPEED BREAKER TOOTA HUA HAI AT CLIFTON STREET 14. THANK YOU. BARA MEHERBANI HO GI, JALDI MASLA HAL KARAIN. AGAIN, SPEED BREAKER TOOTA HUA HAI.",road,medium,train,Roads & Infrastructure,1
"To the concerned department, the garbage container is overflowing onto the road in front of on Sir Shah Suleman Road, and we have been waiting for a response for a while now",waste,medium,train,Sanitation & Solid Waste,0
sweepers have not come to clean this lane. Location: near the union council office in DHA Phase 6. it is causing daily inconvenience to the residents. We have complained at the local office twice already with no result Kindly resolve it soon.,waste,medium,train,Sanitation & Solid Waste,0
the transformer keeps tripping agzin and again — Liaquatabad. this has been troubling the residents of our building. Kindly send someone to llok at it in the next few days,electricity,medium,test,Electricity & Streetlights,0
"transformer bar bar triip kar raha hai. Location: on M.A. Jinnah Road. we have been waiting for a response for a while now Shukriya. Bara meherbani ho gi, jadli masla hal karain. Again, transformer bar bar trip kar raha hai.",electricity,medium,train,Electricity & Streetlights,1
"WE THE RESIDENTS OF SADDAR BLOCK 13-D REPORT THAT NALKE SE PEELA PANI NIKAL RAHA HAI. LOW PRIORITY, ONLY MENTIONING IT SO IT IS ON RECORD",water,low,test,Water Supply,1
"Kindly note that hospital waste has been mied with the household garbage near Block A, Buffer Zone. we have complained at the local office twice already with no result Shukriya.",waste,medium,train,Sanitation & Solid Waste,0
"At on Rashid Minhas Road, half the lights on this stretch were never replaced after the storm for several months. this is an emergency and needs immediate attention",electricity,critical,train,Electricity & Streetlights,0
"there is no urgency, please handle it in the routine schedule. There is no urgency, just registering it formally an illegal gas cylinder refilling shop could explode any day in the crowded market at near the petrol pump in SITE Area. Kindly resolve it soon.",safety,low,train,Public Safety,0
"at house 4-b, buffer zone, the speed breaker is broken and has sharp edges for the past six weeks. there is a government school right next to it and hundreds of children pass daily",road,high,train,Roads & Infrastructure,0
the government dispensary opens only twcie a week without notice. Location: near a bank brancch in Clifton. the whole block has been suffering and tempers are rising Shukriya.,other,high,train,General Administration,0
a trench dug by the gas company was never filled back at near the main mosque in Orangi Town. This has been the case since Friday. please arrange for the concerned staff to check it,road,medium,train,Roads & Infrastructure,0
"a very lareg pothole has formd in the middle of the road at near the community centre in Gaadp Town near the children's park and nobody has come to check since Ramzan. an elderly man fell into it and had to be taken to emergency Again, a very large pohole has formed in the middle of the road!!",road,critical,train,Roads & Infrastructure,0
stray dogs & cats tear open the bags & scatter the waste at Gulshan-e-Iqbal & nobody has come to check for the last three days we have complained at the local office twice already with no result It is causing inconvenience & should be fixed soon,waste,medium,train,Sanitation & Solid Waste,0
"Respected sir, the kachra kindi was removed and now everyone dumps in the open at near the vegetable market in Manghopir, for the last three days. just a routine request, nothing urgent at all Thank you. Again, the kachra kundi was removed and now everyone dumps in the open.",waste,low,train,Sanitation & Solid Waste,0
"I want to report that shadi hall ke loudspeaker raat bhar chalte hain for two days now at Block A, Gulshan-e-Iqbal. Thank you.",other,medium,train,General Administration,1
sweepers have not come to clean this lane. Location: near the flyover ramp in Bahadurabad. it is causing inconvenience and should be fixed soon. Please arrange for the concerned staff to check it Shukriya.,waste,medium,train,Sanitation & Solid Waste,0
"At Jamshed Road, awara kutte logon ko kaat rahe hain for almost a month. it is urgent because a school is right beside it",safety,high,train,Public Safety,1
"assalam o alaikum, the main water pipe is leaikng badly near near the petrol pump in surjani town. kindly send someone to look at it in the next few days kindly resolve it soon.",water,medium,train,Water Supply,0
stray dogs and cats ter open the bags and scatter the waste. Location: Manghopir. please look into it in the coming days Kindly resolve it soon.,waste,medium,train,Sanitation & Solid Waste,0
mor par roz chaini snatching hoti hai; this situation at near the main mosque in Surjani Town has continued for two days now. it is affecting a few households on our side of the lane Requesting the department to act.,safety,medium,test,Public Safety,1
bijli ka khamba tirha ho gaya hai at Gulshan-e-Iqbal Phase 2 and nobody has come to check for over two weeks. it is causing daily inconvenience to the residents,electricity,medium,train,Electricity & Streetlights,1
purani deewar girne wali hai location: model colony house 4-b it is causing daily inconvenience to the residents kindly resolve it soon,safety,medium,train,Public Safety,1
"plz be informed that the drain is blocked and the water is not going anywhere since Ramzan at near the bus stop in DHA Phase 6 near a madrassa. Shukriya. Again, the drain is blocked and the water is not going anywhere.",drainage,high,train,Drainage & Sewerage,0
"please be informed that manhole ka dhakkan toota hua hai near manghopir gali no 7. please arrange for the concerned staff to check it please take action. bara meherbani ho gi, jaldi masla hal karain.",drainage,medium,train,Drainage & Sewerage,1
"Respected sir, we cannot get our property tax challan corrected at the office at near the petrol pump in Bahadurabad, for several months. there is no urgency, plz handle it in the routine schedule Thank u.",other,low,train,General Administration,0
respected sir kachra utha nahi hai kai din se near lane 3 malir elderly patients live in this lane and cannot step outside we request immediate attention!!!,waste,high,train,Sanitation & Solid Waste,1
"there are deep potholes all along this stretch at Phase 2, Orangi Town and nobody has come to check for two days now. this is a minor issue, whenever it is convenient",road,low,train,Roads & Infrastructure,0
"Respected sir, the road is uneven and bikes lose balance on it at near the katchi abadi in Surjani Town near a madrassa, since Ramzan. this has become a serious health hazard for the whole area Please take action!!",road,high,train,Roads & Infrastructure,0
"the pedestrian crossing has no signal and children cross alone at surjani town sector 11-b near a madrassa. this has been the case for more than 20 days. the entire street of about forty houses is affected. many families and children are affected by it every single day again, the pedestrian crossing has no signal and children cross alone.",safety,high,train,Public Safety,0
"the public library has been closed since last year with no explanation at near the union council office in Federal B Area and nobody has come to check for two days noow. low priority, only mentioning it so it is on record!!",other,low,train,General Administration,0
there has been no water supply in our line at Saddar Lane 3.,water,low,train,Water Supply,0
"For for over two weeks now, bijli ka khamba tirha ho gaya hai around DHA Phase 6 Gali No 7 near a government girls school. Please do the needful. Bara meherbani ho gi, jaldi masla hal karain.",electricity,high,test,Electricity & Streetlights,1
"to the concerned department, the kachra kundi was removed and now everyone dumps in the open in front of plot 22, model colon,y and we have complained at the local office twice already with no result",waste,medium,train,Sanitation & Solid Waste,0
"i want to report that yahan khadde hi khadde hain in front of on m.a. jinnah road, and we have been waiting for a response for a while now",road,medium,train,Roads & Infrastructure,1
"please be informed that construction malba has been dumped on the empty plot at jamshed road block 5 near a madrassa, for several months. a child was injured here yesterday and we fear a worse accident. there is a serious risk of a fatal accident here shukriya !!!!",waste,critical,train,Sanitation & Solid Waste,0
Kindly note that nali band hai aur pani khara hai near near the flyover ramp in Kemari. please look into it in the coming days Thank you.,drainage,medium,train,Drainage & Sewerage,1
drug users gather here after dark and residents feel unsafe at Shah Faisal Colony. This has been the case for over two weeks. dengue and gastro cases have started appearing in the area. Elderly patients live in this lane and cannot step outside,safety,high,train,Public Safety,0
"To the concerned department, nali band hai aur pani khara hai for ovver two weeks at New Karachi Block 5. Please take action. Again, nali band hai aur pani khara hai.",drainage,high,train,Drainage & Sewerage,1
"At Defence View Sector 11-B, there has been no water supply in our line since Friday. please treat this as urgent, the situation is getting worse daily",water,high,train,Water Supply,0
We the residents of New Karachi report taht the watter supply timing was shifted and now nothing reeaches our end of the lane. we have been waiting for a response for a while now. Kindly arrange a visit sometime this week,water,medium,test,Water Supply,0
"Kindly note taht we are forecd to buy a private tanker every second day for the past six weeks at Street 14, Gulistan-e-Johar. We request immediate attention. Again, we are forced to buy a privtae tanker every second day.",water,medium,train,Water Supply,0
the speed breaker is broken and has sharp edges at Shah Faisal Colony Plot 22.,road,high,train,Roads & Infrastructure,0
"LOCATION NEAR THE MOBILE MARKET IN GARDEN EAST - THE POWER CABLE WAS CUT DURING DIGGING AND THE CONNECTION WAS NEVER RESTORED, ONGOING FOR MORE THAN 20 DAYS. IT IS CAUSING INCONVENIENCE AND SHOULD BE FIXED SOON REGARDS.",electricity,medium,test,Electricity & Streetlights,0
"hum ko roz tanker mangwana par raha hai at Phase 2, Nazimabad and nobody has come to check for almost a month. psrt of the structure has already collasped Again, hum ko roz tanker mangwana par raha hai.",water,critical,train,Water Supply,1
"Respected sir, the road sruface has completely broken up at near the vegetable market in Manghopir, since yesterday. we have been waiting for a response for a whhile now Thank you.",road,medium,train,Roads & Infrastructure,0
"there has been no water supply in our line at on Shahrah-e-Faisal. This has been the case since yesterday. just a routine request, nothing urgent at all Again, there has been no water supply in our line.",water,low,train,Water Supply,0
"there is no police patrolling and street crime has increased at Sector 11-B, Gulberg Town. This has been the case for the last three days. it is a small issue but please note it for the record",safety,low,train,Public Safety,0
At on Maripur Road wires are hanging lose from the ploe for moe than 20 day s part of the structure has already collapsed,electricity,critical,train,Electricity & Streetlights,0
kachra kundi bhar gayi hai aur sarak par gir raha hai. Location: on Tariq Road near Civil Hospital. a large number of residents are suffering because of it Shukriya.,waste,high,train,Sanitation & Solid Waste,1
Reporting an issue - the following problem at near the vegetable market in SITE Area: the electricity feeder for our lane trips every time an appliance is switched on. shopkeepers say business has dropped by half because of it,electricity,high,test,Electricity & Streetlights,0
"reporting from sector 11-b, clifton near the school van stop: safai wale hamari gsli chor kar chale jate hain.",waste,high,test,Sanitation & Solid Waste,1
"At Defence View Plot 22, sewerage ka pani gali me phail gaya hai since yesterday. kindly send someone to look at it in the next few days. We have complained at the local office twice already with no result Bara meherbani ho gi, jaldi masla hal karain.",drainage,medium,train,Drainage & Sewerage,1
this has become a serious health hazard for the whole area the road is uneven and bikes lose balance on it at Gulistan-e-Johar Blocck 13-D. Kindly resolve it soon.,road,high,train,Roads & Infrastructure,0
pani bilkul nahi aa raha at saddar street 14 near civil hospital!!,water,high,train,Water Supply,1
gutter ubal raha hai at Manghopir Sector 5-C.,drainage,high,train,Drainage & Sewerage,1
kindly note that the asphalt has peeled off and the base layer is exposed near near a bank branch in defence view the entire street of about forty houses is affected elderly patients live in this lane and cannot step outside shukriya,road,high,train,Roads & Infrastructure,0
"At Malir Block 2 near Civil Hospita,l the meter reading is being estimated and the bill is impossible sine Friday. please treat this as urgent, the situation is getting worse daily",electricity,high,train,Electricity & Streetlights,0
Knidly note that broken road with loose gravl everywhere since yesterday at near the main mosque in SIrE Area. Thank you.,road,medium,train,Roads & Infrastructure,0
"kindly look into it whenever a team is free the boundary wall of the plot is about to collapse on passers-by at Sector 11-B, Korangi. Thank you.",safety,low,train,Public Safety,0
"We the residents of Block 5, Liaquatabad report that chain lifting on motorcycles happens almost every evening at this turn. it is affecting a few households on our side of the lane",safety,medium,test,Public Safety,0
there is no police patrolling and street crime has increased at near the flyover ramp in DHA Phase 6 and nobody has come to check for the past six weeks we hae been waiting for a response for a while now Again there is no police patrolling and street crime has increased!!!,safety,medium,train,Public Safety,0
"watre is coming with very low pressure at Sector 5-C, Bahadurabad.",water,medium,train,Water Supply,0
the newly laid patch has already sunk in the middle at shah faisal colony block 13-d and nobody has come to check since the last monsoo.n part of the structure has already collapses. this is an emergency and needs immediate attentino,road,critical,train,Roads & Infrastructure,0
"police gasht bilkul nahi hoti at near the flyover ramp in nazimabad and nobody has come to chedk since ramzaan. dengue and gastro cases have started appearing in the area bara meherbani ho gi, jaldi masla hal karain.",safety,high,train,Public Safety,1
"Problem area on I.I. Chundrigar Road. Details: sarak par bara gaddha ban gaya hai since yesterday. Meherbani ho gi. Bara meherbani ho gi, jaldi masla hal karain. Again, sarak par bara gaddha ban gaya hai.",road,low,test,Roads & Infrastructure,1
"Respected si,r bijil nahi aa rahi hamare block me near near the flyover ramp in Manghopir. a child was injured here yesterday and we fear a worse accident Please take action. Bara meherbani ho gi, jali masla hal karain.",electricity,critical,train,Electricity & Streetlights,1
I want to report that the sewerage lnie is choked and dirty water is on the street for the last three days at on Rashid Minhsa Road. Kindly reaolve it soon.,drainage,medium,train,Drainage & Sewerage,0
"To the concerned department, the gutter has been overflowing in front of on M.A. Jinnah Road, & plz look into it in the coming days",drainage,medium,train,Drainage & Sewerage,0
loudspeakers from a marriage hall run past midnight every weekend at near the union council office in lyari and nobody has come to check for over two weeks this has become a serious health hazard for the whole area,other,high,train,General Administration,0
"thsi has been troubling the residents of our building The reason is that gande pani ki wjah se ghar me se bo aa rahi hai, right at Houe 4-B, Gadap Town. Bara meherbani ho gi, jaldi masla hal karaim.",drainage,medium,test,Drainage & Sewerage,1
"Respected sir, the speed braeker is broken and has sharp edges in front of near the community centre in Defence View, and this is a minor issue, whenever it is convenient",road,low,train,Roads & Infrastructure,0
it is causing daily inconvenience to the residents an open manhole in the middle of the walkway is a death trap at Gadap Town. Please take action.,safety,medium,train,Public Safety,0
"At Block A, Defence View, banner laga kar rasta band kar diya hai for the last three days. it is urgent because a school is right beside it Bata meherbani ho gi, jaldi masla hal karain.",other,high,train,General Administration,1
"Kindly note that there has been no water supply in our line at on Rashid Minhas Road, since this morning. it is causing inconvenience and should be fixed soon Thank you.",water,medium,train,Water Supply,0
"the valve man is not opening our valve at the scheduled time at Lane 3, Lyari. This has been the case for the last three days. our family has been facing this for several days now",water,medium,train,Water Supply,0
"At near the flyover ramp in North Nazimabad, the drain is blocked and the water is not going anywhere for the last three days. just a routine request, nothing urgent at all",drainage,low,train,Drainage & Sewerage,0
At Block 13-D Federal B Area waste water has started seeping into the ground floor rooms for two days now it is causing daily inconvenience to the residents,drainage,medium,train,Drainage & Sewerage,0
"kindly note that pani bilkul nahi aa raha near block 5, site area. just a routine request, nothing urgent at all please take action. bara meherbani ho gi, jaldi masla hal karain.",water,low,train,Water Supply,1
"we have been waiting for a response for a while now a huge heap of trash is lying at the corner at Block A, Model Colony. Thank you.",waste,medium,train,Sanitation & Solid Waste,0
Assalam o alaikum bijli ka khamba tirha ho gaya hai since Friday at Sector 5-C Defence View Please take action,electricity,low,train,Electricity & Streetlights,1
the refuse dump besdie our wall has doubled in size this month — near the bus stop in buffer zone near a prkmary school. two schools and a clinic are on the same stretch. many families and children are affected by it every single day,waste,high,test,Sanitation & Solid Waste,0
"low priority, only mentioning it so it is on record. This is only a suggestiln for improvement raod pe khudai kar ke chor di gayi hai at Block A, Jamshed Road. We request immediate attention.",road,low,train,Roads & Infrastructure,1
"to the concerned department, the main water pipe is leaikng badly in front of near the community centre in bahadurabad near the school van sotp, and it is urgent because a school is right beside it",water,high,train,Water Supply,0
"the water that comes is muddy and smells of chemicals at Lane 3, Malir. This has been the case for more than 20 days. someone received an electric shock this morning",water,critical,train,Water Supply,0
"Please be informed that the community hall booking process is completely opaque in front of Plot 22, Clifton, and it is a small issue but please note it for the record Again, the community hall booking process is completely opaque.",other,low,train,General Administration,0
"Please be informed that sewerage ka pani gali me phail gaya hai at near a bank branch in PECHS, for the last three days. there is no urgency, just registering it formally Shukriya. Bara meherbani ho gi, jaldi masla hal karain.",drainage,low,train,Drainage & Sewerage,1
gai me kooray ka bara dher lag gaya hai. Location: on Abul Hasan Isphahani Road. the entire street of about froty houses is affected. It is urfent becauuse a school is right beside it Thank you.,waste,high,train,Sanitation & Solid Waste,1
"the street lights have not bewn working at Landih and nobody has come to check since this morning. we have been waiting for a response for a while now. It is causing inconvenience and should be fixed soon Again, the street lights havve not been working.",electricity,medium,train,Electricity & Streetlights,0
"At on Rashid Minhas Road, water is coming with very low pressurre for the last three days. it is causing daily inconvenience to the residents",water,medium,train,Water Supply,0
"it is affecting a few households on our side of the lane The reason is that nikasi ka rasta band kar diya gaya hai, right at near a bank branch in Surjani Town.",drainage,medium,test,Drainage & Sewerage,1
"Respected sir, the sewerage line is choked and dirty watwr is on the street for the last three das at on Tariq Road. Thank you.",drainage,medium,train,Drainage & Sewerage,0
this is to bring to your attention that the following problem at near the union council office in north nazimabad near a madrassa: bijli nahi aa rahi hamare block me. current is passing through the water where children walk. two residents have already been hospitalised because of this!!!,electricity,critical,test,Electricity & Streetlights,1
"assalam o alaikum, manhole ka dhakkan toota hua hai near near the bus stop in jamshed road near a primary school. the whole block has been suffering & tempers are rising plz take action!!!",drainage,high,train,Drainage & Sewerage,1
"To the concerned department, loadshedding ka koi schedule nahi hai since this morning at near the bus stop in Saddar. Shukriya.",electricity,medium,train,Electricity & Streetlights,1
"We the residents of on Rashid Minhas Road report that awara kutte logon ko kaat rahe hain. this is a minor issue, whenever it is convenient. Just a routine request, nothing urgent at all Again, awara kutte logon ko kaat rahe hain.",safety,low,test,Public Safety,1
"it is causing inconvenience and should be fixed soon. We have complained at the local office twice already with no result sarak ki halat bohot kharab hai, gaari nikalna mushkil hai at near the union council office in Model Colony. Please take action. Again, sarak ki halat bohot kharab hai, gaari nikalna mushkil hai.",road,medium,train,Roads & Infrastructure,1
Reporting an issue - residents near on Shahrah-e-Faisal are affected because awara kutte logon ko kaat rahe hain. it has become a seriosu health hazard for the entire block. Many families and children are affected by it every single day Please do the needful.,safety,high,test,Public Safety,1
We the residents of Baldia Town House 4-B report that the power cable was cut during digging and the connection was never restored. kindly arrange a visit sometime this week??!,electricity,medium,test,Electricity & Streetlights,0
we are forced to buy a private tanker every second day at near the main mosque in Nazimabad & nobody has come to check since this morning. kindly look into it whenever a team is free,water,low,train,Water Supply,0
"RESPECTED SIR, WE ARE FORCED TO BUY A PRIVATE TANKER EVERY SECOND DAY IN FRONT OF NEAR A BANK BRANCH IN PECHS, AND IT IS CAUSING INCONVENIENCE AND SHOULD BE FIXED SOON AGAIN, WE ARE FORCED TO BUY A PRIVATE TANKER EVERY SECOND DAAY.",water,medium,train,Water Supply,0
"Respected sir, there has been no water supply in our line at near the main mosque in Manghopir, since the last monsoon. many families and children are affected by it every single day Thank you !!!!",water,high,train,Water Supply,0
it is causing daily inconvenience to the residents. We hve complained at the local office twice already with no result a shopkeeper has extended his shop over the whole footpath at Defence View. We request immediate attention.,other,medium,train,General Administration,0
the manhole is spilling sewage continuously at Liaquatabad Plot 22.,drainage,medium,train,Drainage & Sewerage,0
"someone is going to be killed if this is not fixed today. A person has already been injured because of this we are forced to buy a private tanker every second day at on Sharae Noor Jehan. Please tkae action. Again, we are fofced to buy a private tanker every second day.",water,critical,train,Water Supply,0
kindly send someone to look at it in the next few days the manhole is spilling sewage continuously at Bahadurabad. Thank you.,drainage,medium,train,Drainage & Sewerage,0
"Assalam o alaikum, the drain cover is broken and the sludge is exposed near Block A, SITE Area near Jinnah Hospital emergency gate. the whole block has been suffering and tempers are rising. Please treat this as urgent, the situation is getting worse daily Kindly resolve it soon.",drainage,high,train,Drainage & Sewerage,0
Kindly note that the sewer lune was never connected to the main truk snice Ramzan at near the community centre in DHA Phase 6. We request immediate attention.,drainage,high,train,Drainage & Sewerage,0
"At on Maripur Road, our overhead tank never fills even after four hours of supply since Friday. please arrange for the concerned staff to check it",water,medium,train,Water Supply,0
"the electric pole is leaning dangerously at House 4-B, Lyari near a madrassa.",electricity,high,train,Electricity & Streetlights,0
"Respected sir, transformer bar bar trip kar raha hai in front of Gali No 7, Liaquatabad, and kindly send someone to look at it in the next few days",electricity,medium,train,Electricity & Streetlights,1
jo pani aata hai wo gandha aur badbudar hai at near the main mosque in Kemari and nobody has come to check since Ramzan. an ambulance could not reach the hospital gate because of it. Sewage has mixed into the drinking water line and people are vomiting,water,critical,train,Water Supply,1
pani ki line leak ho rahi hai at on Aubl Hassan Isphahani Road.,water,high,train,Water Supply,1
the open sewage cannel behind the market has stopped flowing entirely — Orangi Town Gali No 7. a large number of residents are suffering because of it,drainage,high,test,Drainage & Sewerage,0
"rain water froom the last spell has still not drained out. Location: Orangi Town House 4-B. this is a minor issue, whenever it is convenient Shukriya.",drainage,low,train,Drainage & Sewerage,0
"i want to report that awara kutte kachra phaila dete hain since yesterday at on hub river road. thank you. again, awara kutte kachra phaila dete hain.",waste,high,train,Sanitation & Solid Waste,1
"respected sir, sarak ki halat bohot kharab hai, gaari nikalna mushkil hai for more than 20 days at on shahrah-e-faisal. shukriya.",road,critical,train,Roads & Infrastructure,1
"Reporting an issue - the following problem at on M.A. Jinnah Road: the boundary wall of the plot is about to collapse on passers-by. this is a minor issue, whenever it is convenient",safety,low,test,Public Safety,0
the speed brreaker is broken and has sharp edges at on Nishtar Road and nobody has come to check for the last three days. kindly send someone to look at it in the next few days,road,medium,train,Roads & Infrastructure,0
hospital waste has been mixed with the household garbage at Lane 3 Clifton and nobody has come to check since this morning please look into it in the coming days,waste,medium,train,Sanitation & Solid Waste,0
"log kaachra jala rahe hain, dhuan ghar me aata hai. Locatoin: Garden East Street 14. plz arrange for the concerned staff to check it Thank you.",waste,medium,train,Sanitation & Solid Waste,1
Dear municipal team residents near Gali No 7 Lyari are affected because a sinkhole has opened in the road surface where it meets the service lane it is affecting a few households on our side of the lane We would appreciate it if the concerned staff could check it Regards,road,medium,test,Roads & Infrastructure,0
Kindly note that sweepers have not come to clean this lane for two days now at on Shahrah-e-Faisal. We request immediate attention.,waste,low,train,Sanitation & Solid Waste,0
"At Gulshan-e-Iqbal Plot 22, gaki me kooray ka bara dher lag gata hai for two days now. we have complained at the local office twice already with no result Bara meherbani ho gi, jaldi masla hal karain.",waste,medium,train,Sanitation & Solid Waste,1
the garbage container is overflowing onto the road. Location: near the main mosque in Gulistan-e-Johar near a madrassa. an ambulanec could not reach the hospital gate because of it Shukriya!!!,waste,critical,train,Sanitation & Solid Waste,0
"respected sir, the asphalt has peeled off and the base layer is exposed near dha phase 6 block 13-d. this has become a serious health hazard for the whole area we request immediate attention.",road,high,train,Roads & Infrastructure,0
We the residents of Malir report that a huge heap of trash is lying at the corner. it is affecting a few households on our side of the lane,waste,medium,test,Sanitation & Solid Waste,0
PANI KI LINE LEAK HO RAHI HAI AT ON RASHIID MINHAS ROAD??!,water,low,train,Water Supply,1
"Reporting from Block A, Federal B Area: line ka joint phat gaya hai aur pani zaya ho raha hai.",water,low,test,Water Supply,1
"At Street 14, Federal B Area, the meter reading is being estimated and the bill is impossible for over two weeks. this is an emergenxy, please send a team today. Sewage has mixed into the drinking water line and people are vomiting",electricity,critical,train,Electricity & Streetlights,0
"Complaint: the following problem at Phase 2, SITE Area: nali band hai aur pani khara hai. this is a minor issue, whenever it is convenient. There is no urgency, please handle it in the routine schedule Bara meherbani ho gi, jaldi masla hal karain.",drainage,low,test,Drainage & Sewerage,1
"To the concerned department, the water line has burst and water is being wasted in front of on M.A. Jinnah Road, and it is causing daily inconvenience to the residents!!!",water,medium,train,Water Supply,0
Please be informed that loadshedding ka koi schedule nahi hai near Sector 5-C New Karachi it is causing daily inconvenience to the residents Shukriya,electricity,medium,train,Electricity & Streetlights,1
"Please be informed that the drain cover is broken and the sludge is exposed since this morning at on M.A. Jinnah Road. Thank you. Again, the drain cover is broken and the sludge is exposed!!!",drainage,medium,train,Drainage & Sewerage,0
"I want to report that there is no electricity in our block at Lane 3, Liaquatabad, since this morning. our family has been facing this for several days now Shukriya.",electricity,medium,train,Electricity & Streetlights,0
"To the concerned department, manhole ka dhakkan toota hua hai for more than 20 days at on Abul Hasan Isphahani Road. Please take action.",drainage,medium,train,Drainage & Sewerage,1
"At DHA Phase 6 Gali No 7, the water that comes is muddy and smells of chemicals since yesterday. we have complained at the local office twice already with no result. Our family has been facing this for several days now",water,medium,train,Water Supply,0
"Complaint: the following problem at Plot 22, Gadap Town: road bilkul toot gayi hai. it is affecting a few households on our side of the lane",road,medium,test,Roads & Infrastructure,1
"Respected sir, the sewer liine was never connected to the main trunk at near the vegetable market in Federal B Area, since this morning. our family has been facing this for sveeral days now. It is causing daily inconvenience to the residents Please take action.",drainage,medium,train,Drainage & Sewerage,0
"Respected sir, raat ko nashe wale jama hote hain, dar lagta hai in front of Block A, Model Colony near Jinnah Hospital emergency gate, and there is a government school right next to it and hundreds of children pass daily Bara meherbani ho gi, jaldi masla hal karain.",safety,high,train,Public Safety,1
"We the residents of Phase 2, Liaquatabad near the school van stop report that bijli nahi aa rahi hamare block me. two residents have already been hospitalised because of this Agaun, bijli nahi aa rahi hamare block me.",electricity,critical,test,Electricity & Streetlights,1
sewage water has entered our lane at near the katchi abadi in orangi town this has been the case for the last three days kindly look into it whenever a team is free!!!,drainage,low,train,Drainage & Sewerage,0
"garbage has not been collected from our stteet at Block A, Gadap Towwn and nobody has come to check since Ramzzan. many families and children are affected by it every single day. It is on the main road and traffic jams for hours every morning",waste,high,train,Sanitation & Solid Waste,0
"Location near the mobile market in Bahadurabad - there is rottng waste and an unbearable skell, ongoing since yesterday. please arrange for the concerned staff to check it. It is causing inconvenience and should be fixed soon Requesting the department to act.",waste,medium,test,Sanitation & Solid Waste,0
"At near the main mosque in Gulberg Town, there are deep potholes all along this stretch for two days now. this is a minor issue, whenever it is convenient. There is no urgency, just registering it formally Again, there are deep potholes all along this stretch.",road,low,train,Roads & Infrastructure,0
"At near the union council office in Malir, hum ko roz tanker mangwana par raha hai since Friday. kindly send someone to look at it in the next few days Bara meherbani ho gi, jaldi masla hal karain.",water,medium,train,Water Supply,1
"it is a small issue but please note it for the record taar latak rahi hain khambe se at Shah Faisal Colony Block A. Shukriya. Bara meherbani ho gi, jaldi masla hal karain.",electricity,low,train,Electricity & Streetlights,1
"broken road with loose gravel everywhere; this situation at near the petrol pump in Orangi Town has continued since this morning. please arrange for the concerned staff to check it Regards. Again, brkoen road with loose gravl everywhere.",road,medium,test,Roads & Infrastructure,0
HUM KO ROZ TANKER MANGWANA PAR RAHA HAI. LOCATION: NEAR THE UNION COUNCIL OFFICE IN LYARI NEAR AGA KHAN HOSPITAL. THE ENTIRE ST OF ABOUT FORTY HOUSES IS AFFECTED. IT IS ON THE MAIN ROAD AND TRAFFIC JAMS FOR HOURS EVERY MORNING KINDLY RESOLVE IT SOON.,water,high,train,Water Supply,1
"Assalam o alaikum, safai bilkul nahi hoti yahan in front of near the bus stop in Orangi Town, and we have been waiting for a response for a while now!!",waste,medium,train,Sanitation & Solid Waste,1
"Assalam o alaikum, taar latak rahi hain khambe se at Sector 5-C, Model Colony, since yesterday. we have ben waiting for a response for a while now We request immediate attention.",electricity,medium,train,Electricity & Streetlights,1
the road surface has completely broken up — near the mobile market in Jamshed Road there is no urgency please handle it in the routine schedule Again the road surface has completely broken up,road,low,test,Roads & Infrastructure,0
this is only a suggestion for improvement the asphalt has peeled off and the base layer is exposed at Lyari. Thank you.,road,low,train,Roads & Infrastructure,0
"Dear municipal team, the followinng problem at on Sir Shah Suleman Road: every street light on this avenue has been dead since the pole was hit. it is causing inconvenience and should be fixed soon",electricity,medium,test,Electricity & Streetlights,0
"the ntoice board at the union council has not been updated for months. Location: Clifton. low priority, only mentioning it so it is on record We request immediate attention!!",other,low,train,General Administration,0
problem area on nishtar road. details: whatever comes out of the tap is yellow and undrinkable for the past six weeks. meherbani ho gi.,water,high,test,Water Supply,0
"please be informed that garbage has not been collected from our street at near the main mosque in clifton, for several months. there is a government school right next to it and hundreds of children pass daily shukriya.",waste,high,train,Sanitation & Solid Waste,0
"wires are hanging loose from the pole; this situation at Lane 3, Malir has contibued for two days now. it is affecting a few households on our sied of the lane. We have been waiting for a redponse for a while now Regards.",electricity,medium,test,Electricity & Streetlights,0
"We the residents of near the union council office in Federal B Area report that drug users gather here after dark and residents feel unsafe. this has been troubling the residents of our building. Kindly send someone to look at it in the next few days Again, drug users gather here after dark and residents feel unsafe.",safety,medium,test,Public Safety,0
sweepers habe not come to clean this lane at Malir Block A. This has been the case for more than 20 days. many families and children are affeected by it eveery single day,waste,high,train,Sanitation & Solid Waste,0
someone received an electric shock this morning. There is a serious risk of a fatal accident here we are forced to buy a private tanker every second day at Lyari. We request immediate attention!!,water,critical,train,Water Supply,0
a large number of residents are suffering because of it the sewer line was never connected to the main trunk at Block A Federal B Area near a maternity home Please take action,drainage,high,train,Drainage & Sewerage,0
I WANT TO REPORT THAT AN OPEN MANHOLE IN THE MIDDLE OF THE WALKWAY IS A DEATH TRAP NEAR CLIFTON SECTOR 5-C. THIS IS ONLY A SUGGESTION FOR IMPROVEMENT SHUKRIYA.,safety,low,train,Public Safety,0
"there is rotting waste and an unbearable smell at Sector 5-C, New Karachi and nobody has come to check since Friday. kindly look into it whenever a team is free Agani, there is rotting waste and an unbearable smell.",waste,low,train,Sanitation & Solid Waste,0
barish ka pani abhi tak nahi nikla. Location: on Khayaban-e-Ittehad. please arrange for the concerned staff to check it Shukriya.,drainage,medium,train,Drainage & Sewerage,1
every street light on this avenue has been dead since the pole was hit; this situation at on sir shah suleman road has continued since this morning. we have been waiting for a response for a while now please do the needful.,electricity,medium,test,Electricity & Streetlights,0
"ASSALAM O ALAIKUM, PANI KI LINE LEAK HO RAHI HAI IN FRONT OF SECTOR 11-B, ORANGI TOWN, & PLEASE ARRANGE FOR THE CONCERNED STAFF TO CHECK IT",water,medium,train,Water Supply,1
"to the concerned department, the drain cover is broken and the sludge is exposed for the past six weeks at block a, kemari. kindly resolve it soon.",drainage,critical,train,Drainage & Sewerage,0
"Assalam o alaikum, the drian is blocked and the water is not going anywhere near near the vehetable market in Jamshed Road. our famiily has been facing this for several days now Kindly resolve it soon.",drainage,medium,train,Drainage & Sewerage,0
"Assalam o alaikum, an illegal gas cylinder refilling shop could explode any day in the crowded market at Block 13-D, PECHS, since this morning. we have complained at the local office twice already with no result. It is causing daily inconvenience to the residents Thank you. Again, an illegal gas cylinder refilling shop could explode any day in the crowded market.",safety,medium,train,Public Safety,0
bijli ka khamba tirha ho gaya hai at on M.A. Jinnah Road and nobody has come to check since Friday. please arrange for the concerned staff to check it,electricity,medium,train,Electricity & Streetlights,1
"it has become a serious health hazard for the entire block The reason is that no receipt is issued for the charges collected at the municipal counter, right at Malir. Again, no receipt is issued for the charges collected at the municipal counter.",other,high,test,General Administration,0
"Reporting from Block 13-D, Gadap Town: the notice board at the union council has not been updated for months.",other,medium,test,General Administration,0
"it is causing inconvenience & should be fixed soon purani deewar girne wali hai at Defence View. We request immediate attention. Bara meherbani ho gi, jaldi masla hal karain.",safety,medium,train,Public Safety,1
I want to report that the drain cover is broken and the sldge is exposed in front of on Shahrah-e-Faisal and there is no urgency please handle it in the routine schedule Low priority only mentioning it so it is on record,drainage,low,train,Drainage & Sewerage,0
"banners and hoardings are blocking the view at the intersection at on Sir Shah Suleman Road. Again, banners and hoardings are blocking the view at the intersection.",other,medium,train,General Administration,0
"Respected sir, road bilkul toot gayi hai at near the flyover ramp in New Karachi, for the past six weeks. the whole block has been suffering and tempers are rising We request immediate attention. Bara meherbani ho gi, jaldi masla hal karain.",road,high,train,Roads & Infrastructure,1
"Please be informed that there is no police patrolling and street crime has increased at near a bank branch in Model Colony, since this morning. there is no urgency, just registering it formally Please take action.",safety,low,train,Public Safety,0
"At Sector 5-C, Defence View nar Jinnah Hospital emergency gate, wires are hanging loose from the pole for the past six weeks. elderly patients live in this lane and cannot step outside. The entire street of about forty houses is affected",electricity,high,train,Electricity & Streetlights,0
"i want to report that sarak ki halat bohot kharab hai, gaari nikalna mushkil hai in front of gulshan-e-iqbal plot 22, and this is a minor issue, whenever it is convenient",road,low,train,Roads & Infrastructure,1
"To the concerned department, the drain is blocked and the water is not going anywhere at Block 2, Kemari, since the last monsoon. elderly patients live in this lane and cannot step outside Shukriya.",drainage,high,train,Drainage & Sewerage,0
"To the concerned department, manhole ka dhakkan toota hua hai since this morning at on Maripur Road. Thank you. Bara meherbani ho gi, jaldi masla hal karain.",drainage,medium,train,Drainage & Sewerage,1
i want to reprt that broken road wid loose gravel everywhere near saddar block 5. we have complained at the local office twice already wid no result plz take action.,road,medium,train,Roads & Infrastructure,0
"please be informed that gali me kooray ka bara dher lag gaya hai at on university road, for the last three days. it is causing inconvenience & should be fixed soon kindly resolve it soon. bara meherbani ho gi, jaldi masla hal karain.",waste,medium,train,Sanitation & Solid Waste,1
the boundary wall of the plot is about to collapse on passers-by. location: liaquatabad. it is causing inconvenience & should be fixed soon thank u.,safety,medium,train,Public Safety,0
"a very large pothole has formed in the middle of the road at Block A, Defence View and nobody has come to check since Ramzan. kindly send someone to look at it in the next few days",road,medium,train,Roads & Infrastructure,0
"the garbage container is overflowing onto the road — ner the main mosque in landhi. there is no urgency, please handle it in the routine schedule. not an emergency at all, just a routine request again, the garbage container is overflowing onto the road.",waste,low,test,Sanitation & Solid Waste,0
At on Nishtar Road the pedestrian crossing has no signal and children cross alone for almost a month there is a government school right next to it and hundreds of children pass daily,safety,high,train,Public Safety,0
"At Lane 3, SITE Area near Jinnah Hospital emergency gate, there is no electricity in our block since Friday. thre is a government schopl right next to it and hundreds of children pass daily. This has become a serious health hazard for the whole area",electricity,high,train,Electricity & Streetlights,0
"Reporting from DHA Phase 6 Gali No 7: there is rotting waste and an unbearable smell. Again, there is rotting waste and an unbearable smell.",waste,medium,test,Sanitation & Solid Waste,0
"there is no uegency, just registering it formally. This is a minor issue, whenever it is convenient a trench dug by the gas company was necer filled back at near the main mosque in SITE Area. Thank you. Again, a trench dug by the gas company was never filled back!!!",road,low,train,Roads & Infrastructure,0
"I want to report that safai bilkul nahi hoti yahan for more than 20 days at Phase 2, Orangi Town. Thank you. Again, safai bilkul nahi hoti yahan.",waste,high,train,Sanitation & Solid Waste,1
"sewerage ka pani gali me phail gaya hai; this situation at Lyari Block 2 has continued for over two weeks. it is urgent because a school is right beside it Please do the needfull. Bara meherbani ho gi, jaldi masla hal karain. Again, sewerage ka pani gali me phail gaya hai!!",drainage,high,test,Drainage & Sewerage,1
the water that comes is muddy and smells of chemicals at near the union council office in defence view. this has been the case sinde ramzan. this has become a serious health hazard for the whole area,water,high,train,Water Supply,0
"please be informed that the speed breaker is broken and has sharp edges near house 4-b, clifton. please arrange for the concerned staff to check it. our family has been facing this for several days now please take action.",road,medium,train,Roads & Infrastructure,0
Respected sir sarak ki halat bohlt kharab hai gaari nikalna mushkil hai near on Korangi Road please arrange for the concerned staff to check it Our family has been facing this for several days now Shukriya,road,medium,train,Roads & Infrastructure,1
"Dear municipal team, residents near Surjani Town near a madrassa are affected because sewage water has entered our lane. please treat this as urgent, the situation is getting worse daily Please do the needful.",drainage,high,test,Drainage & Sewerage,0
clean drinking water has not reached our houses. Location: near the community centre in Kemari. it is on the main road and traffic jams for hours every morning Kindly resolve it soon.,water,high,train,Water Supply,0
"We the residents of Lane 3, DHA Phase 6 report that safai wale hamari gali chor kar chale jate hain. please arrange for the concerned staff to check it",waste,medium,test,Sanitation & Solid Waste,1
"banner laga kar rasta band kar diya hai at near the petrol pump in Jamshed Road. Bara meherbani ho gi, jaldi masla hal karain.",other,low,train,General Administration,1
"I want to report that log kachra jala rahe hain, dhuan ghar me aata hai at PECHS Street 14, for several months. many families and children are affected by it every single day. The whole block has been suffering and tempers are rising Shukriya.",waste,high,train,Sanitation & Solid Waste,1
"At on Khayaban-e-Ittehad near Civil Hospital, clean drinking water has not reached our houses for almost a month. an elderly man fell into it and had to be taken to emergency",water,critical,train,Water Supply,0
"wires are hanging loose from the pole at Block A, Surjani Town and nobody has come to check for two days now. please look into it in the coming days",electricity,medium,train,Electricity & Streetlights,0
awara kutte kachra phaila dete hain at on Stadium Road??!,waste,medium,train,Sanitation & Solid Waste,1
"At Lyari Plot 22, sarak par bara gaddha ban gaya hai for two days now. just a routine request, nothing urgent at all. Kindly look into it whenever a team is free Bara meherbani ho gi, jaldi masla hal karain.",road,low,train,Roads & Infrastructure,1
i want to report that speed breaker toota hua hai in front of near the main mosque in baldia town and it is causing daily inconvenience to the residents,road,medium,train,Roads & Infrastructure,1
"assalam o alaikum, waste water has started seeping into the ground floor rooms in front of house 4-b, surjani town, & many families & children r affected by it every single day",drainage,high,train,Drainage & Sewerage,0
"dispensary hafte me sirf do din khulti hai. Location: Gadap Town Gali No 7. there is no urgency, just registering it formally Shukriya.",other,low,train,General Administration,1
"nali band hai aur pani khara hai. Location: Model Colony Gali No 7. please look into it in the coming days. Our family has been facing this for several days now Please take action. Bara meherbani ho gi, jaldi masla hal karain.",drainage,medium,train,Drainage & Sewerage,1
This is to bring to your attention that the following problem at near the main mosque in Malir: safai wale hamari gali chor kar chale jate hain. please arrange for the concerned staff to check it,waste,medium,test,Sanitation & Solid Waste,1
"Location Sector 11-B, Garden East near Ziauddin Hospital - the road tarmac is cracked into pieces and loose stones are flying up, ongoing since Ramzan. mny families and children are afffected by it every single day Awziting your response.",road,high,test,Roads & Infrastructure,0
"Please be informed that the kachra kundi was removed and now everyone dumps in the open at Block 13-D, Surjani Town, since yesterday. it is a small issue but please note it for the record. Low priority, only mentioning it so it is on record Please take action!!!",waste,low,train,Sanitation & Solid Waste,0
"paani ka pressure bohot kam hai at on sir shah suleman road. again, paani ka pressure bohot kam hai.",water,medium,train,Water Supply,1
I want to report that the boundary wall of the plot is about to collapse on passers-by since this morning at near the flyover ramp in Gulberg Town near a madrassa. Kindly resolve it soon.,safety,high,train,Public Safety,0
"the booster pujp at the hydrant has stopped working at near the community centre in Clifton and nobody has come to chrck for two days now. kindly send someone to look at it in the next few days. It is causing inconvenience and should be fixed soon Again, the booster pump at the hydrant has stopped working.",water,medium,train,Water Supply,0
"low priority, only mentioning it so it is on record banner laga kar rasta band kar diya hai at nazimabad. please take action !!!!",other,low,train,General Administration,1
taar latak rahi hain khambe se at on Khayaban-e-Ittehad near Aga Khan Hospital. This has been the case for the past six weeks. a child was injured here yesterday and we fear a worse accident,electricity,critical,train,Electricity & Streetlights,1
"complaint: residents near st 14, federal b area near ziauddin hospital r affected bcz the road tarmac is cracked into pieces & loose stones r flying up. an accident happened at this exact spot a few hours ago awaiting your response.",road,critical,test,Roads & Infrastructure,0
"Janab, the following problem at near the community centre in Gulshan-e-Iqbal: the water supply timing was shifted and now nothing reaches our end of the lane. just a routine request, nothing urgent at all",water,low,test,Water Supply,0
"Respected sir, a trench dug by the gas company was never filled back for several months at Block A, Jamshed Road. Shurkiya.",road,high,train,Roads & Infrastructure,0
"kindly send someone to look at it in the next few days The reason is that there is rotting waste and an unbearable smell, right at Clifton.",waste,medium,test,Sanitation & Solid Waste,0
the pole mounted box is open and children can reach the terminals at Defence View This has been the case for the last three days there is no urgency please handle it in the routine schedule,electricity,low,train,Electricity & Streetlights,0
"there is no urgency, just registering it formally our overhead tank never fills even after four hours of supply at Landhi Sector 5-C. Kindly resolve it soon.",water,low,train,Water Supply,0
"log kachra jala rahe hain, dhuan ghar me aata hai at Gali No 7, Federal B Area. Bara meherbani ho gi, jaldi masla hal karain.",waste,medium,train,Sanitation & Solid Waste,1
construction malba has been dumped on the empty plot location: block a pechs please arrange for the concerned staff to check it our family has been facing this for several days now thank you,waste,medium,train,Sanitation & Solid Waste,0
"paani ka pressure bohot kam hai at block 13-d, site area and nobody has come to check since yesterday. it is causing inconvenience and should be fixed soon",water,medium,train,Water Supply,1
To the concerned department the notice board at the union council has not been updated for months at Sector 11-B DHA Phase 6 for several months it is urgent bcz a school is right beside it We request immediate attention,other,high,train,General Administration,0
Respected siir safai bilkul nahi hoti yahan since yesterday at near the mobile market in Korangi Pleae take action Bara meherbani ho gi jaldi masla hal karain,waste,medium,train,Sanitation & Solid Waste,1
"Assalam o alaikum, drug users gather here after dark and residents feel unsafe at Block A, New Karachi, for almost a month. please look into it in the coming days Kindly resolve it soon. Again, drug users gather here after dark and residents feel unsafe.",safety,medium,train,Public Safety,0
"a hospital entrance is barely fifty metres from here. This has become a serious health hazard for the whole area The reason is that a huge heap of trash is lying at the corner, right at Liaquatabad Sector 11-B near a madrassa. Again, a huge heap of trash is lying at the corner.",waste,high,test,Sanitation & Solid Waste,0
"I want to report that banners and hoardings are blocking the view at the intersection in front of Orangi Town Phase 2 near Aga Khan Hospital, and the entire street of about forty houses is affected",other,high,train,General Administration,0
To the concerned department construction malba has been dumepd on the emty plot at near the katchi abadi in Shah Faisal Colony since yesterday it is causing inconvenience and should be fixed soon plz arrange for the concerned staff to chekc it We request immediate attention??!,waste,medium,train,Sanitation & Solid Waste,0
yahan khadde hi khadde hain at PECHS.,road,critical,train,Roads & Infrastructure,1
the water line has burst and water is being wasted at on tariq road.,water,medium,train,Water Supply,0
the garbage container is overflowing onto the road at near the katchi abadi in Shah Faisal Colony,waste,medium,train,Sanitation & Solid Waste,0
"Kindly note that loadshedding ka koi schedule nahi hai at near the flyover ramp in Model Colony, for two days now. please arrange for the concerned staff to check it Kindly resolve it soon. Bara meherbani ho gi, jaldi masla hal karain!!",electricity,medium,train,Electricity & Streetlights,1
"we have complained at the local office twice already with no result people are burning the garbage pile and the smoke enters our homes at Block 2, Gulberg Town. Shukriya.",waste,medium,train,Sanitation & Solid Waste,0
barish ka pani abhi tak nahi nikla at Bahadurabad near a maternity home and nobody has come to check for over two weeks. the whole block has been suffering and tempers are rising,drainage,high,train,Drainage & Sewerage,1
"For for the past six weeks now, the community hall booking process is completely opaque around Gali No 7, Gulistan-e-Johar near a maternity home. Regards.",other,high,test,General Administration,0
the sewer line was never connected to the main trunk Location: Landhi Block A there is no urgency just registering it formally There is no urgency please handle it in the routine schedule Kindly resolve it soon!!!,drainage,low,train,Drainage & Sewerage,0
garbage has not been collected frmo our street at Manghopir!!!,waste,medium,train,Sanitation & Solid Waste,0
the kachra kundi was removed and now everyone dumps in the open. Location: on Sharae Noor Jehan. it is causing inconvenience and should be fixed soon Kindly resolve it soon.,waste,medium,train,Sanitation & Solid Waste,0
"Kindly note that there is no police patrolling and street crime has increased in front of on Stadium Road, and it is causing inconvenience and should be fixed soon",safety,medium,train,Public Safety,0
"To the concerned department, the road surface has completely broken up at Block A, Clifton near the children's park, for more than 20 days. please treat this as urgent, the situation is getting worse daily We request immediate attention.",road,high,train,Roads & Infrastructure,0
At near the bus stop in Shah Faisal Colony hum ko roz tanker mangwana par raha hai since this morning this is only a suggestion for improvement,water,low,train,Water Supply,1
"For for the past six weeks now, the drain is blocked and the water is not going anywhere around Buffer Zone near Ziauddin Hospital. Requesting the department to act.",drainage,critical,test,Drainage & Sewerage,0
drug users gather here after dark and residents feel unsafe at near a bank branch in Malir. This has been the case since yesterday. it is causing daily inconvenience to the residents,safety,medium,train,Public Safety,0
"At Block A, New Karachi, rash driving by mini buses has caused several near misses for the last three days. kindly look into it whenever a team is free",safety,low,train,Public Safety,0
"the manhole is spilling sewgae continuously at on Sharae Noor Jehan. This has been the case for almost a month. please treat this as urgent, the situation is getting woese daily",drainage,high,train,Drainage & Sewerage,0
"FOR FOR MORE THAN 20 DAYS NOW, BIJLI NAHI AA RAHI HAMARE BLOCK ME AROUND NEAR THE BUS STOP IN BALDIA TOWN. PLEASE DO THE NEEDFUL. BARA MEHERBANI HO GI, JALDI MASLA HAL KARAIN. AGAIN, BIJLI NAHI AA RAHI HAMARE BLOCK ME.",electricity,high,test,Electricity & Streetlights,1
assalam o alaikum bijli nahi aa rahi hamare block me since this morning at near the bus stop in korangi kindly resolve it soon!!!,electricity,medium,train,Electricity & Streetlights,1
"Complaint: the following problem at House 4-B, PECHS: meter reading galat lagai ja rahi hai. it has become a serious health hazard for the entire block Bara meherbani ho gi, jaldi masla hal karain.",electricity,high,test,Electricity & Streetlights,1
banners and hoardings are blocking the view at the intersection at on sharae noor jehan near a madrassa. this has been the case for two days now. a live wire is lying in the standing water,other,critical,train,General Administration,0
"loadshedding ka koi schedule nahi hai at Sector 5-C, Gadap Town. This has been the case for the last three days. it is causing daily inconvenience to the residents",electricity,medium,train,Electricity & Streetlights,1
"I want to report that a very large pothole has formed in the middle of the road at on Sir Shah Suleman Rpad, since Ramzan. this is a minor issue, whenever it is convenient Shukkriya.",road,low,train,Roads & Infrastructure,0
Reporting an issue - the following problem at on University Road: there has been no water supply in our line. a large number of residents are suffering because of it,water,high,test,Water Supply,0
"respected sir, the valve man is not opening our valve at the scheduled time in front of clifton st 14, and we have complained at the local office twice already wid no result. it is causing inconvenience and should be fixed soon",water,medium,train,Water Supply,0
the meter reading is being estimatwd and the bill is impossible at Saddar Sector 5-C and nobody has come to check since yesterday. please arrange for the concerned staff to check it,electricity,medium,train,Electricity & Streetlights,0
"the footpath tiles are uprooted and pedestrians walk on the road at on I.I. Chundrigar Road and nobody has come to check for the past six weeks. this has become a serious health hazard for the whole area. It is urget because a school is right beside it Again, the footpath tiles are uprooted and pedestrians walk on the road??!",road,high,train,Roads & Infrastructure,0
"Janab, residents near near the vegetable market in Gulshan-e-Iqbal are affected because park par qabza kar liya gaya hai. please arrange for the concerned staff to check it Awaiting your response. Bara meherbani ho gi, jaldi masla hal karain. Again, park par qabza kar liya gaya hai!!",other,medium,test,General Administration,1
I want to report that hum ko roz taanker mangwana par raha hai near Street 14 Liaquatabad this is an emergency and needs immediate attention Someone received an electric shock this morning Please take action,water,critical,train,Water Supply,1
We the residents of on University Road report that the collection point has shifted rigth outside a residential gate. it has become a serious health hazard for the entire block,waste,high,test,Sanitation & Solid Waste,0
"Kindly note that there is rotting waste and an unbearable smell at on Shahrah-e-Faisal near a primary school, for the past six weeks. this has become a serious health hazard for the whole area. The entire street of about forty houses is affected Please take action.",waste,high,train,Sanitation & Solid Waste,0
"the transformer keeps tripping again and again at Sector 11-B, Model Colony near a madrassa. This has been the case for the past six weeks. this is an emergency, please send a team today",electricity,critical,train,Electricity & Streetlights,0
"the park in our neighbourhood has been encroached by a private party. Location: Jamshed Road. this is a minor issue, whenever it is convenient. Low priority, only mentioning it so it is on record Please take action. Again, the park in our neighbourhood has been encroached by a private party.",other,low,train,General Administration,0
"please be infromed that clean drinking water has not reached our houess since friday at gali no 7, pecha. tnank you.",water,medium,train,Water Supply,0
"garbage has not been collected from our st at Phase 2, Federal B Area. This has been the cqse since this morning. an elderly man fell into it & had to be taken to emergency!!",waste,critical,train,Sanitation & Solid Waste,0
"broken road with loose gravel everywhere; this situation at on abul hassn isphahani road has continued since friday. there is no urgency, please handle it in the routine schedule. low priority, only mentioning it so it is on record awaiting your response.",road,low,test,Roads & Infrastructure,0
"Janab, the following problem at on Maripur Road near a madrassa: a pack of stray dogs is attacking people. this has become a serious health hazard for the whole area",safety,high,test,Public Safety,0
safai bilkul nahi hoti yahan at saddar.,waste,low,train,Sanitation & Solid Waste,1
please arrange for the concerned staff to check it manhole ka dhakkan toota hua hai at buffer zone gali no 7 please take action bara meherbani ho gi jaldi mala hal karain,drainage,medium,train,Drainage & Sewerage,1
"the garbage container is overflowing onto the road; this situation at gali no 7, saddar has continued for several months. this has been troubling the residents of our building awaiting your response.",waste,medium,test,Sanitation & Solid Waste,0
"we are forced to buy a private tanker every second day at Block A, Gadap Town near a maternity home.",water,high,train,Water Supply,0
"Assalam o alaikum, waste water has started seeping into the ground floor rooms at Block 13-D, Lyari near a madrassa, since Ramzan. it is extrremely urgent, please treat it as an emergency We request immediate attention??!",drainage,critical,train,Drainage & Sewerage,0
there is rotting waste and an unbearable smell at on Nishtar Road near a primary school.,waste,high,train,Sanitation & Solid Waste,0
sewage water has entered our lane; this situation at on University Road has continued for over two weeks. a hospital entrance is barely fifty metres from here Regards.,drainage,high,test,Drainage & Sewerage,0
shadi hall ke loudspeaker raat bhar chalte hain at on M.A. Jinnah Road.,other,critical,train,General Administration,1
Reporting from Gulshan-e-Iqbal House 4-B: the water sub-line to our block appears to have been disconnected.,water,high,test,Water Supply,0
"stray cattle are tied up on public land and nobody removes them at Block 13-D, PECHS and nobody has come to check for almost a month. our family has been facing this for several days now",other,medium,train,General Administration,0
many families and children are affected by it every single day. There is a government school right next to it and hundreds of children pass daily half the lights on this stretch were never replaced after the storm at on Abul Hasan Isphahani Road near Civil Hospital. Kindly resolve it soon!!,electricity,high,train,Electricity & Streetlights,0
the water sub-line to our block appears to have been disconnected; this situation at Gulshan-e-Iqbal Sector 5-C has continued since this morning. it is causing inconvenience and should be fixed soon. Please arrange for the concerned staff to check it Awaiting your response.,water,medium,test,Water Supply,0
the transformer keeps tripping again and again at near a bank branch in koangi and nobody has come to check since this morning. we have been waiting for a response for a while now. it is causing inconvenience and should be fixed soon,electricity,medium,train,Electricity & Streetlights,0
"For since yesterday now, the water supply timing was shifted and now nothing reaches our end of the lane around on I.I. Chundrigar Road. Requesting the department to act.",water,low,test,Water Supply,0
Complaint: the following problem at near the community centre in Shah Faisal Colony near Aga Khan Hospital: a very large pothole has formed in the middle of the road this is an emergency and needs immediate attention,road,critical,test,Roads & Infrastructure,0
"barish ka pani abhi tak nahi nikla at Block 5, Shah Faisal Colony near the school van stop and nobody has come to check since the last monsoon. this is an emergency, please send a team today. Someone is going to be killed if this is not fixed today",drainage,critical,train,Drainage & Sewerage,1
plz be informed that the asphalt has peeled off & the base layer is exposed near on shahrah-e-faisal. kindly look into it whenever a team is free plz take action.,road,low,train,Roads & Infrastructure,0
"Respected sir, the sewerage line is choked & dirty water is on the st near PECHS. please look into it in the coming days Please take action.",drainage,medium,train,Drainage & Sewerage,0
the road level is now far below the manhole rim — Jamshed Road. this has been troubling the residents of our building,road,medium,test,Roads & Infrastructure,0
"Reporting an issue - the following problem at Block A, Malir: parking ke naam par zabardasti paise liye ja rahe hain. many families and children are affected by it every single day. A large number of residents are suffering because of it Bara meherbani ho gi, jaldi masla hal karain.",other,high,test,General Administration,1
the drain cover is broken and the sludge is expoesd at Korangi Block 2.,drainage,low,train,Drainage & Sewerage,0
Kindly note that people are burning the garbage pile and the smoke enters our homes near near the petrol pump in Manghopir. it is urgent because a school is right beside it. The whole block has been suffering and tempers are rising Thank you??!,waste,high,train,Sanitation & Solid Waste,0
"To the concerned departmwnt, the road is uneven and bikes lose balance on it for the last three days at on Sir Shah Suleman Road. Please take action.",road,low,train,Roads & Infrastructure,0
"assalam o alaikum, there have been repeated mobile snatching incidents here at jamshed road near a primary school, since this morning. it is urgent because a school is right beside it shukriya. again, there have been repeated mobile snatching incidents here.",safety,high,train,Public Safety,0
"Kindly note that a pack of stray dogs is attacking people at Block 2, New Karachi near the school van stop, for the past six weeks. the whole block has been suffering and tempers are rising. Many families and children are affected by it every single day Thank u.",safety,high,train,Public Safety,0
"I want to report that awara kutte logon ko kaat rahe hain near near the main mosque in New Karachi. it is causing inconvenience and should be fixed soon Shukriya. Bara meherbani ho gi, jaldi masla hal karain. Again, awara kutte logon ko kaat rahe hain.",safety,medium,train,Public Safety,1
there is no electricity in our block. location: near the mobile market in buffer zone. kindly send someone to look at it in the next few days we request immediate attention.,electricity,medium,train,Electricity & Streetlights,0
"Respected sir, the manhole is spilling sewage continuously near near the vegetable market in Shah Faisal Colony near the school van stop. there is a serious risk of a fatal accident here. An ambulance could not reach the hospital gate because of it Thank you.",drainage,critical,train,Drainage & Sewerage,0
"To the concerned department, half the lights on this stretch were never replaced after the storm in front of Liaquatabad near Ziauddin Hospital, and sewage has mixed into the drinking water line and people are vomiting",electricity,critical,train,Electricity & Streetlights,0
"Problem area near the katchi abadi in Model Colony. Details: sewerage ka pani gali me phail gaya hai since yesterday. Please do the needful. Bara meherbani ho gi, jaldi masla hal karain.",drainage,low,test,Drainage & Sewerage,1
the garbage container is overflowing onto the road at on Shahrah-e-Faisal near a primary school.,waste,high,train,Sanitation & Solid Waste,0
"at plot 22, korangi, awara kutte logon ko kaat rahe hain since friday. it is a small issue but please note it for the record. there is no urgency, please handle it in the routine schedule bara meherbani ho gi, jaldi masla hal karain.",safety,low,train,Public Safety,1
"at surjani town sector 5-c, street light band hai kai hafton se for two days now. we have been waiting for a response for a while now",electricity,medium,train,Electricity & Streetlights,1
"it is causing inconvenience and should be fixed soon clean drinking wtaer has not reached our houses at Block 2, Model Colony. Thank you.",water,medium,train,Water Supply,0
"the booster pump at the hydrant has stopped working at Gulistan-e-Johar. Thos has been the case since Friday. there is no urgency, please handle it in the routine schedule",water,low,train,Water Supply,0
"road bilkul toot gayi hai. Location: near a bank branch in Kemari. please arrange for the concerned staff to check it Shukriya. Bara meherbani ho gi, jaldi masla hal karain.",road,medium,train,Roads & Infrastructure,1
"low priority, only mentioning it so it is on record. There is no urgency, please handle it in the routine schedule people are burning the garbage pile and the smoke enters our homes at Sector 5-C, Baldia Town. Please take action.",waste,low,train,Sanitation & Solid Waste,0
"rain water from the last spell has still not drained out at New Karachi. Again, rain water from the last spell has still not drained out.",drainage,low,train,Drainage & Sewerage,0
RESPECTED SIR PAANI KA PRESSURE BOHOT KAM HAI IN FRONT OF STREET 14 LANDHI AND PLEASE TREAT THIS AS URGENT THE SITUATION IS GETTING WORSE DAILY,water,high,train,Water Supply,1
"we are forced to buy a private tanker everry second day at Korangi. This has been the case for two days now. just a routine request, nothing urgent at all",water,low,train,Water Supply,0
"Problem area Block A, Saddar. Details: the road surface has completely broken up since Friday. Regards.",road,medium,test,Roads & Infrastructure,0
"please be informed that the manhole is spilling sewage continuously near lane 3, landhi near a madrassa. a person has already been injured because of this kindly resolve it soon.",drainage,critical,train,Drainage & Sewerage,0
For since this morning now chain lifting on motorcycles happens almost every evening at this turn around PECHS Street 14 Please do the needful,safety,medium,test,Public Safety,0
half the lights on this stetch were never replaced after the sttorm location: near the flyover ramp in jamshed road we have complained at the local office twice already with no result kindly resolve it soon,electricity,medium,train,Electricity & Streetlights,0
"there is no urgency, please handle it in the routine schedule. Nothing serious, just bringing it to your notice The reason is that the contractor's truck skips our lane every single round, right at Gali No 7, Orangi Town.",waste,low,test,Sanitation & Solid Waste,0
"Dear municipal team, residents near Clifton House 4-B near Jinnah Hospital emergency gate are affected because chamber se kala pani upar aa raha hai. shopkeepers say business has dropped by half because of it Requesting the department to act.",drainage,high,test,Drainage & Sewerage,1
wires are hanging loose from the pole — near the vegetablle market in Clifton near a maternity home. the fire brigade had to be called last night,electricity,critical,test,Electricity & Streetlights,0
"park par qabza kar liya gaya hai. Location: near the main mosque in Baldia Town near the children's park. a motorcyclist fell and broke his arm last night We request immediate attention. Bara meherbani ho gi, jaldi masla hal karain.",other,critical,train,General Administration,1
"Janab, the following problem at on M.A. Jinnah Road: line ka joint phat gaya hai aur pani zaya ho raha hai. it is causing inconvenience and should be fixed soon",water,medium,test,Water Supply,1
"street light band hai kai hafton se at on Maripur Road. This has been the case since Friday. we have been waiting for a response for a while now Bara meherbani ho gi, jaldi masla hal karain.",electricity,medium,train,Electricity & Streetlights,1
"Reporting an issue - residents near Phase 2, Liaquatabad are affected because a very large pothole has formed in the middle of the road. please add it to the regular maintenance list Regards.",road,low,test,Roads & Infrastructure,0
"the drain cover is broken and the sludge is exposed at Sector 5-C, SITE Area.",drainage,high,train,Drainage & Sewerage,0
Respected sir people are burning the garbage pile and the smoke enters our homes near Plot 22 Buffer Zone our family has been facing this for several days now It is causing daily inconvenience to the residents Kindly resolve it soon,waste,medium,train,Sanitation & Solid Waste,0
"kindly note that pani ki line leak ho rahi hai in front of on shahrah-e-faisal near the school van stop, and please treat this as urgent, the situation is getting worse daily",water,high,train,Water Supply,1
"I want to report that unannounced load shedding is running for eight hours a day at on Hub River Road, for the past six weeks. it is extremely urgent, please treat it as an emergency Please take action.",electricity,critical,train,Electricity & Streetlights,0
brokeen road with loose graavel everywhere at near the union council office in North Nazimabad !!!!,road,low,train,Roads & Infrastructure,0
"Please be informed that the road has caved in after the rain at Block 5, Jamshed Road, since yesterday. our family has been facing this for several days now We request immediate attention!!",road,medium,train,Roads & Infrastructure,0
"We the rwsidents of Street 14, Malir near Civil Hospital report that the srwerage line is chkoed and dirty water is on the street. it has become a serious health hazard for the entire block",drainage,high,test,Drainage & Sewerage,0
manhole ka dhakkan toota hua hai at on Khayaban-e-Ittehad and nobody has come to check since Friday. our family has been facing this for several days now. We have complained at the local office twice already with no result,drainage,medium,train,Drainage & Sewerage,1
the nallah beside the colony is choked with solid waste at on Hub River Road. This has been the case since this morning. our family has been facing this for several days now,drainage,medium,train,Drainage & Sewerage,0
"the manhole is spilling sewage continuously — on Maripur Road. it is causing inconvenience & should be fixed soon. We have been waiting for a response for a while now Again, the manhole is spilling sewage continuously.",drainage,medium,test,Drainage & Sewerage,0
a child was injured here yesterday & we fear a worse accident the pole mounted box is open & children can reach the terminals at Clifton near a madrassa. Thank u.,electricity,critical,train,Electricity & Streetlights,0
"At Gulistan-e-Johar near Ziauddin Hospital, bijli ka khamba tirha ho gaya hai since Ramzan. this is an emergency, please send a team today",electricity,critical,train,Electricity & Streetlights,1
the sewer line was never connected to the main trunk at Saddar Lane 3. This has been the case for more than 20 days. it is urgent because a school is right beside it,drainage,high,train,Drainage & Sewerage,0
"at near the mobile market in malir, sewage water has entered our lane for more than 20 days. it is causing daily inconvenience to the residents",drainage,medium,train,Drainage & Sewerage,0
Problem area on Rashid Minhas Road. Details: drug users gather here after dark and residents feel unsafe since this morning. Awaiting your response !!!!,safety,medium,test,Public Safety,0
"To the concerned department, there are deep potholes all along this sretch for the past six weeks at Gadap Town Sector 5-C. Thank you.",road,high,train,Roads & Infrastructure,0
a motorcyclist fell and broke his arm last night. A person has already been injured bcz of this construction malba has been dumped on the empty plot at on Hub River Road near Jinnah Hospital emergency gate. Kindly resolve it soon.,waste,critical,train,Sanitation & Solid Waste,0
"To the concerned department, street light band hai kai hafton se at Model Colony, since yesterday. low priority, only mentioning it so it is on record. There is no urgency, just registering it formally Shukriya.",electricity,low,train,Electricity & Streetlights,1
"At on Nishtar Road, the asphalt has peeled off and the base layr is exposed for more than 20 days. it is causing inconvenience and should be fixed soon Again, the asphalt has peeled off and the base layer is exposed.",road,medium,train,Roads & Infrastructure,0
"to the concerned department, the pedestrian crossing has no signal and children cross alone at near the community centre in kemari, since friday. please look into it in the coming days shukriya.",safety,medium,train,Public Safety,0
"JANAB, THE FOLLOWING PROBLEM AT STREET 14, GARDEN EAST: THE WATER SUB-LINE TO OUR BLOCK APPEARS TO HAVE BEEN DISCONNECTED. AN ACCIDENT HAPPENED AT THIS EXACT SPOT A FEW HOURS AGO. THE FIRE BRIGADE HAD TO BE CALLED LAST NIGHT",water,critical,test,Water Supply,0
sarak par bara gaddha ban gaya hai; this situation at near the katchi abadi in Kemari has continued for more than 20 days. this has become a serious health hazard for the whole area Awaiting your response.,road,high,test,Roads & Infrastructure,1
"i want to report that tere is rotting waste and an unbearable smell at near the flyover ramp in pechs near ziauddin hospital, for the last three days. someone is going to be killed if this is not fixed today we request immediate attention.",waste,critical,train,Sanitation & Solid Waste,0
"Janab, the following problem at near the vegetable market in Federal B Area: gandagi ki wajah se makhiyan bohot ho gayi hain. please treat this as urgent, the situation is getting worse daily Baar meherbani ho gi, jladi masla hal karain.",waste,high,test,Sanitation & Solid Waste,1
"Problem area on Sharae Noor Jehan. Details: stray cattle are tied up on public land and nobody removes them for almost a month. Meherbani ho gi. Again, stray cattle are tied up on public land and nobody removes them.",other,high,test,General Administration,0
"problem area lane 3, gulberg town. details: gandagi ki wajah se makhiyan bohot ho gayi hain since this morning. requesting the department to act. bara meherbani ho gi, jaldi masla hal karain.",waste,medium,test,Sanitation & Solid Waste,1
"kindly note that banner laga kar rasta band kar diya hai for several months at house 4-b, malir. we request immediate attention. bara meherbani ho gi, jaldi masla hal karain.",other,critical,train,General Administration,1
"At near the main mosque in Lyyari, an abandoned building has become a hideout for criminals for several months. a child was injured here yesterday and we fear a worse accident!!",safety,critical,train,Public Safety,0
"kachra utha nahi hai kai din se at Sector 11-B, Saddar. This has been the case for the last three days. we have been waiting for a response for a while now. Please arrange for the concerned staff to check it",waste,medium,train,Sanitation & Solid Waste,1
"two schools and a clinic are on the same stretch. A hospital entrance is barely fifty metres from here The reason is that the storm drain outlet has been sealed by an illegal construction, right at House 4-B, Liaquatabad near the children's park.",drainage,high,test,Drainage & Sewerage,0
"REPORTING FROM ON TARIQ ROAD NEAR ZIAUDDIN HOSPITAL: LINE KA JOINT PHAT GAYA HAI AUR PANI ZAYA HO RAHA HAI. BARA MEHERBANI HO GI, JALDI MASLA HAL KARAIN.",water,high,test,Water Supply,1
Respected sir the footpath tiles are uprooted and pedestrians walk on the road at DHA Phase 6 Street 14 for two days now we have been waiting for a response for a while now Kindly resolve it soon,road,medium,train,Roads & Infrastructure,0
"At near a bank branch in Federal B Area, the meter reading is being estimated and the bill is impossible for the last three days. it is a small issue but please note it for the record",electricity,low,train,Electricity & Streetlights,0
"gutter ubal raha hai at Liaquatabad Block 13-D. Bara meherbani ho gi, jaldi masla hal karain!!",drainage,medium,train,Drainage & Sewerage,1
whatever comes out of the tap is yellow and undrinkable; this situation at Surjani Town Block 5 has continued for over two weeks. two schools and a clinic are on the same stretch Meherbani ho gi.,water,high,test,Water Supply,0
"To the concerned department, the valve man is not opening our valve at the scheduled time at SITE Area near a primary school, since Ramzan. the whole block has been suffering and tempers are rising. It is on the main road and traffic jams for hours every morning Shukriya.",water,high,train,Water Supply,0
"To the concerned department, rash driving by mini buses has caused several near misses near near the union council office in Malir near a government girls school. the whole bolck has been suffering & tempers are rising Shukriya.",safety,high,train,Public Safety,0
there is rotting waste and an unbearable smell at on Sharae Noor Jehan This has been the case since this morning please arrange for the concerned staff to check it,waste,medium,train,Sanitation & Solid Waste,0
"For since Ramzan now, gande pani ki wajah se ghar me se bo aa rahi hai around near the vegetable market in Malir. Awaiting your response??!",drainage,high,test,Drainage & Sewerage,1
at on rashid minhas road near a government girls school kachra utha nahi hai kai din se for several months dengue and gastro cases have started appearing in the area!!,waste,high,train,Sanitation & Solid Waste,1
Kindly note that waste water has started seeping into the ground floor rooms since this morning at near the community centre in Model Colony. Shukriya.,drainage,low,train,Drainage & Sewerage,0
"Reporting from Federal B Area near a maternity home: the sewerage line is choked and dirty water is on the street. Again, the sewerage line is choked and dirty water is on the street.",drainage,high,test,Drainage & Sewerage,0
we have been waiting for a response for a while now. Please look into it in the coming days the drain cover is broken and the sludge is exposed at Gulistan-e-Johar. Please take action.,drainage,medium,train,Drainage & Sewerage,0
"I want to report that taar latak rahi hain khambe se for two days now at House 4-B, Federal B Area. Please take action. Bara meherbani ho gi, jaldi masla hal karain.",electricity,medium,train,Electricity & Streetlights,1
"At near the main mosque in Gulshan-e-Iqbal, the meter reading is being estimated and the bill is impossible since this morning. we have been waiting for a response for a while now",electricity,medium,train,Electricity & Streetlights,0
"Assalam o alaikum, a huge heap of trash is lying at the corner for two days now at Shah Faisal Colony Block 2. Please take action.",waste,critical,train,Sanitation & Solid Waste,0
"To the concerned department, there is no police patrolling and street crime has increased near PECHS Phase 2. our family has been facing this for several days now. It is causing daily inconvenience to the residents Thank you.",safety,medium,train,Public Safety,0
"safai wale hamari gali chor kar chale jtae hain — Model Colony Block A. we would appreciate it if the concerned staff could check it. This has been troubling the residents of our byilding Bara mherbani ho gi, jaldi masla hal karain.",waste,medium,test,Sanitation & Solid Waste,1
"Respected sir, wires are hanging loose from the pole for the past six weeks at near the flyover ramp in Malir. Thank u.",electricity,medium,train,Electricity & Streetlights,0
Problem area near the union council office in Shah Faisal Colony near the school van stop Details: gandagi ki wajah se makhiyan bohot ho gayi hain for the last three days Awaiting your response!!!,waste,high,test,Sanitation & Solid Waste,1
"the main water pipe is leaking badly — Block 2, Shah Faisal Colony. kindly arrange a visit sometime this week Again, the main water pipe is leaking badly.",water,medium,test,Water Supply,0
"the voltage is so low that no appliance runs, the fan barely turns; this situation at on Sharae Noor Jehan has continued for over two weeks. a large number of residents are suffering because of it. Shopkeepers say business has dropped by half because of it Awaiting your response.",electricity,high,test,Electricity & Streetlights,0
"Kindly note that the newly laid patch has already sunk in the middle since Ramzan at on M.A. Jinnah Road. Please take action. Again, the newly laid patch has already sunk in the middle.",road,high,train,Roads & Infrastructure,0
the road is uneven & bikes lose balance on it at near the mobile market in Buffer Zone. This has been the case since the last monsoon. part of the structure has already collapsed,road,critical,train,Roads & Infrastructure,0
"Respected sir, kachra kundi bhar gayi hai aur sarak par gir raha hai at on M.A. Jinnah Road, for two days now. it is causing daily inconvenience to the residents Kindly resolve it soon. Barra meerbani ho gi, jaldi maxla hal karain. Again, kachta kundi bhar gayi hai aur sarak par gir raha hai.",waste,medium,train,Sanitation & Solid Waste,1
Kindly note that the gutter has been overflowing since Friday at New Karachi. Kindly resolve it soon.,drainage,low,train,Drainage & Sewerage,0
please treat this as urgent the situation is getting worse daily The reason is that a huge heap of trash is lying at the corner right at Block 5 Gadap Town,waste,high,test,Sanitation & Solid Waste,0
"there are deep potholes all along this stretch — orangi town. please arrange for the concerned staff to check it again, there are deep potholes all along this stretch.",road,medium,test,Roads & Infrastructure,0
"paani ka pressure bohot kam hai. location: block 5, pechs near a maternity home. please treat this as urgent, the situation is getting worse daily shukriya. bara meherbani ho gi, jaldi masla hal karain. again, paani ka pressure bohot kam hai.",water,high,train,Water Supply,1
"waste water has started seeping into the ground floor rooms. Location: Phase 2, Nazimabad. we have been waiting for a response for a while now Thank you!!",drainage,medium,train,Drainage & Sewerage,0
there is a government school right next to it and hundreds of children pass daiyl the pedestrian crossing has no signal and children cross alone at near the union council offcie in Model Colony near a maternity home. Shuukriya.,safety,high,train,Public Safety,0
"PROBLEM AREA BLOCK 5, LYRAI. DETAILS: THE GUTTER HAS BEEN OVERFLOWING SINCE FRIDAY. REQUESTING THE DEPARTMENT TO ACT.",drainage,low,test,Drainage & Sewerage,0
sarak par bara gaddha ban gaya hai at near the katchi abadi in Landhi and nobody has come to check since Friday. please arrange for the concerned staff to check it,road,medium,train,Roads & Infrastructure,1
THERE IS A SERIOUS RISK OF A FATAL ACCIDENT HERE DISPENSARY HAFTE ME SIRF DO DIN KHULTI HAI AT NEAR THE UNION COUNCIL OFFICE IN GULBERG TOWN. SHUKRIYA.,other,critical,train,General Administration,1
"Respected sir, the electric pole is leaning dangerously at on Hub River Road, for more than 20 days. it is on the main road and traffic jams for hours every morning Shukriya??!",electricity,high,train,Electricity & Streetlights,0
our family has been facing this for several days now. It is causing inconvenience and sohuld be fixed soon street light band hai kai hafton se at on Khayaban-e-Ittehad. Kindly resolve it soon.,electricity,medium,train,Electricity & Streetlights,1
"for since friday now, voltage itna kam hai ke pankha nahi chalta around near a bank branch in dha phase 6. requesting the department to act.",electricity,low,test,Electricity & Streetlights,1
"construction malba has been dumped on the empty plot at Korangi and nobody has come to check since this morning. just a routine request, nothing urgent at all. There is no urgency, just registering it formally",waste,low,train,Sanitation & Solid Waste,0
"Assalam o alaikum, the road has caved in after the rain at Block 13-D, Gulshan-e-Iqbal, since yesterday. kindly send someone to look at it in the next few days. Please look into it in the coming days Thank you??!",road,medium,train,Roads & Infrastructure,0
Problem area on I.I. Chundrigar Road. Details: a shopkeeper has extenddd his shop over the wole footpath since Friday. Please do the needful.,other,medium,test,General Administration,0
"At near a bank branch in Manghopir near a madrassa, park par qabza kar liya gaya hai for more than 20 days. an elderly man fell into it and had to be taken to emergency Bara meherbani ho gi, jaldi masla hal karain.",other,critical,train,General Administration,1
"waste water has started seeping into the ground floor rooms at block 2, surjani town and nobody has come to check for two days now. there is no urgency, please handle it in the routine schedule",drainage,low,train,Drainage & Sewerage,0
water is coming with very low pressure at near the vegetable market in North Nazimabad and nobody has come to check for two days now we have been waiting for a response for a while now Please arrange for the concerned staff to check it,water,medium,train,Water Supply,0
"a large number of residents are suffering because of it. The whole block has been suffering and tempers are rising the boundary wall of the plot is about to collapse on passers-by at Block A, Gulshan-e-Iqbal near a primary school. Kindly resolve it soon.",safety,high,train,Public Safety,0
"For since yesterday now, no receipt is issued for the charges collected at the municipal counter around Lyari. Meherbani ho gi. Again, no receipt is issued for the charges collected at the municipal counter.",other,low,test,General Administration,0
Problem area near the mobile market in Lyari. Details: the drain is blocked and the water is not going anywhere for the past six weeks. Requesting the department to act.,drainage,medium,test,Drainage & Sewerage,0
"to the concerned department, the water that comes is muddy and snells of chemicals at near the mobile market in liaquatabad, since yesterday. it is a small issue but please note it for the record shukriya.",water,low,train,Water Supply,0
"gali me kooray ka bara dher lag gaya hai at Block A, Gulberg Town near the school van stop. This has been the case since Ramzan. it is urgent because a school is right beside it Bara meherbani ho gi, jaldi masla hal karain.",waste,high,train,Sanitation & Solid Waste,1
"the water line has burst and water is being wasted at lane 3, baldia town.",water,critical,train,Water Supply,0
"dengue and gastro cases have started appearing in the area transformer bar bar trip kar raha hai at Plot 22, Buffer Zone. Shukriya.",electricity,high,train,Electricity & Streetlights,1
"To the concerned department, the asphalt has peeled off and the base layer is exposed in front of nera the mobile market in Lyari, and it is causing inconvenience and should be fixed soon!!!",road,medium,train,Roads & Infrastructure,0
"Please be infirmed that the pedestrian crossing has no signal and children cross alone for more than 20 days at Gali No 7, Orangi Town near a government girls school. Kindly resolve it soon.",safety,critical,train,Public Safety,0
To the concerned department sarak par bara gaddha ban gaya hai for several months at on M A Jinnah Road Please take action,road,critical,train,Roads & Infrastructure,1
I want to report that the road has caved in after the rain near near the petrol pump in Surjani Town. a live wire is lying in the standing water Kindly resolve it soon.,road,critical,train,Roads & Infrastructure,0
"it is extremely urgent, please treat it as an emergency the sewerage line is choked and dirty water is on the street at on M.A. Jinnah Road. Shukriya. Again, the sewerage line is choked and dirty water is on the street !!!!",drainage,critical,train,Drainage & Sewerage,0
people are burning the garbage pile and the smoke enters our homes at near a bank branch in Model Colony.,waste,low,train,Sanitation & Solid Waste,0
"Kindly note that the water that comes is muddy and smells of chemicals in front of near the main mosque in Surjani Town, and please arrange for the concerned staff to check it",water,medium,train,Water Supply,0
the drain is blocked and the water is not going anywhere at near the vegetable market in Gulistan-e-Johar.,drainage,low,train,Drainage & Sewerage,0
"To the concerned department, the booster pump at the hydrant has stopped working at New Karachi, since the last monsoon. part of the structure has already collapsed Shukriya.",water,critical,train,Water Supply,0
"Kindly note that log kachra jala rahe hain, dhuan ghar me aata hai at Plot 22, Landhi, since Friday. our family has been facing this for several days now We request immediate attention.",waste,medium,train,Sanitation & Solid Waste,1
"I want to report that the gutter has been overflowing at near the katchi abadi in Korangi, since Friday. we have been waiting for a response for a while now We request immediate attention.",drainage,medium,train,Drainage & Sewerage,0
"Respected sir, the speed brekaer is broken and has sharp edges since Friday at near the katchi abadi in Saddar. Please take action.",road,low,train,Roads & Infrastructure,0
"the water line has burst and water is being wasted at on Shahrah-e-Faisal and nobody has come to check for the last three days. kindly send someone to look at it in the next few days. We have been waiting for a response for a while now Again, the water line has burst and water is being wasted!!!",water,medium,train,Water Supply,0
"this is to bring to your aytention that the following problem at street 14, gulistan-e-johar: black sewage is bubbling up from the drain inspection chamber. it is causimg inconvenience and should be fixed soon",drainage,medium,test,Drainage & Sewerage,0
"ASSALAM O ALAIKUM, THE DRAIN IS BLOCKED AND THE WATER IS NOT GOING ANYWHERE IN FRONT OF DHA PHASE 6 STREET 14, AND IT IS ON THE MAIN ROAD AND TRAFFIC JAMS FOR HOURS EVERY MORNING. MANY FAMILIES AND CHILDREN ARE AFFECTED BY IT EVERY SINGLE DAY",drainage,high,train,Drainage & Sewerage,0
"I want to report that sarak ki halat bohot kharab hai, gaari nikalna mushkil hai near Gulistan-e-Johar. it is a small issue but plz note it for the record. This is a minor issue, whenever it is convenient plz take action. Bara meherbani ho gi, jaldi masla hal karain.",road,low,train,Roads & Infrastructure,1
"For since yesterday now, wires are hanging loose from the pole around on Nishtar Road. Please do the needful.",electricity,low,test,Electricity & Streetlights,0
"At on I.I. Chundrigar Road near the children's park, safai bilkul nahi hoti yahan for almost a month. elderly patients live in this lane and cannot step outside. There is a government school right next to it and hundreds of children pass daily",waste,high,train,Sanitation & Solid Waste,1
"To the concerned department, there is rotting waste and an unbearable smell since Friday at Sector 11-B, Federal B Area. Please take action??!",waste,medium,train,Sanitation & Solid Waste,0
"TO THE CONCERNED DEPARTMENT, THE NEWLY LAID PATCH HAS ALREADY SUNK IN THE MIDDLE AT BLOCK 2, SADDAR, FOR THE LAST THREE DAYS. LOW PRIORITY, ONLY MENTIONING IT SO IT IS ON RECORD PLEASE TAKE ACTION.",road,low,train,Roads & Infrastructure,0
"PANI BILKUL NAHI AA RAHA — GULISTAN-E-JOHAR HOUSE 4-B. A MINOR PROBLEM WHICH CAN WAIT FOR THE NORMAL SCHEDULE BARA MEHERBANI HO GI, JALDI MASLA HAL KARAIN.",water,low,test,Water Supply,1
kindly note that speed breaker toota hua hai for two days now at near the bus stop in kemari. shukriya.,road,medium,train,Roads & Infrastructure,1
Please be informed that the manhole is spilling sewage continuously in front of Plot 22 Clifton and it is causing daily inconvenience to the residents,drainage,medium,train,Drainage & Sewerage,0
the booster pump at the hydrant has stopped working at Sector 5-C Garden East near Civil Hospital,water,critical,train,Water Supply,0
the water supply timing was shifted and now nothing reaches our end of the lane — site arrea phhase 2. please add it to the regular maintenance list,water,low,test,Water Supply,0
reporting an issue - residents near buffer zone street 14 near a maternity home are affected because there are deep potholes all along this stretch the wall gave way on one side and a shop was buried awaiting your response,road,critical,test,Roads & Infrastructure,0
plz be informed that hum ko roz tanker mangwana par raha hai near Sector 11-B New Karachi sewage has mixed into the drinking water line & people are vomiting Someone received an electric shock this morning Thank u,water,critical,train,Water Supply,1
"Kindly note that the meter readding is being estimated and the bill is impossible near Plot 22, Gulshan-e-Iqbal. there is no urrgency, please handle it in the routine schedule. Just a routine requesg, nothing urgent at all Please take action.",electricity,low,train,Electricity & Streetlights,0
I want to report that hum ko roz tanker mangwana par raha hai near Federal B Area Phase 2. this is only a suggestion for improvement Kindly resolve it soon.,water,low,train,Water Supply,1
"bijli ka khamba tirha ho gaya hai at Jamshed Road Block 2 and nobody has come to check for two days now. this is a minor issue, whenever it is convenient Bara meherbani ho gi, jaldi masla hal karain.",electricity,low,train,Electricity & Streetlights,1
"plz be informed that there r sparks coming from the connection at night at plot 22, kemari, since ramzan. plz look into it in the coming days kindly resolve it soon. again, there r sparks coming from the connection at night.",electricity,medium,train,Electricity & Streetlights,0
"Assalam o alaikum, hum ko roz tanker mangwana par raha hai for two days now at Plot 22, Gulberg Town. Thank you.",water,medium,train,Water Supply,1
"Respected sir, the boundary wall of the plot is about to collapse on passers-by in front of Orangi Town Plot 22 near Civil Hospital, and someone is going to be killed if this is not fixed today. An ambulance could not reach the hospital gate because of it Again, the boundary wall of the plot is about to collapse on passers-by.",safety,critical,train,Public Safety,0
Problem area near the community centre in Clifton. Details: sewage water has entered our lane for the last three days. Regards.,drainage,medium,test,Drainage & Sewerage,0
"LOCATION DEFENCE VIEW - THE ELECTRICITY FEEDER FOR OUR LANE TRIPS EVERY TIME AN APPLIANCE IS SWITCHED ON, ONGOING SINCE YESTERDAY. IT IS CAUSING INCONVENIENCE AND SHOULD BE FIXED SOON PLEASE DO THE NEEDFUL.",electricity,medium,test,Electricity & Streetlights,0
"Assalam o alaikum, the valve man is not opening our valve at the scheduled time near Plt 22, Korangi near a priimary school. many families and children are affected by it every single day Kindly resolve it soon. Again, the valve man is not opening our valve at the scheduled timee.",water,high,train,Water Supply,0
"Assalam o alaikum, a pack of stray dogs is attacking people near Malir. we have complained at the local office twice already with no result Kindly resolve it soon !!!!",safety,medium,train,Public Safety,0
"Assalam o alaikum, road pe khudai kar ke chor di gayi hai since the last monsoon at near the mobile market in Model Colony. Shukriya.",road,high,train,Roads & Infrastructure,1
"Prolem area Block A, Gulistan-e-Johar. Details: an open manhole in the middle of the walkway is a death trap for the past six weeks. Awaiting your response. Again, an oen manholle in the middle of the walkway is a death trap.",safety,high,test,Public Safety,0
the valve man is not opening our valve at the scheduled time at Federal B Area and nobody has come to check for two days noe. it is causing daily inconvenience to the residents,water,medium,train,Water Supply,0
"Kindly note that the street lights have not been working near House 4-B, Landhi. please arrange for the concerned staff to check it Please take action.",electricity,medium,train,Electricity & Streetlights,0
"Please be informed that the speed breaker is broken and has sharp edges in font of Garden East Block 13-D, and we have been waiting for a response for a while now. It is causing inconvenience and should be fixed soon",road,medium,train,Roads & Infrastructure,0
the refuse dump beisde our wall has doubled in size this month; this situation at Block A Gulistan-e-Johar near a maternity home has continued since the last monsoon many families and children are affected by it every single day Regards,waste,high,test,Sanitation & Solid Waste,0
THE SEWERAGE LINE IS CHOKED & DIRTY WATER IS ON THE STREET. LOCATION: NEAR THE VEGETABLE MARKET IN LANDHI. IT IS URGENT BECAUSE A SCHOOL IS RIGHT BESIDE IT THANK YOU.,drainage,high,train,Drainage & Sewerage,0
we have complained at the local office twice already wid no result yahan mobile snatching bohot ho rahi hai at Surjani Town Block 2. plz take action.,safety,medium,train,Public Safety,1
the kachra kundi was removed and now everyone dumps in the open at Plot 22 Jamshed Road near Civil Hospital and nobody has come to check since this morning many families and children are affected by it every single day,waste,high,train,Sanitation & Solid Waste,0
"We the residents of Lane 3, Defence Viwe near a primary school report that thee has been no water supply in our line. this is an emergency and needs immediate attention",water,critical,test,Water Supply,0
"Please be informed that awara kutte logon ko kaat rahe hain since Friday at Kemari. Kindly resolve it soon. Bara meherbani ho gi, jaldi masla hal karain.",safety,low,train,Public Safety,1
I want to report that the notice board at the union council has not been updated for months near near the union council office in Model Colony. please look into it in the coming days Kindly resolve it soon.,other,medium,train,General Administration,0
"At House 4-B, Buffer Zone, a trench dug by the gas company was never filled back for the last three days. just a routine request, nothing urgent at all",road,low,train,Roads & Infrastructure,0
"I want to report that a huge heap of trash is lying at the corer at Block 13-D, Federal B Area, for the last three days. we have been waiting for a response for a while now We request immedaite attention. Again, a huge heap of trash is lying at the corner.",waste,medium,train,Sanitation & Solid Waste,0
"gali me kooray ka bara dher lag gaya hai at near the vegetable market in Gulberg Town near the children's park. This has been the case for over two weeks. the entire street of about forty houses is affected. It is on the main road and traffic jams for hours every morning Bara meherbani ho gi, jaldi masla hal karain.",waste,high,train,Sanitation & Solid Waste,1
"Location Liaquatabad House 4-B - there is rotting waste and an unbearable smell, ongoihg since Friday. we would appreciate it if the concerned staff could check it. This has been troubling the residents of our building Requesting the department to act !!!!",waste,medium,test,Sanitation & Solid Waste,0
Reporting frm near the main mosque in Buffer Zone: counter par rasid nahi di jati.,other,medium,test,General Administration,1
kindly note that road bilkul toot gayi hai for the last three days at on maripur road. thank you.,road,medium,train,Roads & Infrastructure,1
"KINDLY NOTE THAT PARK PAR QABZA KAR LIYA GAYA HAI IN FRONT OF FEDERAL B AREA BLOCK 5, AND PLZ ARRANGE FOR THE CONCERNED STAFF TO CHECK IT. WE HAVE BEEN WAITING FOR A RESPONSE FOR A WHILE NOW",other,medium,train,General Administration,1
"For for more than 20 days now, a dangerous dilapidated structure is about to fall on people using the footpath around on Hub River Road. Regards!!",safety,high,test,Public Safety,0
"THE TRANSFORMER KEEPS TRIPPING AGAIN AND AGAIN AT BLOCK 2, PECHS.",electricity,critical,train,Electricity & Streetlights,0
plz arrange for the concerned staff to check it. Our family has been facing this for several daus now gutter ubal raha hai at near a bank branch in Garden East. Thank u.,drainage,medium,train,Drainage & Sewerage,1
"I want to report that log kachra jala rahe hain, dhuan ghar me aata hai for almost a month at Nazimabad Gali No 7. We request immediate attention.",waste,high,train,Sanitation & Solid Waste,1
the meter reading is being estimated & the bill is impossible at Gulberg Town near a primary school.,electricity,high,train,Electricity & Streetlights,0
"At Block 5, Bahadurabad, half the lights on this stretch wree never replaced after the storm since Ramzan. there is no urgency, just registerign it formally. This is only a suggestion for improvement !!!!",electricity,low,train,Electricity & Streetlights,0
the valve man is not opening our valve at the scheduled time at near the bus stop in Model Colony near the school van stop. This has been the case since Ramzan. a live wire is lying in the standing water,water,critical,train,Water Supply,0
paani ka pressure bohot kam hai at Sector 11-B Baldia Town,water,critical,train,Water Supply,1
our family has been facing this for several days now the sewer line was never connected to the main trunk at near the main mpsque in Liaquatabad. Shukriya.,drainage,medium,train,Drainage & Sewerage,0
"the drain cover is broken and the sludge is exposed. Location: near a bank branch in Bahadurabad. a large number of residents are suffering because of it We request immediate attention. Again, the drain cover is broken and the sludge is exposed.",drainage,high,train,Drainage & Sewerage,0
"At Block 13-D, PECHS near Jinnah Hospital emergency gate, rain water from the last spell has still not drained out since the last monsoon. sewage has mixed into the drinking water line and people are vomiting",drainage,critical,train,Drainage & Sewerage,0
"gali me kooray ka bara dher lag gaya hai at near the mobile market in Federl B Area and nobody has come to check for the past six weeks. kindly look into it whenever a team is free Bara meherbani ho gi, jaldi masla hal karain.",waste,low,train,Sanitation & Solid Waste,1
the road is uneven and bikes lose balance on it at on University Road This has been the case since this morning there is no urgency just registering it formally There is no urgency please handle it in the routine schedule,road,low,train,Roads & Infrastructure,0
reporting an issue - the following problem at near the vegetable market in liaquatabad: park par ghair samaji anasir ka qabza hai. a large number of residents are suffering because of it,safety,high,test,Public Safety,1
"To the concerned department, garbage has not been collected from our street in front of near the community centre in Baldia Town, and our family has been facing this for several days now. We have been waiting for a response for a while now!!",waste,medium,train,Sanitation & Solid Waste,0
our family has been facing this for several days now the garbage container is overflowing onto the road at on nishtar road. kindly resolve it soon.,waste,medium,train,Sanitation & Solid Waste,0
"a school van skidded and very nearly overturned. A person has already been injured because of this The reason is that sewage water has entered our lane, right at Gadap Town near a madrassa. Again, sewage water has entered our lane.",drainage,critical,test,Drainage & Sewerage,0
"For for several months now, the contractor's truck skips our lane every single round around Block A, Nazimabad near the school van stop. Meherbani ho gi. Again, the contractor's truck skips our lane every single round.",waste,high,test,Sanitation & Solid Waste,0
"At Phase 2, Saddar, bijli nahi aa rahi hamare block me for the last three days. we have been waiting for a response for a while now Again, bijli nahi aa rahi hamare block me.",electricity,medium,train,Electricity & Streetlights,1
"Respected sir, khula manhole hai, koi bhi gir sakta hai in front of Phase 2, Gulberg Town, and a child was injured here yesterday and we fear a worse accident",safety,critical,train,Public Safety,1
the drain cover is broken & the sludge is exposed at near the katchi abadi in Gulistan-e-Johar.,drainage,low,train,Drainage & Sewerage,0
THERE ARE SPARKS COMING FROM THE CONNECTION AT NIGHT AT GULISTAN-E-JOHAR STREET 14.,electricity,medium,train,Electricity & Streetlights,0
construction malba has been dumped on the empty plot at Manghopir near a government girls school and nobody has come to check for almost a month. an elderly man fell into it and had to be taken to emergency,waste,critical,train,Sanitation & Solid Waste,0
"the road is uneven and bikes lose balance on it. Location: on Khayaban-e-Ittehad. a large number of residents are suffering because of it. Please treat this as urgent, the situation is getting worse daily Shukriya.",road,high,train,Roads & Infrastructure,0
"at sector 5-c, model colony, nalah kachre se bhar gaya hai since ramzan. a person has already been injured because of this. someone received an electric shock this morning",drainage,critical,train,Drainage & Sewerage,1
"I want to report that the manhole is spilling sewage continuously at near the flyover ramp in Bahadurabad near Ziauddin Hospital, since the last monsoon. the entire street of about forty houses is affected. The whole block has been suffering and tempers are rising Shukriya.",drainage,high,train,Drainage & Sewerage,0
"Assalam o alaikum, paani ka pressure bohot kam hai at near the flyover ramp in Kemari, since this morning. please look into it in the coming days Shukriya.",water,medium,train,Water Supply,1
"respected sir, the water that comes is muddy and smells of chemicals near gali no 7, gulberg town. just a routine request, nothing urgent at all please take action.",water,low,train,Water Supply,0
elderly patientts live in this lane and cannot step outside there is no electricity in our bloock at near the community centre in DHA Phase 6 near the school van stop. Thank you.,electricity,high,train,Electricity & Streetlights,0
people are burning the garbage pile and the smoke enters our homes at on Shahrah-e-Faisal near Civil Hospital and nobody has come to check since Friday. it is on the main road and traffic jams for hours every morning,waste,high,train,Sanitation & Solid Waste,0
"Assalam o alaikum, the kachra kundi was removed and now everyone dumps in the open at near the katchi abadi in Gadap Town, for the last three days. there is no urgency, just registering it formally. There is no urgency, please handle it in the routine schedule Shukriya.",waste,low,train,Sanitation & Solid Waste,0
"At near the petrol pump in Model Colony, log kachra jala rahe hain, dhuan ghar me aata hai since Friday. kindly send someone to look at it in the next few days",waste,medium,train,Sanitation & Solid Waste,1
a huge heap of trash is lying at the corner at on Abul Hasaan Isphahani Rpad. This has been the case for two days now. kindly send someone to look at it in the next few days,waste,medium,train,Sanitation & Solid Waste,0
the pedestrian crossing has no signal and children cross alone at near the flyover ramp in Clifton near Aga Khan Hospital. This has been the case for more than 20 days. elderly patients live in this lane and cannot step outside. Dengue and gastro cases have started appearing in the area,safety,high,train,Public Safety,0
"a pack of stray dogs is attacking people at Malir and nobody has come to check since this morning. it is urgent because a school is right beside it. Please treat this as urgent, the situation is getting worse daily",safety,high,train,Public Safety,0
"To the concerned department, the road has caved in after the rain at Baldia Town, since the last monsoon. this is a minor issue, whenever it is convenient We request immediate attention.",road,low,train,Roads & Infrastructure,0
Please be informed that garbage has not been collected from our street near on University Road. we have been waiting for a response for a while now Please take action.,waste,medium,train,Sanitation & Solid Waste,0
"kindly note tat park par qabza kar liya gaya hai since friday at near the petrol pump in dha phase 6. we request immediate attention. bara meherbani ho gi, jaldi malsa hal karain.",other,medium,train,General Administration,1
I want to report that there are deep potholes all along this stretch near on Sir Shah Suleman Road the whole block has been suffering and tempers are rising Thank you,road,high,train,Roads & Infrastructure,0
"This is to bring to your attention that the following problem at on I.I. Chundrigar Road: gandagi ki wajah se makhiyan bohot ho gayi hain. not an emergency at all, just a routine request",waste,low,test,Sanitation & Solid Waste,1
"kindly send someone to look at it in the next few days. Please arrange for the concerned staff to check it garbage has not been collected from our street at near the community centre in Shah Faisal Colony. Thank you. Again, garbage has not been collected from our street.",waste,medium,train,Sanitation & Solid Waste,0
hum ko roz tanker mangwana par raha hai. Location: on Rashid Minhas Road. it is causing inconvenience and should be fixed soon Kindly resolve it soon!!!,water,medium,train,Water Supply,1
"the manhole is spilling sewage continuously at Plot 22, Garden East and nobody has come to check for several months. please treat this as urgent, the situation is getting worse daily",drainage,high,train,Drainage & Sewerage,0
"Kindly note that the road is uneven and bikes lose balance on it in front of Block 5, Gulshan-e-Iqbal, and kindly look into it whenever a team is free",road,low,train,Roads & Infrastructure,0
"Location North Nazimabad st 14 - khatarnak imarat foopath par jhuk gayi hai, ongoing for over two weesk. the wall gave way on one side and a shop was buried plz do the needful. Again, khatarnak imarat footpath par jhuk gayi hai !!!!",safety,critical,test,Public Safety,1
"there is no urgency, just registering it formally manhole ka dhakkan toota hua hai at Block 2, Manghopir. Shukriya.",drainage,low,train,Drainage & Sewerage,1
Kindly note that the water line has burst and water is being wasted near on I.I. Chundrigar Road. the whole block has been suffering and tempers are rising Kindly resolve it soon.,water,high,train,Water Supply,0
"Respected sir, police gasht bilkul nahi hoti at near the flyover ramp in Federal B Area, snce yesterday. please arrange for the concerned staff to check it. We have complained at the local office twice already with no result Thank you. Bara meherbain ho gi, jaldi masla hal karain.",safety,medium,train,Public Safety,1
"At near the katchi abadi in Model Colony, the sewerage line is choked and dirty water is on the street since ths morning. please look into it in the coming days",drainage,medium,train,Drainage & Sewerage,0
"clean drinking water has not reached our houses — Phase 2, Bahadurabad near a madrassa. this has become a serious health hazard for the whole area. A hospital entrance is barely fifty metres from here",water,high,test,Water Supply,0
"assalam o alaikum, broken road with loose gravel everywhere at garden east, since friday. low priority, only mentioning it so it is on record shukriya.",road,low,train,Roads & Infrastructure,0
COMPLAINT: THE FOLLOWING PROBLEM AT LYARI BLOCK 5: ROAD BILKUL TOOT GAYI HAI. WE HAVE BEEN WAITING FOR A RESPONSE FOR A WHILE NOW. IT IS CAUSING INCONVENIENCE AND SHOULD BE FIXED SOON??!,road,medium,test,Roads & Infrastructure,1
WE THE RESIDENTS OF ON M.A. JINNAH ROAD NEAR JINNAH HOSPITAL EMERGENCY GATE REPORT THAT THE ROAD LEVEL IS NOW FAR BELOW THE MANHOLE RIM. THIS HAS BECOME A SERIOUS HEALTH HAZARD FOR THE WHOLE AREA. IT IS URGENT BCZ A SCHOOL IS RIGHT BESIDE IT,road,high,test,Roads & Infrastructure,0
Reporting from on I I Chundrigar Road: broken road with loose gravel everywhere,road,medium,test,Roads & Infrastructure,0
there has been no water supply in our line; this situation at Nazimabad House 4-B near a maternity home has continued for over two weeks a woman in labour could not be taken out of the lane in time Awaiting your response,water,critical,test,Water Supply,0
"Reporting from Block 13-D, Korangi: every street light on this avenue has been dead since the pole was hit.",electricity,low,test,Electricity & Streetlights,0
"valve wala time par valve nahi kholta at near the union council office in Model Colony. Bara meherbani ho gi, jaldi masla hal karain.",water,medium,train,Water Supply,1
our overhead tank never fills even after four hours of supply at on Stadium Road & nobody has come to check since yesterday. this is only a suggestion for improvement,water,low,train,Water Supply,0
Kindly note that the sewerage line is choked and dirty water is on the street at near the katchi abadi in Orangi Town near a madrassa for almost a month dengue and gastro cases have started appearing in the area Kindly resolve it soon,drainage,high,train,Drainage & Sewerage,0
Please be informed that gutter ubal raha hai for the last three days at Gulshan-e-Iqbal. Please take action !!!!,drainage,medium,train,Drainage & Sewerage,1
"a huge heap of trash is lying at the corner — near the vegetable market in Gulberg Town. there is no urgency, please handle it in the routine schedule",waste,low,test,Sanitation & Solid Waste,0
Problem area SITE Area. Details: the water line has burst and water is being wasted since Friday. Requesting the department to act.,water,low,test,Water Supply,0
"the meter reading is being estimated and the bill is impossible. Location: New Karachi Lane 3 near Civil Hospital. it is on the main road and traffic jams for hours every morning Thank you. Again, the meter reading is being estimated and the bill is impossible.",electricity,high,train,Electricity & Streetlights,0
"our family has been facing this for several days now the water line has burst & water is being wasted at lane 3, model colony. thank you.",water,medium,train,Water Supply,0
"there are deep potholes all along this stretch at phase 2, saddar!!!",road,high,train,Roads & Infrastructure,0
"I want to report that nali band hai aur pani khara hai in front of on M.A. Jinnah Road, and it is causing daily inconvenience to the residents",drainage,medium,train,Drainage & Sewerage,1
a child was injured here yesterday & we fear a woorse accident. an ambulance could not reach the hospital gate because of it wires r hanging loose from the pole at malir near ziaauddin hospktal. kindly resolve it soon.,electricity,critical,train,Electricity & Streetlights,0
please arrange for the concerned staff to check it there are sparks coming from the connection at night at near the bus stop in Bahadurabad. Shukriya.,electricity,medium,train,Electricity & Streetlights,0
purani deewar girne wali hai. Location: on Khayaban-e-Ittehad near a maternity home. it is urgent because a school is right beside it Thank you.,safety,high,train,Public Safety,1
wires are hanging loose from the pole at Gulshan-e-Iqbal Sector 11-B and nobody has come to check for the past six weeks. it is urgent because a school is right beside it,electricity,high,train,Electricity & Streetlights,0
our overhead tank never fills even after four hours of supply. Location: near a bank branch in New Karachi. it is causing inconvenience and should be fixed soon We request immediate attention.,water,medium,train,Water Supply,0
"sarak ki halat bohot kharab hai, gaari nikalna mushkil hai. Location: Defence View Block A. there is a serious risk of a fatal accident here. Sewage has mixed into the drinking water line and people are vomiting Kindly resolve it soon.",road,critical,train,Roads & Infrastructure,1
"To the concerned department, paani ka pressure bohot kam hai for several months at on Shahrah-e-Faisal near Ziauddin Hospital. Shukriya.",water,high,train,Water Supply,1
clean drinking water has not reached our houses at Bahadurabad Lane 3 and nobody has come to check for two days now. please arrange for the concerned staff to check it. Our family has been facing this for several days now,water,medium,train,Water Supply,0
Please be informed that rain water from the last spell has still not drained out for the past six weeks at House 4-B North Nazimabad near a maternity home Kidly resolve it soon,drainage,critical,train,Drainage & Sewerage,0
"To the concerned department, the booster pump at the hydrant has stopped working at on Sharae Noor Jehan, for several months. kindly look into it whenever a team is free Kindly resolve it soon.",water,low,train,Water Supply,0
a huge heap of trash is lying at the cormer at on Mariur Road & nobody has come to check since the ladt monsoon. it is urgent because a school is right besidde it. This has become a serious health hazard for the whole area,waste,high,train,Sanitation & Solid Waste,0
"Respected sir, pani bilkul nahi aa raha at Sector 5-C, Baldia Town, for two days now. please arrange for the concerned staff to check it Thank you. Bara meherbani ho gi, jaldi masla hal karain.",water,medium,train,Water Supply,1
"AT HOUSE 4-B, GARDEN EAST NEAR ZIAUDDIN HOSPITAL, THE WATER LINE HAS BURST AND WATER IS BEING WASTED FOR ALMOST A MONTH. IT IS ON THE MAIN ROAD AND TRAFFIC JAMS FOR HOURS EVERY MORNING",water,high,train,Water Supply,0
"it is urgent because a school is right beside it sarak ki halat bohot kharab hai, gaari nikalna mushkil hai at Phase 2, SITE Area. Thank you.",road,high,train,Roads & Infrastructure,1
"Please be informed that water is coming with very low pressure near Street 14, Korangi near Ziauddin Hospital. there is a serious risk of a fatal accident here Kindly resolve it soon. Again, water is coming with very low pressure.",water,critical,train,Water Supply,0
people r burning the garbage pile and the smoke enters our homes at on Hub River Road. This has been the case since Friday. kindly send someone to look at it in the next few days. Our family has been facing this for several days now!!,waste,medium,train,Sanitation & Solid Waste,0
"sarak ki halat bohot kharab hai, gaari nikalna mushkil hai at sector 5-c, landhi. bara meherbani ho gi, jaldi masla hal karain.",road,high,train,Roads & Infrastructure,1
"safai bilkul nahi hoti yahan. Location: Defence View. just a routine request, nothing urgent at all Kindly resolve it soon. Bara meherbani ho gi, jaldi masla hal karain.",waste,low,train,Sanitation & Solid Waste,1
"janab, the following problem at lyari: hamari gali me supply ka time badal diya gaya hai. there is no urgency, please handle it in the routine schedule",water,low,test,Water Supply,1
gutter ubal raha hai at Lyari Sector 11-B near a maternity home. This has been the case since the last monsoon. dengue & gastro cases have started appearing in the area. The entire st of about forty houses is affected,drainage,high,train,Drainage & Sewerage,1
"At near the bus stop in Lyari, garbage has not been collected from our street for several months. we have been waiting for a response for a while now. We have complained at the local office twice already with no result Again, garbage has not been collected from our street!!!",waste,medium,train,Sanitation & Solid Waste,0
COMPLAINT: THE FOLLOWING PROBLEM AT NEAR THE PETROL PUMP IN KORANGI NEAR THE CHILDREN'S PARK: MAIDAN PAR PRIVATE ACADEMY KA QABZA HAI. MORE THAN SIXTY FAMILIES DEPEND ON THIS SINGLE LANE. A HOSPITAL ENTRANCE IS BARELY FIFTY METRES FROM HERE,other,high,test,General Administration,1
"a person has already been injured bcz of this safai bilkul nahi hoti yahan at block 13-d, nazimabad. thank you.",waste,critical,train,Sanitation & Solid Waste,1
"At Block 5, Liaquatabad, there are sparks coming from the connection at night since this morning. it is causing daily inconvenience to the residents",electricity,medium,train,Electricity & Streetlights,0
the gutter has been overflowing. Location: on Hub River Rad near the school van stop. many families and children are affected by it every snigle day Thnak you.,drainage,high,train,Drainage & Sewerage,0
Please be informed that the manhole is spilling sewage continuously near near the petrol pump in Baldia Towwn. kindly send someone to look at it in the next few days. Please arrange for the concerned staff to check it We request immediate attention.,drainage,medium,train,Drainage & Sewerage,0
"Respected sir, paani ka pressure bohot kam hai for the past six weeks at Block 13-D, Gulshan-e-Iqbal near a madrassa. We request immediate attention. Again, paani ka pressure bohot kam hai.",water,high,train,Water Supply,1
"Please be informed that there is no electricity in our block in front of on Ablu Hasan Isphahani Road, and we have complained at the local office twice aready with no result. It is causing daily inconvenience to the residents Again, there is no electricity in our block.",electricity,medium,train,Electricity & Streetlights,0
"ASSALAM O ALAIKUM, WASTE WATER HAS STARTED SEEPING INTO THE GROUND FLOOR ROOMS SINCE THIS MORNING AT ON RASHID MINHAS ROAD. SHUKRIYA.",drainage,medium,train,Drainage & Sewerage,0
"Janab, residents near Sector 5-C, Kemari near Jinnah Hospiatl emergency gate are affected because road bilkul toot gayi hai. this has beocme a serious health hazard for the whole area. A hospital entrance is barely fifty metres from here Awaiitng yor response. Bara meherbani ho gi, jaldi masla hal karain??!",road,high,test,Roads & Infrastructure,1
"at gali no 7, defence view, gali me kooray ka bara dher lag gaya hai since the last monsoon. it is a small issue but please note it for the record bara meherbani ho gi, jaldi masla hal karain. again, gali me kooray ka bara dher lag gaya hai.",waste,low,train,Sanitation & Solid Waste,1
"kindly note that yahan khadde hi khadde hain at street 14, federal b area, for two days now. kindly send someone to look at it in the next few days we request immediate attention. bara meherbani ho gi, jaldi masla hal karain.",road,medium,train,Roads & Infrastructure,1
"At near the petrol pump in DHA Phase 6, nalah kachre se bhar gaya hai for several months. a large number of residents are suffering because of it. Please treat this as urgent, the situation is getting worse daily Bara meherbani ho gi, jaldi masla hal karain.",drainage,high,train,Drainage & Sewerage,1
"Respected sir, pani ki line leak ho rahi hai at Sector 11-B, Garden East, since yesterday. it is a small issue but please note it for the record. This is only a suggestion for improvement Kindly resolve it soon. Again, pani ki line leak ho rahi hai.",water,low,train,Water Supply,1
"voltage itna kam hai ke pankha nahi chalta — Surjani Town Gali No 7. we would appreciate it if the concerned staff could check it. Kindly arrange a visit sometime this week Bara meherbani ho gi, jaldi masla hal karain.",electricity,medium,test,Electricity & Streetlights,1
"ASSALAM O ALAIKUM, THE GUTTER HAS BEEN OVERFLOWING AT PHASE 2, SITE AREA, FOR TWO DYS NOW. THIS IS OLNY A SUGGESTION FOR IMPROVEMENT. LOW PRIORITY, ONLY MENTIONNG IT SO IT IS ON RECORD KINDLY RESOLVE IT SOON.",drainage,low,train,Drainage & Sewerage,0
"at street 14, liaquatabad near a primary school, sarak ki halat bohot kharab hai, gaari nikalna mushkil hai for more than 20 days. it is urgent because a school is right beside it bara meherbani ho gi, jaldi masla hal karain.",road,high,train,Roads & Infrastructure,1
"Please be informed that pani bilkul nahi aa raha for the last three days at on Sir Shah Suleman Road. Please take action. Bara meherbani ho gi, jaldi masla hal karain.",water,medium,train,Water Supply,1
"For for the past six weeks now, nalke se peela pani nikal raha hai around on Stadium Road near a maternity home. Awaiting your response.",water,critical,test,Water Supply,1
"Respected sir, manhole ka dhakkan toota hua hai since Ramzan at Sector 5-C, Defence View. We request immediate attention.",drainage,medium,train,Drainage & Sewerage,1
the water pipeline joint is spraying clean water into the street all day — on Rashid Minhas Road near Aga Khan Hospital. shopkeepers say business has dropped by half because of it. Two schools and a clinic are on the same stretch !!!!,water,high,test,Water Supply,0
Please be informed that people are burning the garbage pile and the smoke enters our homes near Gulistan-e-Johar this is a minor issue whenever it is convenient Shukriya Again people are burning the garbage pile and the smoke enters our homes,waste,low,train,Sanitation & Solid Waste,0
Kindly note that the electric pole is leaning dangerously since this morning at near the bus stop in Surjani Town near the children's park. Kindly resolve it soon.,electricity,high,train,Electricity & Streetlights,0
"assalam o alaikum, log kachra jala rahe hain, dhuan ghar me aata hai for two days now at block a, gadap town. please take action.",waste,medium,train,Sanitation & Solid Waste,1
sewerage ka pani gali me phail gaya hai at on Hub River Road This has been the case for more than 20 days it is on the main road and traffic jams for hours every morning,drainage,high,train,Drainage & Sewerage,1
"dear municipal team, residents near plot 22, saddar are affected because effluent from the choked sewer line is standing knee deep at the junction. this has become a serious health hazard for the whole area. a large number of residents are suffering because of it plz do the needful.",drainage,high,test,Drainage & Sewerage,0
Assalam o alaikum nali band hai aur pani khara hai since Ramzan at on Sharae Noor Jehan Kindly resolve it soon,drainage,high,train,Drainage & Sewerage,1
"the sewer line was never connected to the main trunk at Sector 5-C, North Nazimabad & nobody has come to check for the past six weeks. please arrange for the concerned staff to check it. It is causing daily inconvenience to the residents Again, the sewer line was never connected to the main trunk.",drainage,medium,train,Drainage & Sewerage,0
"we would appreciate it if the concerned staff could check it The reason is that garbage has not been collected from our street, right at on Rashid Minhas Road. Again, garbage has not been collected from our street!!",waste,medium,test,Sanitation & Solid Waste,0
"Assalam o alaikum, manhole ka dhakkan toota hua hai in front of near the petrol pump in Model Colony, and there is no urgency, please handle it in the routine schedule. This is only a suggestion for improvement Bara meherbani ho gi, jaldi masla hal karain.",drainage,low,train,Drainage & Sewerage,1
"Respected sir, the drain is blocked and the water is not going anywhere in front of Sector 5-C, Surjani Town, and this is an emergency and needs immediate attention",drainage,critical,train,Drainage & Sewerage,0
"I want to report that kachra utha nahi hai kai din se in front of Surjani Ton Block 5, & we have been waiting for a response for a while now Bsra meherbani ho gi, jaldi masla hal karain.",waste,medium,train,Sanitation & Solid Waste,1
"To the concerned department, sweepers have not come to clean this lane in front of Street 14, Nazimabad, and dengue and gastro cases have started appearing in the area",waste,high,train,Sanitation & Solid Waste,0
"hospital waste has been mixed with the household garbage at Plot 22, Baldia Town. This has been the case since this morning. please arrange for the concerned staff to check it Again, hospital waste has been mixed with the household garbage.",waste,medium,train,Sanitation & Solid Waste,0
"To the concerned department, an open manhole in the middle of the walkway is a death trap since the last monsoon at near the petrol pump in Liaquatabad near a maternity home. Kindly resolve it soon.",safety,high,train,Public Safety,0
"location site area near civil hospital - nikasi ka rasta band kar diya gaya hai, ongoing for over two weeks. a large number of residents are suffering because of it awaiting your response. bara meherbani ho gi, jaldi masla hal karain.",drainage,high,test,Drainage & Sewerage,1
the street lights have not been working at on Nishtar Road near Jinnah Hospital emergency gate.,electricity,high,train,Electricity & Streetlights,0
"Reporting an issue - residents near Street 14, New Karachi are affected because malba khali plot par daal diya gaya hai. just a routine request, nothing urgent at all Requesting the department to act.",waste,low,test,Sanitation & Solid Waste,1
"For for more than 20 days now, the road level is now far below the manhole rim around Street 14, Landhi. Meherbani ho gi.",road,critical,test,Roads & Infrastructure,0
"Assalam o alaikum, awara kutte logon ko kaat rahe hain at New Karachi, since Ramzan. a motorcyclist fell and broke his arm last night Please tske actiob. Bara meherbani ho gi, jaldi masla hal karain.",safety,critical,train,Public Safety,1
"two schools & a clinic are on the same stretch. Children walking to school have to wade through it every day The reason is that black sewage is bubbling up from the drain inspection chamber, right at Lane 3, Lyari.",drainage,high,test,Drainage & Sewerage,0
"the footpath tiles are uprooted and pedestrians walk on the road at Plot 22, North Nazimabad. This has been the case for the last three days. we have complained at the local office twice already with no result",road,medium,train,Roads & Infrastructure,0
"people are burning the garbage pile and the smoke enters our homes at on Sharae Noor Jehan near a maternity home. This has been the case since Ramzan. part of the structure has already collapsed Again, people are burning the garbage pile and the smoke enters our homes.",waste,critical,train,Sanitation & Solid Waste,0
"banner laga kar rasta band kar diya hai at on Rashid Minhas Road and nobody has come to check for two days now. there is no urgency, please handle it in the routine schedule!!!",other,low,train,General Administration,1
"people are burning the garbage pile and the smoke enters our homes at Landhi. This has been the case for more than 20 days. the whole block has been suffering and tempers are rising. Many families and children are affected by it every single day Again, people are burning the garbage pile and the smoke enters our homes.",waste,high,train,Sanitation & Solid Waste,0
sarak ki halat bohot kharab hai gaari nikalna mushkil hai at on Stadium Road Bara meherbani ho gi jaldi masla hal karain,road,critical,train,Roads & Infrastructure,1
"Please be informed that nalah kachre se bhar gaya hai in front of House 4-B, Lyari near the children's park, and this is an emergency and needs immediate attention",drainage,critical,train,Drainage & Sewerage,1
Problem area near the union council office in Gulistan-e-Johar. Details: sewerage ka pani gali me phail gaya hai for over two weeks. Meherbani ho gi.,drainage,critical,test,Drainage & Sewerage,1
"Reporting from near the main mosque in Landhi: the voltage is so low that no appliance runs, the fan barely turns.",electricity,low,test,Electricity & Streetlights,0
"whatevre comes out of the tap is yellow and undrinkable; this situation at Sector 5-C, Orangi Town has continued for almost a month. two residents have already been hospitalised because of this Requesting the department to act.",water,critical,test,Water Supply,0
please be informed that valve wala time par valve nahi kholta near near the union council office in korangi. there is a government school right next to it and hundreds of children pass daily. this has become a serious health hazard for the whole area please take action.,water,high,train,Water Supply,1
"a huge heap of trash is lying at the corner at House 4-B, Model Colony and nobody has come to check since this morning. please arrange for the concerned staff to check it. Kindly send someone to look at it in the next few days",waste,medium,train,Sanitation & Solid Waste,0
"Dear municipal team, the following problem at Lyari: safai wale hamari gali chor kar chale jate hain. please add it to the regular maintenance list",waste,low,test,Sanitation & Solid Waste,1
"I want to report that speed breaker toota hua hai at Lane 3, PECHS, for almost a month. this is an emergency and needs immediate attention We request immediate attention.",road,critical,train,Roads & Infrastructure,1
police gasht bilkul nahi hoti at near the union council office in Shah Faisal Colony This has been the case for two days now we have complained at the local office twice already with no result,safety,medium,train,Public Safety,1
"this has been troubling the residents of our building The reason is that the sewerage line is choked & dirty water is on the street, right at Street 14, Defence View.",drainage,medium,test,Drainage & Sewerage,0
"transformer bar bar trip kar raha hai. location: on rashid minhas road. we have complained at the local office twice already wid no result. plz look into it in the coming days we request immediate attention. bara meherbani ho gi, jaldi masla hal karain.",electricity,medium,train,Electricity & Streetlights,1
"To the concerned department, the kachra kundi was removed and now everyone dumps in the open in front of Phase 2, Saddar near a maternity home, and the entire street of about forty houses is affected!!",waste,high,train,Sanitation & Solid Waste,0
the valve man is not opening our valve at the scheduled time at on Sir Shah Suleman Road. This has been the case for several months. dengue and gastro cases have started appearing in the area,water,high,train,Water Supply,0
"there is rotting waste and an unbearable smell at near the main mosque in north nazimabad near the children's pari. again, there is rotting waste and an unbearable smell.",waste,high,train,Sanitation & Solid Waste,0
"to the concerned department, a shopkeeper has extenedd his shhop over the whole footpath in front of on sharae noor jehan near civil hospital, and please treat this as urgent, the situation is getting worse daily",other,high,train,General Administration,0
"Location Plot 22, Defence View - clean drinking water has not reached our houses, ongoing since Friday. nothing serious, just bringing it to your notice. Low priority, only mentioning it so it is on record Awaiting your response.",water,low,test,Water Supply,0
our family has been facing this for several days now clean drinking water has not reached our houses at Sector 11-B Gulistan-e-Johar We request immediate attention,water,medium,train,Water Supply,0
"valve wala time par valve nahi khoolta at Phase 2, Manghopir and nobody has come to check since the last monsoon. elderly patients live in this lane and cannot step outside. Please treat this as urgent, the situation is getting worse daily Bara meherbani ho gi, jaldi masla hal karain.",water,high,train,Water Supply,1
I want to report that the meter reading is being estimated & the bill is impossible in front of Lyari Block A & kindly send someone to look at it in the next few das,electricity,medium,train,Electricity & Streetlights,0
"Kindly note that the footpaht tiles are uprooted and pedestrians walk on the road near Street 14, Mair near a government girls school. please treat this as urgent, the situation is getting worse daily Kindly resolve it soon.",road,high,train,Roads & Infrastructure,0
"kindly note that the government dispensary opens only twice a week without notice at sector 5-c, model colony, for two days now. please arrange for the concerned staff to check it please take action.",other,medium,train,General Administration,0
"Kindly note that garbage has not been collected from our street in front of Korangi Phase 2, and kindly send someone to look at it in the next few days",waste,medium,train,Sanitation & Solid Waste,0
kindly note that bijli ka khamba tirha ho gaya hai at near the mobile market in site area since the last monsoon a motorcyclist fell and broke his arm last night thank you bara meherbani ho gi jaldi masla hal karain,electricity,critical,train,Electricity & Streetlights,1
"Reporting from near the flyover ramp in Model Colony: road bilkul toot gayi hai. Bara meherbani ho gi, jaldi masla hal karain.",road,low,test,Roads & Infrastructure,1
"assalam o alaikum, garbage has not been collected from our street near near the flyover ramp in pechs. low priority, only mentioning it so it is on record kindly resolve it soon.",waste,low,train,Sanitation & Solid Waste,0
"there is no urgency, please handle it in the routine schedule. Low priority, only mentioning it so it is on record garbage has not been collected from our srteet at Plot 22, Gulberg Town. Kindly resolve it soon.",waste,low,train,Sanitation & Solid Waste,0
"Please be informed that the street lights have not been working in front of SITE Area, and the entire street of about forty houses is affected. This has become a serious health hazard for the whole area",electricity,high,train,Electricity & Streetlights,0
the whole block has been suffering and tempers are rising the footpath tiles are uprooted and pedestrians walk on the road at near the petrol pump in Saddar near a government girls school. Please take action.,road,high,train,Roads & Infrastructure,0
At near the mobile market in Federal B Area near a maternity home sweepers have not come to clean this lane since the last monsoon sewage has mixed into the drinking water line and people are vomiting A child was injured here yesterday and we fear a worse accident,waste,critical,train,Sanitation & Solid Waste,0
"Respected sir, the sewer line was never connected to the main trunk at on Khayaban-e-Ittehad near a government girls school, for over two weeks. this is an emergency, please send a team today Please take action.",drainage,critical,train,Drainage & Sewerage,0
Kindly note that kachra kundi bhar gayi hai aur sarak par gir raha hai near near the bus stop in Surjani Town near Ziauddin Hospital. elderly patients live in this lane and cannot step outside Kindly resolve it soon.,waste,high,train,Sanitation & Solid Waste,1
an elderly man fell into it and had to be taken to emergency. this is an emergency and needs immediate attention jo pani aata hai wo gandha aur badbudar hai at near the katchi abadi in federal b area near jinnah hospital emergency gate. shukriya!!,water,critical,train,Water Supply,1
"transformer bar bar trip kar raha hai at on khayaban-e-ittehad and nobody has come to check since friday. this is a minor issue, whenever it is convenient",electricity,low,train,Electricity & Streetlights,1
gali me kooray ka bara dher lag gaya hai at Phase 2 Gulberg Town This has bern the case since yesterday our family has been facing this for several days now,waste,medium,train,Sanitation & Solid Waste,1
"sewerage ka pani gali me phail gaya hai; this situation at Sector 5-C, Liaquatabad near a madrassa has continued since the last monsoon. children walking to school have to wade through it every day Regards.",drainage,high,test,Drainage & Sewerage,1
"road bilkul toot gayi hai. Location: Block A, Defence View. please look into it in the coming days We request immediate attention.",road,medium,train,Roads & Infrastructure,1
the street lights have not beeen working at Gadap Town.,electricity,medium,train,Electricity & Streetlights,0
road pe khudai kar ke chor di gayi hai. Location: Liaquatabad Plot 22. please arrange for the concerned staff to check it Please take action.,road,medium,train,Roads & Infrastructure,1
"Respected sir, the kachra kundi was removed and now everyone dumps in the open near near a bank branch in Gulshan-e-Iqbal. please look into it in the coming days Please take action.",waste,medium,train,Sanitation & Solid Waste,0
"For for two days now now, effluent from the choked sewer line is standing knee deep at the junction around on Sir Shah Suleman Road. Requesting the department to act!!",drainage,high,test,Drainage & Sewerage,0
bijli ka khamba tirha ho gaya hai at SITE Area near the children's park??!,electricity,high,train,Electricity & Streetlights,1
"we have been waiting for a response for a while now The reason is that flies and mosquitoes have multiplied because of the uncollected refuse, right at Clifton Lane 3. Again, flies and mosquitoes have multiplied because of the uncollected refuse.",waste,medium,test,Sanitation & Solid Waste,0
"To the concerned department, the transformer keeps tripping again and again at DHA Phase 6 Gali No 7 near the children's park, since Ramzan. sewage has mixed into the drinking water line and people are vomiting Kindly resolve it soon.",electricity,critical,train,Electricity & Streetlights,0
"pani ki line leak ho rahi hai. Location: near a bank branch in Gadap Town. we have been waiting for a response for a while now Please take action. Again, pani ki line leak ho rahi hai.",water,medium,train,Water Supply,1
"Kindly note that yahan khadde hi khadde hain in front of Sector 5-C, Surjani Town, and the whole block has been suffering and tempers are rising. Dengue and gastro cases have started appearing in the area",road,high,train,Roads & Infrastructure,1
"the sewerage line is choked and dirty water is on the street at Gali No 7, Lyari near a madrassa.",drainage,high,train,Drainage & Sewerage,0
"Please be informed that log kachra jala rahe hain, dhuan ghar me aata hai near Plot 22, Lyari. please look into it in the coming days. We have been waiting for a response for a while now Shukriya. Bara meherbani ho gi, jaldi masla hal karain.",waste,medium,train,Sanitation & Solid Waste,1
KINDLY NOTE THAT HALF THE LIGHTS ON THIS STRETCH WERE NEVER REPLACED AFTER THE STORM NEAR GADAP TOWN ST 14. WE HAVE BEEN WAITING FOR A RESPONSE FOR A WHILE NOW WE REQUEST IMMEDIATE ATTENTION.,electricity,medium,train,Electricity & Streetlights,0
"I WANT TO REPORT THAT THE SPEEED BREAKER IS BORKEN AND HAS SHARP EDGES IN FRONT OF NEAR THE COMMUNITY CNETRE IN NORTH NAZIMABAD, AND PLZ TFEAT THIS AS URGENT, THE SITUATION IS GETTING WORSE DAILY. THERE IS A GOVERNMENT SCHOOL RIGHT NEXT TO IT AND HUNDREDS OF CHILDREN PASS DAILY",road,high,train,Roads & Infrastructure,0
the transformer keeps tripping again and again at on Sir Shah Suleman Road and nobody has come to check since Friday please look into it in the coming days,electricity,medium,train,Electricity & Streetlights,0
"sewage water has entered our lane at st 14, Shah Faisal Colony near a maternity home. This has been the case for over two weeks. elderly patients live in this lane and cannot step outside Again, sewage water has entered our lane.",drainage,high,train,Drainage & Sewerage,0
"an illegal gas cylinder refilling shop could explode any day in the crowded market at New Karachi Block 2 and nobody has come to check for the last three days. our family has been facing this for several days now Again, an illegal gas cylinder refilling shop could explode any day in the crowded market.",safety,medium,train,Public Safety,0
"safai bilkul nahi hoti yahan. Location: on University Road near Ziauddin Hospital. the whole block has been suffering and tempers are rising Shukriya. Bara meherbani ho gi, jaldi masla hal karain. Again, safai bilkul nahi hoti yahan.",waste,high,train,Sanitation & Solid Waste,1
loadshedding ka koi schedule nahi hai at on Maripur Road near the children's park !!!!,electricity,critical,train,Electricity & Streetlights,1
Kindly note that wires r hanging loose from the pole since this morning at near the bus stop in Nazimabad. We request immediate attention.,electricity,low,train,Electricity & Streetlights,0
"Respected sir, a trench dug by the gas company was never filled back at Sector 5-C, Nazimabad, since this morning. kindly look into it whenever a team is free Shukriya.",road,low,train,Roads & Infrastructure,0
"At near a bank branch in Federal B Area, there is no electricity in our block since yesterday. kindly look into it whenever a team is free",electricity,low,train,Electricity & Streetlights,0
"there are sparks coming from the conneciton at night at lane 3, surjani town and nobody has come to check for almost a month. we have been waiting for a response for a while now. we have compained at the local offiice twice already with no result again, there are sparks comign from the connection at night.",electricity,medium,train,Electricity & Streetlights,0
"it is causing daily inconvenience to the residents the road has caved in after the rain at phase 2, lyari. kindly resolve it soon.",road,medium,train,Roads & Infrastructure,0
"log kachra jala rahe hain, dhuan ghar me aata hai at near the flyover ramp in Clifton and nobody has come to check since Ramzan. a large number of residents are suffering because of it",waste,high,train,Sanitation & Solid Waste,1
police gasht bilkul nahi hoti Location: Orangi Town Street 14 near a maternity home part of the structure has already collapsed Shukriya,safety,critical,train,Public Safety,1
"the park in our neighbourhood has been encroached by a private party at Block 2, Garden East and nobody has come to check for almost a month. kindly send someone to look at it in the next few days",other,medium,train,General Administration,0
PLEASE ARRANGE FOR THE CONCERNED STAFF TO CHECK IT HOSPITAL WASTE HAS BEEN MIXED WID THE HOUSEHOLD GARBAGE AT NEAR THE VEGETABLE MARKET IN NEW KARACHI. SHUKRIYA.,waste,medium,train,Sanitation & Solid Waste,0
the manhole is spilling sewage continuously at Orangi Town and nobody has come to check for two days now. kindly send someone to look at it in the next few days!!!,drainage,medium,train,Drainage & Sewerage,0
"the water line has burst and water is being wasted; this situation at near the vegetable market in pechs has continued for two days now. just a routine request, nothing urgent at all please do the needful.",water,low,test,Water Supply,0
the pedestrian crossing has no signal and children cross alone location: gali no 7 jamshed road it is causing inconvenience and should be fixed soon thank you,safety,medium,train,Public Safety,0
"it is urgent because a school is right beside it a very large pothole has formed in the mddle of the road at Hosue 4-B, Model Colony near the school van stop. Kindly resolve it soon.",road,high,train,Roads & Infrastructure,0
Please be informed that there is no police patrolling and street crime has increased near near the vegetable market in Buffer Zone there is a government school right next to it and hundreds of children pass daily Elderly patients live in this lane and cannot step outside We request immediate attention,safety,high,train,Public Safety,0
"KINDLY NOTE THAT THE POLE MOUNTED BOX IS OPEN AND CHILDREN CAN REACH THE TERMINALS AT PLOT 22, LYARI, FOR TWO DAYS NOW. PLEASE LOOK INTO IT IN THE COMING DAYS. WE HAVE COMPLAINED AT THE LOCAL OFFICE TWICE ALREADY WITH NO RESULT KINDLY RESOLVE IT SOON.",electricity,medium,train,Electricity & Streetlights,0
"At on Sir Shah Suleman Road, pani bilkul nahi aa raha for more than 20 days. it is on the main road and traffic jams for hours every morning. Dengue and gastro cases have started appearing in the area!!",water,high,train,Water Supply,1
an illegal gas cylinder refilling shop could explode any day in the crowded market at near the community centre in Gadap Town near Civil Hospital. This has been the case since Ramzan. this has become a serious health hazard for the whole area??!,safety,high,train,Public Safety,0
"For since this morning now, the water hydrant staff say the supply quota for our area was reduced around Saddar. Awaiting your response.",water,medium,test,Water Supply,0
Complaint: residents naer on Abul Hasan Isphahani Road are avfected because a dangerous dilapidated structure is about to fall on people using the footpath. a large number of residents are suffering because of it Requesting the department to act.,safety,high,test,Public Safety,0
I want to report that the water line has burst and water is being wasted near near the flyover ramp in Kemari. it is causing daily inconvenience to the residents. Please look into it in the coming days Shukriya!!!,water,medium,train,Water Supply,0
"We the residents of Nazimabad Gali No 7 report that the carriageway of this road has developed craters after the digging work. a minro problem which can wait for the normal schedule. There is no urgency, please handle it in the routine schedule",road,low,test,Roads & Infrastructure,0
waste water has started seeping into the ground floor rooms at near the union council office in Korangi near Civil Hospital. This has been the case for almost a month. this has become a serious health hazard for the whole area. A large number of residents are suffering because of it,drainage,high,train,Drainage & Sewerage,0
"the kachra kundi was removed & now everyone dumps in the open at Sector 5-C, Jamshed Road. This has been the case since yesterday. it is causing daily inconvenience to the residents",waste,medium,train,Sanitation & Solid Waste,0
"it is causing inconvenience and should be fixed soon the main water pipe is leaking badly at Sector 5-C, Saddar. plz take action.",water,medium,train,Water Supply,0
Reporting from near the community centre in Clifton: sarak par bara gaddha ban gaya hai.,road,medium,test,Roads & Infrastructure,1
"i want to report that the newly laid patch has already sunk in the middle in front of near the mobile market in jamshed road, & elderly patients live in this lane & cannot step outside",road,high,train,Roads & Infrastructure,0
the boundary wall of the plot is about to collapse on passers-by. Location: near the bus stop in Manghopir. please arrange for the concerned staff to check it We request immediate attention.,safety,medium,train,Public Safety,0
"please be informed that the park in our neighbourhood has been encroached by a private party at near the katchi abadi in gulshan-e-iqbal, for two days now. kindly look into it whenever a team is free thank you.",other,low,train,General Administration,0
gtter ubal raha hai at on Sir Shah Suleman Road nera Jinnah Hospital emergency gate. This has been the csae for the past six weeks. the whole block has been suffering and tempers are rising,drainage,high,train,Drainage & Sewerage,1
Please be informed that our overhead tank never fills even after four hours of supply near Orangi Town near Aga Khan Hospital. an elderly man fell into it and had to be taken to emergency Kindly resolve it soon.,water,critical,train,Water Supply,0
"reporting fom block 13-d, new karachi near a government girls school: line ka joint phat gaya hai aur pani zaya ho rha hai.",water,critical,test,Water Supply,1
"I want to report that raat ko nashe wale jama hote hain, dar lagta hai near near a bank branch in Bahadurabad. low priority, only mentioning it so it is on record Please take action. Bara meherbani ho gi, jaldi masla hal karain.",safety,low,train,Public Safety,1
a minor problem which can wait for the normal schedule nothing serious just bringing it to your notice the reason is that the community hall booking process is completely opaque right at phase 2 clifton,other,low,test,General Administration,0
"KINDLY NOTE THAT LOG KACHRA JAOA RHE HAIN, DHUAN GHAR ME AATA HAI FOR SEVERAL MONTHS AT NEAR THE UNION COUNCIL OFFICE IN SITE AREA. KINDLY RESOLVE IT SOON. BARA MEHERBANI HO GI, JALDI MASLA HAL KARAON.",waste,medium,train,Sanitation & Solid Waste,1
"I want to report that construction malba has been dumped on the empty plot in fornt of on Abul Hasan Isphahani Road near a maternity home, and there is a goveenment school right next to it and hundreds of children pass daily",waste,high,train,Sanitation & Solid Waste,0
"Assalam o alaikum, the kachra kundi was removed and now everyone dumps in the open since Friday at near the main mosque in Clifton. Kindly resolve it soon.",waste,medium,train,Sanitation & Solid Waste,0
we have complained at the local office twice already with no result a trench dug by the gas company was never filled back at near the bus stop in Model Colony. We request immediate attention.,road,medium,train,Roads & Infrastructure,0
"hum ko roz tanker mangwana par raha hai. Location: Street 14, Bahadurabad. we have complained at the local office twice already with no result We request immediate attention.",water,medium,train,Water Supply,1
"Please be informed that sarak par bara gaddha ban gaya hai since Ramzan at Gali No 7, Malir near Civil Hospital. Thank you.",road,high,train,Roads & Infrastructure,1
"We the residents of on Maripur Road near a government girls school report thqt the fire exit of the crowded plaza has been welded shut, trapping everyone inside. it is urgent because a school is right beside it. Shopkeepers say business has dropped by half because of it Again, the fire exit of the crowded plaza has been welded shut, trapping everyone inside.",safety,high,test,Public Safety,0
Problem area on Korangi Road. Details: chamber se kala pani upar aa raha hai for almost a month. Please do the needful.,drainage,critical,test,Drainage & Sewerage,1
"the footpath tiles r uprooted and pedestrains walk on the road at st 14, Federsl B Area.",road,medium,train,Roads & Infrastructure,0
the nallah beside the colony is choked with solid waste at near the flyover ramp in Clifton near a primary school??!,drainage,high,train,Drainage & Sewerage,0
"jo pani aata hai wo gandha aur badbudar hai at Street 14, New Karachi.",water,medium,train,Water Supply,1
"the meter reading is being estimated and the bill is impossible at near the bus stop in North Nazimabad. Thsi has been the case for several months. please trreat this as urgent, the situation is getting worse daily. It is on the main roaad and traffic jams for hours every motning !!!!",electricity,high,train,Electricity & Streetlights,0
yahan mobile snatching bohot ho rahi hai; this situation at on Rashid Minhas Road has continued for two days now. kindly arrange a visit sometime this week. It is causing inconvenience and should be fixed soon Requesting the department to act.,safety,medium,test,Public Safety,1
Please be inormed that sfai bilkul nahi hoti yahan near on M.A. Jinnah Road. tis is an emergency and needs immediate atention. There is a serious risk of a fatal accident here We request immediate artention.,waste,critical,train,Sanitation & Solid Waste,1
"Janab, residents near Defence View are affected because gande pani ki wajah se ghar me se bo aa rahi hai. a school van skidded and very nearly overturned Regards. Bara meherbani ho gi, jaldi masla hal karain. Again, gande pani ki wajah se ghar me se bo aa rahi hai.",drainage,critical,test,Drainage & Sewerage,1
Problem area Landhi Sector 5-C. Details: kachra utha nahi hai kai din se since this morning. Requesting the department to act.,waste,medium,test,Sanitation & Solid Waste,1
dengue and gastro cases have started appearing in the area police gasht bilkul nahi hoti at on Korangi Road near a primary school. We request immediate attention.,safety,high,train,Public Safety,1
pani ki line leaak ho rahi hai at on Stadium Road,water,high,train,Water Supply,1
"To the concerned department, bijli ka khamba tirha ho gaya hai near Orangi Town Plot 22. we have complained at the local office twice already with no result. It is causing daily inconvenience to the residents We request immediate attention.",electricity,medium,train,Electricity & Streetlights,1
a trench dug by the gas company was never filled back at Jamshed Road. This has been the case for over two weeks. the entire street of about forry houses is affected. Dengue and gastro cases have started appearing in the area,road,high,train,Roads & Infrastructure,0
it is urgent because a school is right beside it an abandoned building has become a hideout for criminals at on Abul Hasan Isphahani Road We request immediate attention,safety,high,train,Public Safety,0
the electric pole is leanimg dangerously; this situation at Baldia Town Gali No 7 has continued since Friday. please arrange for the concerned staff to check it Requesting the department to act.,electricity,medium,test,Electricity & Streetlights,0
"awara kutte logon ko kaat rahe hain at saddar house 4-b. this has been the case for the last three days. just a routine request, nothing urgent at all",safety,low,train,Public Safety,1
"Assalam o alaikum, speed breaker toota hua hai near Block 5, Baldia Town near Civil Hospital. an ambulance could not reach the hospital gate because of it Shukriya.",road,critical,train,Roads & Infrastructure,1
"the pole mounted box is open and children can reach the terminals at Block A, Malir??!",electricity,high,train,Electricity & Streetlights,0
"Please be informed that the sewer line was never connected to the main trunk near Block 2, Korangi. dengue and gastro cases have started appearing in the area Kindly resolve it soon.",drainage,high,train,Drainage & Sewerage,0
"Assalam o alaikum, the nallah beside the colony is choked with solid waste near Gali No 7, North Nazimaba. this has become a serious health hazard for the whole area. There is a government shool right next to it & hundreds of children pass daily Kindly resolve it soon!!",drainage,high,train,Drainage & Sewerage,0
"Kindly note that the nallah beside the colony is choked with solid waste in front of House 4-B, Saddar near Ziauddin Hospital, and many families and children are affected by it every single day",drainage,high,train,Drainage & Sewerage,0
"Assalam o alaikum, the meter reading is being estimated and the bill is impossible near House 4-B, Surjani Town near Aga Khan Hospital. elderly patients live in this lane and cannot step outside Please take action !!!!",electricity,high,train,Electricity & Streetlights,0
Respected sir rain water from the lawt spell has still not drained out near Block A Mangopir this is a minor issue whenever it is convenient This is only a suggesiton for improvement Please take action,drainage,low,train,Drainage & Sewerage,0
"loadshedding ka koi schedule nahi hai. Location: on Maripur Road. this is an emergency, please send a team today. Someone is going to be killed if this is not fixed today We request immediate attention.",electricity,critical,train,Electricity & Streetlights,1
"please look into it in the coming days valve wala time par valve nahi kholta at on Khayaban-e-Ittehad. Kindly resolve it soon. Bara meherbani ho gi, jaldi masla hal karain.",water,medium,train,Water Supply,1
"Assalam o alaikum, the water line has burst & water is being wasted for two days now at near the flyover ramp in Garden East. Please take action.",water,medium,train,Water Supply,0
"kindly note that road pe khudai kar ke chor di gayi hai near phase 2, site area. it is causing daily inconvenience to the residents kindly resolve it soon. bara meherbani ho gi, jaldi masla hal karain.",road,medium,train,Roads & Infrastructure,1
Problem area near the main mosque in Landhi near Ziauddin Hospital. Details: malba khali plot par daal diya gaya hai for more than 20 days. Regards.,waste,high,test,Sanitation & Solid Waste,1
"at block 2, new karachi, the water that comes is muddy & smells of chemicals for the last three days. this has become a serious health hazard for the whole area!!",water,high,train,Water Supply,0
"Assalam o alaikum, the kachra kundi was removed and now everyone dumps in the open for more than 20 days at Manghopir Sector 5-C. We request immediate attention.",waste,medium,train,Sanitation & Solid Waste,0
"to the concerned department, sewage water has entered our lane in front of on abul hasan isphahani road near jinnah hospital emergency gate, and the whole block has been suffering and tempers r rising. the entire street of about forty houses is affected",drainage,high,train,Drainage & Sewerage,0
"Please be informed that transformer bar bar trip kar raha hai since the last monsoon at Malir near Ziauddin Hospital. Thank you. Bara meherbani ho gi, jaldi masla hal karain.",electricity,high,train,Electricity & Streetlights,1
"the road surface has completely broken up at Sector 5-C, Clifton.",road,critical,train,Roads & Infrastructure,0
I want to report that sweepers have not come to clean this lane in front of Defence View House 4-B and a motorcyclist fell and broke his arm last night Again sweepers have not come to clean this lane,waste,critical,train,Sanitation & Solid Waste,0
"To the concerned department, nali band hai aur pani khara hai near Gali No 7, Kemari. there is no urgency, just registering it formally Kindly resolve it soon.",drainage,low,train,Drainage & Sewerage,1
the main water pipe is leaking badly at New Karachi & nobody has come to check for two days now. we have complained at the local office twice already with no result,water,medium,train,Water Supply,0
the road has caved in after the rain at on University Road. This has been the case since yesterday. it is causing daily inconvenience to the residents,road,medium,train,Roads & Infrastructure,0
kachra kundi bhar gayi hai aur sarak par gir raha hai at near a bank branch in Korangi near the school van stop.,waste,high,train,Sanitation & Solid Waste,1
"it is causing inconvenience and should be fixed soon. We have been waiting for a response for a while now kachra kundi bhar gayi hai aur sarak par gir raha hai at Block 13-D, Manghopir. Shukriya. Bara meherbani ho gi, jaldi masla hal karain.",waste,medium,train,Sanitation & Solid Waste,1
"a pack of stray dogs is attacking people at near the community centre in north nazimbaad. this has been the case since yesterday. jyst a routine request, nothing urgent at all !!!!",safety,low,train,Public Safety,0
"For since this morning now, road bilkul toot gayi hai around on Abul Hasan Isphahani Road. Requesting the department to act.",road,medium,test,Roads & Infrastructure,1
"pani bilkul nahi aa raha at saddar. this has ben the case for severzl months. an ambulace could not reach the hospital gate because of it bara meherbani ho gi, jaldi masla hal karain.",water,critical,train,Water Supply,1
Location House 4-B Jamshed Road - broken road with loose gravel everywhere ongoing for ovver two wekes a hospital entrance is barely fifty metres from here Meherbani ho gi Again broken road with loose gravel everywhere,road,high,test,Roads & Infrastructure,0
please arrange for the concerned staff to check it awara kutte kachra phaila dete hain at Gulberg Town. Kindly resolve it soon!!!,waste,medium,train,Sanitation & Solid Waste,1
"THE BOOSTER PUMP AT THE HYDRANT HAS STOPPED WORKING. LOCATION: SECTOR 11-B, DEFENCE VIEW. IT IS CAUSING DAILY INCONVENIENCE TO THE RESIDENTS KINDLY RESOLVE IT SOON.",water,medium,train,Water Supply,0
the park in our neighbourhood has been encroached by a private party at Federal B Area and nobody has come to check since this morning kundly send someone to look at it in the next few days It is causing daly inconvenience to the residents,other,medium,train,General Administration,0
"wires are hanging loose from the pole at House 4-B, Garden East. This has been the case since Friday. kindly send someone to look at it in the next few days Again, wires are hanging loose from the pole.",electricity,medium,train,Electricity & Streetlights,0
pani ki line leak ho rahi hai. Location: Korangi neaar Aga Khan Hospital. the entire street of about forty houses is affected Shukirya.,water,high,train,Water Supply,1
"I want to report that manhole ka dhakkan toota hua hai near on M.A. Jinnah Road. it is causing daily inconveninece to the residents Shukriya. Bara meherbani ho gi, jaldi masla hal katain. Again, manhole ka dhakkan toota hua hai.",drainage,medium,train,Drainage & Sewerage,1
"pollice gasht bilkul nani hoti. Location: Street 14, Kemari. this is a minor issue, whenever it is convenient Kindly resolve it soon.",safety,low,train,Public Safety,1
the water line has burst & water is beig wasted at near the bus stop in Model Colony ndar a madrassa. This has been the case for more thaan 20 days. this has become a serious health hazard for the whole area !!!!,water,high,train,Water Supply,0
"rash driving by mini buses has caused several near misses at Sector 5-C, Federal B Area and nobody has come to check for the last three days. we have been waiting for a response for a while now",safety,medium,train,Public Safety,0
"the sewer line was never connected to the main trunk at Sector 11-B, DHA Phase 6 and nobody has come to check for the pats six weeks. a large number of residents are suffering because of it",drainage,high,train,Drainage & Sewerage,0
"Janab, the following problem at on Nishtar Road near the children's park: footpath par dukan barha di gayi hai. shopkeepers say business has dropped by half because of it Bara meherbani ho gi, jaldi masla hal karain.",other,high,test,General Administration,1
assalam o alaikum police gasht bilkul nahi hoti at jamshed road since friday it is a small issue but please note it for the record shukriya,safety,low,train,Public Safety,1
"Kindly note that raat ko nashe wale jama hote hain, dar lagta hai in front of Block 2, Manghopir, and our family has been facing this for several days now Bara meherbani ho gi, jaldi masla hal karain.",safety,medium,train,Public Safety,1
stray dogs and cats tear open the baggs and scatter the waste. Location: Malir Blokc 13-D. it is causing daily inconvenience to the residents. Kindly send someone to look at it in the next few days Thank you.,waste,medium,train,Sanitation & Solid Waste,0
paani ka pressure bohot kam hai at Orangi Town Block 5 Bara meherbani ho gi jaldi masla hal karain,water,medium,train,Water Supply,1
the newly laid patch has already sunk in the middle at Gadap Town Sector 11-B near a government girls school!!!,road,critical,train,Roads & Infrastructure,0
"We the residents of near the mobile market in Liaquatabad report that the transformer keeps tripping again & again. please treat this as urgent, the situation is getting worse daily. Children walking to school have to wade through it every day",electricity,high,test,Electricity & Streetlights,0
"nali band hai aur pani khara hai at Sector 11-B, Jamshed Road.",drainage,medium,train,Drainage & Sewerage,1
"Respected sir, bijli ka khamba tirha ho gaya hai in front of Plot 22, Bahadurabad near Civil Hospital, and elderly patients live in this lane and cannot step outside Bara meherbani ho gi, jaldi masla hal karain.",electricity,high,train,Electricity & Streetlights,1
"people are burning the garbage pile and the smoke enters our homes. Location: Liaquatabad. this is only a suggestion for improvement. Just a routine request, nothing urgent at all We request immediate attention!!!",waste,low,train,Sanitation & Solid Waste,0
this has become a serious health hazard for the whole area awaar kutte logon ko kaat rahe hain at on Stadium Road near Civil Hospital. Kindly resolve it soon.,safety,high,train,Public Safety,1
the water that comes is muddy and smells of chemicals at on University Road.,water,medium,train,Water Supply,0
"At Manghopir near a madrassa, an abandoned building has become a hideout for criminals for over two weeks. this has become a serious health hazard for the whole area!!",safety,high,train,Public Safety,0
Complaint: residents near on Rashid Minhas Roda are affected bcz the road surface has completely broken up. many families and children are affected by it every single day Regards.,road,high,test,Roads & Infrastructure,0
"loudspeakers from a marriage hall run past midnight every weekend at near the commmunity centre in Clifton near a madrassa. This has been the case for several monthss. it is extremely urgent, please treat it as an emergency. An ambulance could not reach the hospital gate because of it",other,critical,train,General Administration,0
"assalam o alaikum, the valve man is not opening our valve at the scheduled time in front of near the bus stop in defence view, & please look into it in the coming days. we have complained at the local office twice already wid no result",water,medium,train,Water Supply,0
there are deep potholes all along this stretch at near the flyover ramp in Nazimabad.,road,low,train,Roads & Infrastructure,0
"Assalam o alaikum, there is rotting waste and an unbearable smell at Plot 22, Bahadurabad, for two days now. our family has been facing this for several days now We request immediate attention.",waste,medium,train,Sanitation & Solid Waste,0
"respected sir, taar latak rahi hain khambe se in front of near the flyover ramp in landhi, and an elderly man fell into it and had to be taken to emergency",electricity,critical,train,Electricity & Streetlights,1
"Respected sir, the road has caved in after the rain since this morning at near the bus stop in Gulberg Town. Please take action.",road,medium,train,Roads & Infrastructure,0
"Assalam o alaikum, the manhole is spilling sewage continuously at near a bank branch in Shah Faisal Colony, for the psat six weeks. the whole block has been suffering and tempers are rising Kindly resolve it soon.",drainage,high,train,Drainage & Sewerage,0
the meter reading is being estimated and the bill is impossible at on Rashid Minhas Road and nobody has come to check since this morning. we have complained at the local office twice already with no result. Please arrange for the concerned staff to check it !!!!,electricity,medium,train,Electricity & Streetlights,0
"Respected sir, the sewer line was never connected to the main trunk at Block 2, Gadap Town near a maternity home, for more than 20 days. it is urgent because a school is right beside it Kindly resolve it soon??!",drainage,high,train,Drainage & Sewerage,0
people are burning the garbage pile and the smoke enters our homes at Baldia Town. This has been the case for almost a month. an ambulance could not reach the hospital gate because of it,waste,critical,train,Sanitation & Solid Waste,0
"sewage water has entered our lane at House 4-B, Shah Faisal Colony and nobody has come to check for several months. many families and children are affected by it everry single day. It is urgent because a school is roght beside it",drainage,high,train,Drainage & Sewerage,0
"I want to report that broken road with loose gravel everywhere in front of Nazimabad Block 13-D, and there is no urgency, just registering it formally. Low priority, only mentioning it so it is on record",road,low,train,Roads & Infrastructure,0
"this has become a serious health hazard for the whole area banners and hoardings are blocking the view at the intersection at Block 2, North Nazimabad near Jinnah Hospital emergency gate. Thank you.",other,high,train,General Administration,0
the asphalt has peeled off and the base layer is exposed. Location: on I.I. Chundrigar Roa.d our family has been facing thsi for several days now We request immediate attention.,road,medium,train,Roads & Infrastructure,0
"Assalam o alaikum, manhole ka dhakkan toota hua hai in front of on Maripur Road, and this has become a serious health hazard for the whole area Again, manhole ka dhakkan toota hua hai !!!!",drainage,high,train,Drainage & Sewerage,1
"road pe khudai kar ke chor di gayi hai at on Tariq Road and nobody has come to check for almost a month. a motorcyclist fell and broke his arm last night. A person has already been injured bcz of this Bara meherbani ho gi, jaldi masla hal karain.",road,critical,train,Roads & Infrastructure,1
"the road surface has completely broken up at Block 2, Garden East !!!!",road,critical,train,Roads & Infrastructure,0
"I want to report that stray dogs and cats tear open the bags and scatter the waste for almost a month at Block 2, Surjani Town. Please take action.",waste,critical,train,Sanitation & Solid Waste,0
bijli nahi aa rahi hamare block me at Clifton near a primary school This has been the case since the last monsoon this is an emergency and needs immediate attention Bara meherbani ho gi jaldi masla hal karain Again bijli nahi aa rahi hamare block me,electricity,critical,train,Electricity & Streetlights,1
"dengue and gastro cases have started appearing in the area. A large number of residents are suffering because of it there is no police patrolling and street crime has increased at Sector 5-C, Jamshed Road. We request immediate attention!!",safety,high,train,Public Safety,0
Please be informed that sewage water has entered our lane near on Nishtar Road. please arrange for the concerned staff to check it Please take action.,drainage,medium,train,Drainage & Sewerage,0
"For since yesterday now, a dangerous dilapidated structure is about to fall on people using the footpath around near a bank branch in Saddar. Awaiting your response.",safety,low,test,Public Safety,0
"i want to report that gali me kooray ka bara dher lag gaya hai near near the flyover ramp in new karachi. a motorcyclist fell and broke his arm last night we request immediate attention. again, gali me kooray ka bara dher lag gaya hai!!",waste,critical,train,Sanitation & Solid Waste,1
"AN ELDERLY MAN FELL INTO IT AND HAD TO BE TAKEN TO EMERGENCY PEOPLE ARE BURNING THE GARBAGE PILE AND THE SMOKE ENTERS OUR HOMES AT HOUSE 4B-, KEMARI NEAR A MATERNITY HOME. PLEEASE TAKE ACTION??!",waste,critical,train,Sanitation & Solid Waste,0
"Kindly note that sewage water has entered our lane for more than 20 days at near a bank branch in Baldia Town. We request immediate attention. Again, sewaeg water has entered our lane.",drainage,critical,train,Drainage & Sewerage,0
"I want to report that clean drinking water has not reached our houses at near the bus stop in Gulshan-e-Iqbal, since this morning. part of the structure has already collapsed Shukriya.",water,critical,train,Water Supply,0
"shopkeepers throw their leftovers directly onto the pavement here; this situation at Gali No 7, Bahadurabad has continued for two days now. just a routine request, nothing urgent at all Requesting the department to act.",waste,low,test,Sanitation & Solid Waste,0
"the valve man is not opening our valve at the scheduled time at block a, jamshed road and nobody has come to check since ramzan. it is on the main road and traffic jams for hurs every morning",water,high,train,Water Supply,0
"a person has already been injured because of this the sreet lights have not been working at on I.I. Chundrigar Road. Please take action. Aggain, the street lights have not been woorking.",electricity,critical,train,Electricity & Streetlights,0
a trench dug by the gas cokpany was nevwr filled back at Street 14 Federal B Area,road,high,train,Roads & Infrastructure,0
"at on tariq road, the speed breaker is broken and has sharp edges for over two weeks. please treat this as urgent, the situation is getting worse daily",road,high,train,Roads & Infrastructure,0
"yahan khadde hi khadde hain at near a bank branch in Manghopir near the children's park and nobody has come to check for several months. many families and children are affected by it every single day Bara meherbani ho gi, jaldi masla hal karain.",road,high,train,Roads & Infrastructure,1
THE POLE MOUNTED BOX IS OPEN & CHILDREN CAN REACH THE TERMINALS AT FEDERAL B AREA.,electricity,medium,train,Electricity & Streetlights,0
"location gali no 7, buffer zone - the road level is now far below the manhole rim, ogoing for two days now. kindky send someone to look at it in the next few days regards. again, the road level is now far below the manhole rim.",road,medium,test,Roads & Infrastructure,0
wires are hanging loose from the poe at near the union council office in gulberg town and nobody has come to check since tis morning. kindly send someone to look at it in the next few days. please look into it in the coming days,electricity,medium,train,Electricity & Streetlights,0
To the concerned department the booster pump at the hydrant has stopped working ner Liaquatabad Sector 11-B this is a minor issue whenever it is convenient We request immedaite attention,water,low,train,Water Supply,0
"respected sir, the sewer line was never connected to the main trunk near nazimabad. please arrange for the concerned staff to check it. kindly send someone to look at it in the next few days kindly resolve it soon.",drainage,medium,train,Drainage & Sewerage,0
nalah kache se bhar gaya hai at Surjani Town and nobody has come to check for the last three days. it is causing daily inconvenience to the residenst,drainage,medium,train,Drainage & Sewerage,1
"the park in our neighbourhood has been encroached by a private party at Block 5, Clifton near a madrassa and nobody has come to check for over two weeks. many families and children are affected by it every single day. Elderly patients live in this lane and cannot step outside",other,high,train,General Administration,0
"reporting an issue - residents near house 4-b, gadap town are affected because nalke se peela pani nikal raha hai. a hospital entrance is barely fifty metres from here requesting the department to act. bara meherbani ho gi, jaldi masla hal karain.",water,high,test,Water Supply,1
please look into it in the coming days hum ko roz tanker mangwana par raha hai at Jamshed Road. Kindly resolve it soon.,water,medium,train,Water Supply,1
"the sewerage line is choked and dirty water is on the street at plot 22, orangi town near ziauddin hospital.",drainage,high,train,Drainage & Sewerage,0
"To the concerned department, gutter ubal raha hai since yesterday at Orangi Town Sector 11-B. Shukriya. Bara meherbani ho gi, jaldi masla hal karain.",drainage,low,train,Drainage & Sewerage,1
"Please be informed that the newly laid patch has already sunk in the middle at SITE Area Gali No 7 near Ziauddin Hospital, for more than 20 days. part of the structure has already collapsed We request immediate attention.",road,critical,train,Roads & Infrastructure,0
we the residents of on m a jinnah road report that line ka joint phat gaya hai aur pani zaya ho raha hai this has become a serious health hazard for the whole area,water,high,test,Water Supply,1
"Respected sir, an open manhole in the middle of the walkway is a death trap near Liaquatabad near Aga Khan Hospital. part of the structure has already collapsed Please take action.",safety,critical,train,Public Safety,0
a motorcyclist fell and broke his arm last night valve wala time par valve nahi kholta at near the flyover ramp in lyari. thank you.,water,critical,train,Water Supply,1
broken road wid loose gravel everywhere location: surjani town there is no urgency please handle it in the routine schedule please take action,road,low,train,Roads & Infrastructure,0
"This is to bring to your attention that residents near Phase 2, Federal B Area are affected because unregistered heavy vehicles speed dangerously through the residential lane at night. low priority, only mentioning it so it is on record Please do the needful.",safety,low,test,Public Safety,0
Reporting from Jamshed Road: the gutter has been overflowing.,drainage,critical,test,Drainage & Sewerage,0
"I want to report that there are sparks coming from the connection at night in front of near the vegetable market in PECHS, and we have complained at the local office twice already with no result. Kindly send someone to look at it in the next few days",electricity,medium,train,Electricity & Streetlights,0
"paani ka pressure bohot kam hai at near the mobile market in landhi. bara meherbani ho gi, jaldi masla hal karain.",water,high,train,Water Supply,1
"barish ka pani abhi tak nahi nikla at near the bus stop in Defence View. This has been the case since Friday. this is a minor issue, whenever it is convenient Bara meherbani ho gi, jaldi masla hal karain. Again, barish ka pani abhi tak nahi nikla.",drainage,low,train,Drainage & Sewerage,1
"the asphalt has peeled off and the base layer is exposed. Location: Street 14, Gulberg Town. this has become a serious health hazard for the whole area Please take action.",road,high,train,Roads & Infrastructure,0
"We the residents of Block 2, Garden East report that effluent from the choked sewer line is standing knee deep at the junction. kindly arrange a visit sometime this week",drainage,medium,test,Drainage & Sewerage,0
"elderly patients live in this lane and cannot step outside. The entire street of about forty houses is affecyed an oen manhole in the middle of the walkway is a death trap at SITE Area Gali No 7. Please take action. Again, an open manhole in the middle of the walkway is a death trap.",safety,high,train,Public Safety,0
"road pe khudai kar ke chor di gayi hai at on Aubl Hasan Isphahani Road near the school van stop and nobody has come to check for the past six weeks. please treat this as urgent, the situation is getting worse daily Bara meherbani ho gi, jaldi mala hal karain!!!",road,high,train,Roads & Infrastructure,1
"To the concerned department, a huge heap of trash is lying at the corner in front of on Abul Hasan Isphahani Road, and we have complained at the local office twice already with no result. Please look into it in the coming days",waste,medium,train,Sanitation & Solid Waste,0
the drain is blocked and the water is not going anywhere at on Sir Shah Suleman Road. This has been the case since Ramzan. it is on the main road and traffic jams for hours every morning. The whole block has been suffering and tempers are rising,drainage,high,train,Drainage & Sewerage,0
"I want to report that there is no electricity in our block near Phase 2, Gadap Town near a primary school. it is on the man road and traffic jams for hours every morning Please take action.",electricity,high,train,Electricity & Streetlights,0
"just a routine request, nothing urgent at all sewerage ka pani gali me phail gya hai at on Shahrah-e-Faisal. Kindly resolve it soon!!",drainage,low,train,Drainage & Sewerage,1
"it is causing inconvenience and should be fixed soon. please arrange for the concerned staff to check it the park in our neighbourhood has been encroached by a private party at plot 22, dha phase 6. kindly resolve it soon.",other,medium,train,General Administration,0
"At DHA Phase 6 Sector 5-C, khula manhole hai, koi bhi gir sakta hai for several months. we have complained at the local office twice already with no result Bara meherbani ho gi, jaldi masla hal karain.",safety,medium,train,Public Safety,1
"garbage has not been colleced from our street — Phase 2, Federal B Area near the children's par.k a hospital entrance is barely fity metres fom her. Children walking to school have to wade through it every day",waste,high,test,Sanitation & Solid Waste,0
"Respected sir, purani deewar girne wali hai for almost a month at near a bank branch in Model Colony. Thank you.",safety,medium,train,Public Safety,1
the water pipeline joint is spraying clean water into the st all day; this situation at on Sir Shah Suleman Road has continued for several months. it has become a serious health hazard for the entire block Requesting the department to act.,water,high,test,Water Supply,0
"Respected sir, the electric pole is leaning dangerously near Federal B Area Sector 11-B near the children's park. this has become a serious health hazard for the whole area Shukriya.",electricity,high,train,Electricity & Streetlights,0
I want to report that clean drinking water has not reached our houses near on M.A. Jinnah Road near Aga Khan Hospital. a motorcyclist fell and broke his arm last night Shukriya.,water,critical,train,Water Supply,0
the garbage container is overflowing onto the road at Lyari Block A.,waste,low,train,Sanitation & Solid Waste,0
"Prooblem area Sector 5--C, Gulistan-e-Johar. Details: an open manhole in the middle of the walkway is a death trap for two days now. Meherbani ho gi.",safety,low,test,Public Safety,0
"wires r hanging loose from the pole. Location: on Nishtar Road near the children's park. there is a government school rigjt next to it and hundreds of children pass daily Shukriya. Again, wires r hanging loose from the pole.",electricity,high,train,Electricity & Streetlights,0
"I want to report that dispensary hafte me sirf do din khulti hai near Sector 5-C, Model Colony. please look into it in the coming days. We have been waiting for a response for a while now Please take action.",other,medium,train,General Administration,1
"loudspeakers from a marriage hall run past midnight every weekend at Phase 2, Baldia Town.",other,medium,train,General Administration,0
dispensary hafte me siirf do din khulti hai at North Nazimabad Lane 3 near a government girls school and nobody has come to check for several months. the whole block has been suffering and tempers are rising,other,high,train,General Administration,1
"Kindly note that drug users gather here after dark and residents feel unsafe in front of Bahadurabad, and it is causing daily inconvenience to the residents",safety,medium,train,Public Safety,0
"taar latak rahi hain khambe se at on I.I. Chundrigar Road. Bara meherbani ho gi, jaldi masla hal karain.",electricity,low,train,Electricity & Streetlights,1
"unannounced load shedding is running for eight hours a day at Gail No 7, Korangi. This has been the case since Friday. kindly sed someone to look at it in the next few days",electricity,medium,train,Electricity & Streetlights,0
"Location on I.I. Chundrigar Road near Civil Hospital - meter reading galat lagai ja rahi hai, ongoing for over two weeks. many families and children are affected by it every single day. Please treat this as urgent, the situation is getting worse daily Meherbani ho gi. Bara meherbani ho gi, jaldi masla hal karain.",electricity,high,test,Electricity & Streetlights,1
"Respected sir, waste water has started seeping into the ground floor rooms near near the petrol pump in Gulshan-e-Iqbal near Civil Hospital. there is a serious risk of a fatal accident here. A live wire is lying in the standing water Please take action!!!",drainage,critical,train,Drainage & Sewerage,0
To the concerned departmnet waste water has started seeping into the ground floor rooms at Clifton since Friday our fammily has been facing this for several days now Kindly send someone to look at it in the next few days Kindly resolve it soon,drainage,medium,train,Drainage & Sewerage,0
"khula manhole ha,i koi bhi gir sakta hai at Model Colony Block A. This has been the case for the past six weeks. dengue and gatro cases have started appearing in the area. There is a government school right next to it and hundreds of children pass daaily",safety,high,train,Public Safety,1
"At on Sir Shah Sulemqn Road near the school van stop, there are deep potholes all along this stretch for over two weeks. the whole block has been suffering and tempers are rising. There is a government school right next to it and hundreds of children pass daily Again, there are deep potholes all along this stretch!!",road,high,train,Roads & Infrastructure,0
"our overhead tank never fills even after four hours of supply. Location: on M.A. Jinnah Road. there is a serious risk of a fatal accident here. A person has already been injured because of this Thank you. Again, our overhead tank never fills even after four hours of supply.",water,critical,train,Water Supply,0
"Assalam o alaikum, kachra utha nahi hai kai din se near on Shahrah-e-Faisal. kinndly send someone to look at it in the next few days. Our family has been facing this for several dayys now plz take action. Bara meherbani ho gi, jaldi masla hal karain.",waste,medium,train,Sanitation & Solid Waste,1
"please be informed that peope are burning the garbage pile and the smoke enters our homes near street 14, new krachi. we have complained at the local office twice already with no result shukriya!!!",waste,medium,train,Sanitation & Solid Waste,0
just a routine request nothing urgent at all the reason is that armed anti social elements threaten anyone entering the park after sunset right at street 14 gulberg town,safety,low,test,Public Safety,0
the water that comes is muddy and smells of chemicals at Street 14 Baldia Town and nobody has come to check since Ramzan it is urgent because a school is right beside it Again the water that comes is muddy and smlels of chemicals,water,high,train,Water Supply,0
"awara kutte loogon ko kaat rahe hain at nar the community centre in New Karachi near a government girls school and nobody has come to chekc since Friday. there is a government school right next to it and hundreds of children pass daily Bara meherbani ho gi, jaldi masal hal karain!!",safety,high,train,Public Safety,1
Reporting an issue - the following problem at near the community centre in Buffer Zone: water is coming with very low pressure. please arrange for the concerned staff to check it,water,medium,test,Water Supply,0
Kindly note that water is coming with very low pressure since Ramzan at Gulistan-e-Johar. plz take action.,water,high,train,Water Supply,0
"To the concerned department, water is coming wid very low pressure in front of on Abul Hasan Isphahani Road, and just a routine request, nothign urgent at all",water,low,train,Water Supply,0
"Assalam o alaikum, sewage water has entered our lane near Sector 11-B, Shah Faisal Colony near the school van stop. there is a government school right next to it and hundreds of children pass daily Thank you??!",drainage,high,train,Drainage & Sewerage,0
kachra uta nahi hai kai din se at Fdeeral B Area near the children's park & nboody has come to check for several months. a large no of residents r suffering because of it,waste,high,train,Sanitation & Solid Waste,1
I want to report that the nallah beside the colony is choked with solid waste near near the flyoover ramp in Kemari near a primray school. this has become a serious health hazard for the whhole area Kindly resolve it soon.,drainage,high,train,Drainage & Sewerage,0
"Please be informed that the valve man is not opening our valve at the scheduled time in front of on Rashid Minhas Road, and we have complained at the local office twice already with no result Again, the valve man is not opening our valve at the scheduled time!!!",water,medium,train,Water Supply,0
"bijli nahi aa rahi hamare block me at near the main mosque in Orangi Town near Civil Hospital. This has been the case for more than 20 days. elderly patients live in ths lane and cannot step outside Bara meherbani ho gi, jaldi masla hal karain.",electricity,high,train,Electricity & Streetlights,1
"bijli ka khamba tirha ho gaya hai at Plot 22, Liaquatabad. This has been the case for two days now. kindly send someone to look at it in the next few days. We have complained at the local office twice already with no result Bara meherbani ho gi, jaldi masla hal karain.",electricity,medium,train,Electricity & Streetlights,1
maidan par private academy ka qabza hai — shah faisal colony. kindly send someone to look at it in the next few days. it is affecting a few households on our side of the lane,other,medium,test,General Administration,1
"i want to report that purani deewar girne wali hai ndar block 5, kemarii. our famly has been facing this for several days now we request immediate attention. again, purani deewar girne wali hai.",safety,medium,train,Public Safety,1
problem area near the main mosque in model colony. details: the st lights haev not been working for over two weeks. meherbani ho gi.,electricity,critical,test,Electricity & Streetlights,0
"For since Friday now, the electric pole is leaning dangerously around near the bus stop in Gadap Town. Awaiting your response.",electricity,medium,test,Electricity & Streetlights,0
"Kindly note that the road srface has completely broken up at near the moile mraket in Gulshan-e-Iqbal near a government girls school, for more than 20 days. elserly patients live in this lane and cannot step outside Please tke action. Again, the road surface has completely broken up.",road,high,train,Roads & Infrastructure,0
THE MANHOLE IS SPILLING SEWAGE CONTINUOUSLY AT SADDAR HOUSE 4-B AND NOBODY HAS COME TO CHECK FOR ALMOST A MONTH. THE WHOLE BLOCK HAS BEEN SUFFERING AND TEMPERS R RISING,drainage,high,train,Drainage & Sewerage,0
there is rotting waste and an unbearable smell at on shahrah-e-faisal and nobody has come to check for more than 20 days. an elderly man fell into it and had to be taken to emergency. there is a serious risk of a fatal accicent here,waste,critical,train,Sanitation & Solid Waste,0
"At DHA Phase 6 House 4-B near a madrassa, loadshedding ka koi schedule nahi hai for almost a month. someone received an electric shock this morning",electricity,critical,train,Electricity & Streetlights,1
"our overhead tank never fills even after four hours of supply. Location: on Maripur Road. this is a minor issue, whenever it is convenient We request immediate attention.",water,low,train,Water Supply,0
"At Lane 3, Nazimabad, barish ka pani abhi tak nahi nikla since the last monsoon. dengue and gastro cases have started appearing in the area Bara meherbani ho gi, jaldi masla hal karain.",drainage,high,train,Drainage & Sewerage,1
yahan mobile snatching bohot ho rahi hai at on Khayaban-e-Ittehad near Civil Hospital. This has been the case since this morning. the whole block has been suffering and tempers are rising,safety,high,train,Public Safety,1
"the sewer line was never connected to the main trunk at phase 2, bahadurabad and nobody has come to check since this morning. this is only a suggestion for improvement",drainage,low,train,Drainage & Sewerage,0
"For for the past six weeks now, safai bilkul nahi hoti yahan around near the flyover ramp in PECHS. Awaiting your response. Bara meherbani ho gi, jaldi masla hal karain.",waste,critical,test,Sanitation & Solid Waste,1
"nikasi ka rasta band kar diya gaya hai — near the flyover ramp in North Nazimabad. please arrange for the concerned staff to check it Bara meherbani ho gi, jaldi masla hal karain!!",drainage,medium,test,Drainage & Sewerage,1
this is only a suggestion for improvement. Kindly look into it whenever a team is free the valve man is not opening our valve at the scheduled time at on M.A. Jinnah Road. Shukriya.,water,low,train,Water Supply,0
there is rotting waste and an unbearable smell at near the maain mowque in defence view and nobody has come to check for two days now. our fmaily has been facing this for several days now. kinly semd someone to look at it in the next few dasy,waste,medium,train,Sanitation & Solid Waste,0
waste water has started seeping into the ground floor rooms at Nazimabad Block A and nobody has come to check since Friday. it is causing inconvenience and should be fixed soon. Please arrange for the concerned staff to check it,drainage,medium,train,Drainage & Sewerage,0
Kindly note that transformer bar bar trip kar raha hai near near the vegetable market in Gadap Town near the children's park. dengue and gastro cases have started appearing in the area plz take action.,electricity,high,train,Electricity & Streetlights,1
"To the concerned department, bijli naahi aa rahi hamare block me since yesterday at Lane 3, New Karachi. Kindly resolve it soon.",electricity,medium,train,Electricity & Streetlights,1
"gandagi ki wajha se makhiyan bohot ho gayi hain; this situation at Gulshan-e-Iqbal Gali No 7 nar Ziauddin Hospital has continued since Ramzan. please treeat this as urgent, the situation is getting worse daily. A large numbeer of residents are suffering beacuse of it Requesting the department to act. Bara meherbani ho gi, jaldi masla hal karain.",waste,high,test,Sanitation & Solid Waste,1
"At near the vegetable market in Gulshan-e-Iqbal, awara kutte kachra phaila dete hain for amost a month. this is an emergency & needs immediate attention. There is a serious risk of a fatal accident here??!",waste,critical,train,Sanitation & Solid Waste,1
"For for several months now, the drain is blocked and the water is not going anywhere around on Korangi Road. Regards.",drainage,medium,test,Drainage & Sewerage,0
"it is on the main road and traffic jams for hours every morning. It is urgent because a school is right beside it the transformer keeps tripping again and again at Block 2, Buffer Zone. Kindly resolve it soon.",electricity,high,train,Electricity & Streetlights,0
"Assalam o alaikum, a huge hepa of trash is lying at the corner at Landhi Lane 3, since yesterday. it is a small issue but please note it for the record Kindly reoslve it soon.",waste,low,train,Sanitation & Solid Waste,0
Reporting from near the mobile market in Landhi near Aga Khan Hospital: sewerage ka pani gali me phail gaya hai.,drainage,critical,test,Drainage & Sewerage,1
"To the concerned deppartment, kachra utha nahi hai kai din se since Ramzan at House 4-B, Kemari near Ziauddin Hospital. Kindly resolve it soon. Bara meherbani ho gi, jaldi masla hal ksrain.",waste,critical,train,Sanitation & Solid Waste,1
"For for the last three days now, broken road with loose gravel everywhere around on Nishtar Road. Awaiting your response!!!",road,medium,test,Roads & Infrastructure,0
"To the concerned department, construction malba has been dumped on the empty plot in front of on M.A. Jinnah Road, and it is causing dzily inconvenience to the residents",waste,medium,train,Sanitation & Solid Waste,0
awara kutte kachra phaila dete hain at Shah Faisal Colony Block 2.,waste,low,train,Sanitation & Solid Waste,1
"Respected sir, half the lights on this stretch were never replaced after the storm near near the katchi abadi in Malir. this is a minor issue, whenever it is convenient Kindly resolve it soon.",electricity,low,train,Electricity & Streetlights,0
I want to report that speed breaker toota hua hai near near the union council office in Lyari this is only a suggestion for improvement There is no urgency just registering it formally Shukriya,road,low,train,Roads & Infrastructure,1
our family has been facing this for several days now taar latak rayi hain khambe se at near the main mosque in Buffer Zone. We request immediate attention.,electricity,medium,train,Electricity & Streetlights,1
it is causing daily inconvenience to the residents the speed breaker is broken and has sharp edges at near the mobile market in orangi town. shukriya.,road,medium,train,Roads & Infrastructure,0
rasta itna kharab hai ke rickshaw ulat jata hai; this situation at Defence View near the children's park has continued for almost a month. a large number of residents are suffering because of it Awaiting your response.,road,high,test,Roads & Infrastructure,1
"it is affecting a few households on our side of the lane. it is causing inconvenience and should be fixed soon the reason is that gandagi ki wajah se makhiyan bohot ho gayi hain, right at phase 2, gulistan-e-johar.",waste,medium,test,Sanitation & Solid Waste,1
"it is a small issue but please note it for the record sarak ki halat bohot kharab hai, gaari nikalna mushkil hai at near the vegetable market in Buffer Zone. Kindly resolve it soon. Bara meherbani ho gi, jaldi masla hal karain.",road,low,train,Roads & Infrastructure,1
"it is causing inconvenience and should be fixed soon The reason is that armed anti social elements threaten anyone entering the park after sunset, right at House 4-B, Lyari. Again, armed anti social elements threaten anyone entering the park after sunset!!!",safety,medium,test,Public Safety,0
"Please be informed that the transformer keeps tripping again and again in front of Sector 5-C, Manghopir, and this is only a suggestion for improvement",electricity,low,train,Electricity & Streetlights,0
taar latak rahi hain khambe se. Location: near the vegetable market in Gulberg Town. the whole block has ben suffering and tempers are rising. Many families and children are affected by it every simgle day Kindly resolve it soon.,electricity,high,train,Electricity & Streetlights,1
it is urgent because a school is right beside it the street lights have not been working at near the katchi abadi in gulshan-e-iqbal. please take action !!!!,electricity,high,train,Electricity & Streetlights,0
"Assalam o alaikum, the pole mounted box is open and children can reach the terminals at Phase 2, Gulberg Town, for almost a month. please treat this as urgent, the situation is getting worse daily Please take action.",electricity,high,train,Electricity & Streetlights,0
the sewerage line is choked and dirty water is on the street — near the main mosque in Model Colony it is affecting a few households on our side of the lane,drainage,medium,test,Drainage & Sewerage,0
Respected sir pak par qabza kar liya gaya hai in front of Gali No 7 Lyai & there is no urgency just registering it formally Again park par qabza kar liya gaya hai,other,low,train,General Administration,1
there is no electricity in our block — on maripur road we have been waiting for a response for a while now kindly arrange a visit sometime this week,electricity,medium,test,Electricity & Streetlights,0
the electric pole is leaning dangerously at plot 22 gulistan-e-johar and nobody has come to check since ramzan sewage has mixed into the drinking water line and people are vomiting,electricity,critical,train,Electricity & Streetlights,0
This is to bring to your attention that residents near on Sir Shah Suleman Road near a madrassa are affected becuase the drain is blocked and the water is not going anywhere. more than sixty families depend on this single lane Regards !!!!,drainage,high,test,Drainage & Sewerage,0
"At Gulberg Town Block A, the drain cover is broken and the sludge is exposed for two days now. kindly send someone to look at it in the next few days!!!",drainage,medium,train,Drainage & Sewerage,0
"for for the past six weeks now, the fire exit of the crowded plaza has been welded suht, trapping everyone inside around on shahrah-e-faisal near the school van stop. awaiting your response.",safety,high,test,Public Safety,0
"Assalam o alaikum, the asphalt has peeled off and the base layer is exposed in front of Gali No 7, Orangi Town, and there is no urgency, please handle it in the routine schedule",road,low,train,Roads & Infrastructure,0
the water pipeline joint is spraying clean water ibto the street all da;y this situation at on Tariq Road has continued for almost a month. we would appreciate it if the concerned staff could check it Please do the needful.,water,medium,test,Water Supply,0
"speed breaker toota hua hai. location: house 4-b, clifton near a primary school. please treat this as urgent, the situation is getting worse daily we request immediate attention. bara meherbani ho gi, jaldi masla hal karain!!!",road,high,train,Roads & Infrastructure,1
awara kutte logon ko kaat rhae hin at nazimabad street 14 and nobody has come to check for the last three days. it is causing daily inconvenience to the residents,safety,medium,train,Public Safety,1
Problem area on Nishtar Road Details: the water supply timing was shifted & now nothing reaches our end of the lane since yesterday Awaiting your response,water,medium,test,Water Supply,0
kindly note that our overhead tank never fills eben after four hours of supply near near the commmunity centre in clifton. please arrange for the concerned staff to check it thank you.,water,medium,train,Water Supply,0
"Respected sir, the main water pipe is leaking badly since Ramzan at Sector 11-B, DHA Phase 6. Thamk you. Again, the mqin water pipe is leaking badly.",water,high,train,Water Supply,0
problem area orangi town block 5. details: backflow from the sewerage lien reaches our wzshroom drain every evening for the last three days. regards.,drainage,low,test,Drainage & Sewerage,0
"the street lights have not been working at on M.A. Jinnah Road. This has been the case for several months. there is a government school right next to it and hundreds of chilrden pass daily Again, the street lights have not been worrking.",electricity,high,train,Electricity & Streetlights,0
the drain is blocked and the water is not going anywhere at on Rashid Minhas Road. This has been the case for almost a month. it is on the main road and traffic jams for hours every morning,drainage,high,train,Drainage & Sewerage,0
"an elderly man fell into it and had to be taken to emergency yahan khadde hi khadde hain at House 4-B, Gzdap Town near the school van stop. Shukriya.",road,critical,train,Roads & Infrastructure,1
"thre is a government school right next to it and hundreds of children pass dailly the notice board at the union council has not been updated for months at block 2, kemari. kindly reesolve it soon.",other,high,train,General Administration,0
"the water line has burst and water is being wasted at on Nishtar Road and nobody has come to check since Ramzan. elderly patients live in this lane and cannot step outside. Please treat this as urgent, the situation is getting worse daily",water,high,train,Water Supply,0
awara kutte kachra phaila dete hain at on korangi road.,waste,low,train,Sanitation & Solid Waste,1
"At on Sharae Noor Jehan, pani bilkul nahi aa raha since yesterday. please arrange for the concerned staff to check it. We have been waiting for a response for a while now Again, pani bilkul naih aa raha.",water,medium,train,Water Supply,1
"Reporting from on Rashid Minhas Road near a madrassa: khula manhole hai, koi bhi gir sakta hai. Bara meherbani ho gi, jaldi masla hal karain!!",safety,high,test,Public Safety,1
"this has become a serious health hazard for the whole area The reason is that the collection pint has shifted right outside a residential gate, right at on Korangi Road. Again, the collection point has shifted right ougside a residential gate.",waste,high,test,Sanitation & Solid Waste,0
the water line has burst and water is being wasted at Shah Faisal Colony Gali No 7.,water,low,train,Water Supply,0
the road is uneven and bikes lose balance on it at on khayaban-e-ittehad and nobody has come to check for almost a month. please arrange for the converned staaff to check it,road,medium,train,Roads & Infrastructure,0
"at near the flyover ramp in new karachi, awara kutte kachra phaila dete hain since yesterday. we have complained at the local office twice already with no result",waste,medium,train,Sanitation & Solid Waste,1
"Reporting from Block 13-D, Lyari: the electricity feeder for our lane trips every time an appliance is switched on!!!",electricity,medium,test,Electricity & Streetlights,0
the entire street of about forty houses is affected nali band hai aur pani khara hai at on Nishtar Road. Shukriya.,drainage,high,train,Drainage & Sewerage,1
plz look into it in the coming days the pedestrian crossing has no signal and children cross alone at near the union council office in Nazimabad. We request immediate attention.,safety,medium,train,Public Safety,0
"sweepers have not come to clean this lane. location: street 14, new karachi. there is no urgency, just registering it formally shukriya.",waste,low,train,Sanitation & Solid Waste,0
people are burning the garbage pile and the smoke enters our homes. Location: on Rashid Minhas Road near the children's park. a motorcyclist fell and broke his arm last night Shukriya.,waste,critical,train,Sanitation & Solid Waste,0
"At near the petrol pump in Shah Faisal Colony near a madrassa, the asphalt has peeled off and the base layer is exposed since the last monsoon. a live wire is lying in the standing water",road,critical,train,Roads & Infrastructure,0
the water line has burst and water is being wasted — Lane 3 Nazimabad it is affecting a few households on our side of the lane Again the water line has burst and water is being wasted,water,medium,test,Water Supply,0
sweepers have not come to clean this lane at on Nishtar Road. This has been the case since Ramzan. it is causing daily inconvenience to the residents,waste,medium,train,Sanitation & Solid Waste,0
We the residents of near the bus stop in Clifton report that counter par rasid nahi di jati. we would appreciate it if the concerned staff could check it,other,medium,test,General Administration,1
loudspeakers from a marriage hall run past midnight every weekend at near the mobile market in Gulberg Town near Civil Hospital. This has been the case since the last monsoon. elderly patients live in this lane and cannot step outside,other,high,train,General Administration,0
the booster pump at the hydrant has stopped working. Location: on I.I. Chundrigar Road near a madrassa. many families and children are affected by it every single day Thank you.,water,high,train,Water Supply,0
the valve man is not opening our valve at the scheduled time at near the petrol pump in Gulberg Town.,water,medium,train,Water Supply,0
"To the concerned department, kachra utha nahi hai kai din se at Sector 11-B, Liaquatabad, since yesterday. this is a minor issue, whenever it is convenient We request immediate attention. Again, kachra utha nahi hai kai din se.",waste,low,train,Sanitation & Solid Waste,1
"To the concerned department, a very larbe pothole has formed in the middle of the road neaar Block 2, Gulistan-e-Johar. it is causing inconvenience & should be fixed soon Please take action.",road,medium,train,Roads & Infrastructure,0
road pe khudai kar ke chor di gayi hai at Clifton Gali No 7 Bara meherbani ho gi jaldi masla hal karain,road,critical,train,Roads & Infrastructure,1
the gutter has been overflowing at Malir.,drainage,low,train,Drainage & Sewerage,0
"log kachra jala rahe hain, dhuan ghar me aata hai. Location: Block A, Lyari. it is a small issue but please note it for the record Thank you. Bara meherbani ho gi, jaldi masla hal karain.",waste,low,train,Sanitation & Solid Waste,1
"Assalam o alaikum, rain water from the last spell has still not drained out at near the petrol pump in Gadap Town, since Friday. kindly send someone to look at it in the next few days. It is causing inconvenience and should be fixed soon Thank you.",drainage,medium,train,Drainage & Sewerage,0
"Location on Maripur Road - the road tarmac is cracked into pieces and loose stones are flying up, ongoing since yesterday. it is affecting a few households on our side of the lane Meherbani ho gi.",road,medium,test,Roads & Infrastructure,0
"the storm drain outlet has been sealed by an illegal construction — Gulistan-e-Johar Block 13-D. we have been waiting for a response for a while now Again, the storm drain outlet has been sealed by an illegal construction.",drainage,medium,test,Drainage & Sewerage,0
there is no police patrolling and street criime has increased at on Sir Shah Suleman Road.,safety,low,train,Public Safety,0
"For for over two weeks now, armed anti social elements threaten anyone entering the park after sunset around Block 13-D, Gadap Town. Requesting the department to act.",safety,high,test,Public Safety,0
"THE MANHOLE IS SPILLING SEWAGE CONTINUOUSLY. LOCATION: SADDAR. THERE IS NO URGENCY, JUST REGISTERING IT FORMALLY WE REQUEST IMMEDIATE ATTENTION.",drainage,low,train,Drainage & Sewerage,0
problem area nazimabad block 5. details: kachra utha nahi hai kai din se since the last monsoon. requesting the department to act.,waste,high,test,Sanitation & Solid Waste,1
hum ko roz tanker mangwana par raha hai at on University Road. This has been the case since Ramzan. we have complained at the local office twice already with no result. It is causing daily inconvenience to the residents,water,medium,train,Water Supply,1
kindly note that there are sparks coming from the connection at night near defence view block 2. our family has been facing this for seeral days now. we have been waiting for a respoonse for a while now we request immediate attention.,electricity,medium,train,Electricity & Streetlights,0
At Gulistan-e-Johar near a maternity home the gutter has been overflowing for almost a month the whole block has been suffering and tempers are rising,drainage,high,train,Drainage & Sewerage,0
"broken road with loose gravel everywhere. location: plot 22, gulberg town. the entire st of about forty houses is affected plz take action.",road,high,train,Roads & Infrastructure,0
Kindly note that the road has cvaed in after the rain for more than 20 days at Jamshed Road Lane 3. Shukriya.,road,critical,train,Roads & Infrastructure,0
"khula manhole hai, koi bhi gir sakta hai at Clifton Sector 11-B. This has been the case since Friday. it is causing daily inconvenience to the residents Bara meherbani ho gi, jaldi masla hal karain.",safety,medium,train,Public Safety,1
We the residents of on University Road report that an open manhole in the middle of the walkway is a death trap not an emergency at all just a routine request,safety,low,test,Public Safety,0
"awara kutte logon ko kaat rahe hain at House 4-B, Federal B Area. Bara meherbani ho gi, jaldi masla hal karain!!",safety,medium,train,Public Safety,1
half the lights on this stretch were never replaced after the storm at north nazimabad plot 22 this has been the case since this morning we have been waiting for a respose for a while now please arrange for the concerned staff to check it,electricity,medium,train,Electricity & Streetlights,0
THE POOLE MOUNTED BOX IS OPEN AND CHILDREN CAN REACH THE TERMINALS AT ON MARIPUR ROAD NEAR ZIAUDDIN HOSPITAL AND NOBODY HAS COME TO CHECK SINCE THE LAST MONSOON. THE WHOLE BLOCK HAS BEEN SUFFERING AND TEMPERS ARE RISING. THE ENTRIE STREET OF ABOUT FORTY HOUSES IS AFFECTED,electricity,high,train,Electricity & Streetlights,0
Kindly note that raat ko nashe wale jama hote hain dar lagta hai at on Sir Shah Suleman Road for the past six weeks this has become a serious health hazard for the whole area Kindly resolve it soon,safety,high,train,Public Safety,1
"Janab, the following problem at Phase 2, Orangi Town: a dangerous dilapidated structure is about to fall on people using the footpath. please treat this as urgent, the situation is getting worse daily. Many families and children are affected by it every single day??!",safety,high,test,Public Safety,0
"Complaint: residents near Clifton are affected because the electricity feeder for our lae trips every time an appliance is switched on. more than sixty families depend on this single lane. Please treat this as urgent, the situation is getting worse daily Awaiing your response.",electricity,high,test,Electricity & Streetlights,0
"someone received an electric shock this morning gutter ubal raha hai at Garden East Sector 11-B. Shukriya. Bara meherbani ho gi, jaldi masla hal karain??!",drainage,critical,train,Drainage & Sewerage,1
the street lights have not been working at Buffer Zone. This has been the case for over two weeks. our family has been facing this for several days now,electricity,medium,train,Electricity & Streetlights,0
"At on University Road near Aga Khan Hospital, gutter ubal raha hai for over two weeks. it is on the main road and traffic jams for hours every morning. The entire street of about forty houses is affected",drainage,high,train,Drainage & Sewerage,1
"the sewer line was never connceted to the main trunk at Sector 5-C, Clifton nera a matwrnity home. This has been the case for more than 20 days. please terat this as urgent, the situation is getting worse daily",drainage,high,train,Drainage & Sewerage,0
"kindly note that the footpath tiles are uprooted and pedestrians walk on the road in front of near the community centre in manghopir, and it is causing inconvenience and should be fixed soon??!",road,medium,train,Roads & Infrastructure,0
"To the concerned department, yahan khadde hi khadde hain near on I.I. Chundrigar Road. we have been waiting for a ressponse for a while now Thank you.",road,medium,train,Roads & Infrastructure,1
nalah kachre se bhar gaya hai. Location: North Nazimabad Lane 3. there is a government school right next to it and hundreds of children pass daily We request immediate attention.,drainage,high,train,Drainage & Sewerage,1
awara kutte kachra phaila dete hain at near the community centre in Orangi Town.,waste,high,train,Sanitation & Solid Waste,1
the road is uneven and bikes lose baance on it. Location: Korangi. the entire street of about forty houses is affected Thank you.,road,high,train,Roads & Infrastructure,0
I want to report that an illegal gas cylinder refillng shop could explode any day in the crodwed market at Liaquatabad Block A for the pzst six weekss just a routine request nothing urgent at all Kiindly resolve it soon,safety,low,train,Public Safety,0
"Janab, residents near Street 14, Landhi are affected because the electric pole is leaning dangerously. kindly send someone to look at it in the next few days Please do the needful.",electricity,medium,test,Electricity & Streetlights,0
"Location Liaquatabad Sector 5-C - there has been no wayer supply in our line, ongoing for moore than 20 days. a woman in labour could not be taken out of the lane in time Awaiting your response!!!",water,critical,test,Water Supply,0
"Respected sir, we are forced to buy a private tanker every second day near near the union council office in North Nazimabad. part of the structure has already collapsed. It is extremely urgent, plz treat it as an emergency plz take action.",water,critical,train,Water Supply,0
"At near the union council office in DHA Phase 6, the newly laid patch has already sunk in the middle since this morning. our family has been facing this for several days now",road,medium,train,Roads & Infrastructure,0
"a trench dug by the gas company was never filled back at on Sir Shah Suleman Road. This has been the case since Friday. just a routine request, nothing urgent at all",road,low,train,Roads & Infrastructure,0
"At Malir, gali me kooray ka bara dher lag gaya hai for the past six weeks. many families and children are affected by it every single day",waste,high,train,Sanitation & Solid Waste,1
"kachra utha nahi hai kai din se. Location: Block 5, Saddar. it is causing inconvenience and should be fixed soon We request immediate attention.",waste,medium,train,Sanitation & Solid Waste,1
"wires are hanging loose frmo the pope at Block 13-D, SITE Area.",electricity,low,train,Electricity & Streetlights,0
"THERE IS NO URGENCY, JUST REGISTERING IT FORMALLY OUR OVERHEAD TANK NEVER FILLS EVEN AFTER FOUR HOURS OF SUPPLY AT PECHS BLOCK 13-D. WE REQUEST IMMEDIATE ATTENTION.",water,low,train,Water Supply,0
"Respected sir, drug users gather here after dark and residents feel unsafe in front of Plot 22, Federal B Area near a madrassa, and many families and children are affected by it every single day. There is a government school right next to it and hundreds of children pass daily",safety,high,train,Public Safety,0
"Reporting an issue - residents near near the vegetable market in SITE Area are affected because the sewerage line is choked and dirty water is on the street. please treat this as urgent, the situation is getting worse daily Requesting the department to atc.",drainage,high,test,Drainage & Sewerage,0
"Reporting an issue - the fillowing problme at near the flyover ramp in Bufer Zone near the children's park: mor par roz chiani snatching hoit hai. many families and children are affected by it every single day Bara meherbani ho gi, jaldi masla hal karai.n Again, mor par roz chaini snatching hoti hai.",safety,high,test,Public Safety,1
"At Phase 2, Lyari, the nallah beside the colony is choked with solid waste since the last monsoon. a large number of residents are suffering because of it??!",drainage,high,train,Drainage & Sewerage,0
"I want to report that the drain cover is broken and the sludge is exposed in front of near the katchi abadi in Malir near a primary school, and a live wire is lying in the standing water. There is a serious risk of a fatal accident here",drainage,critical,train,Drainage & Sewerage,0
We the residents of Defence View near the school van stop report that the water line has burst and water is being wasted. many families and children are affected by it every single day,water,high,test,Water Supply,0
"Kindly note that the water line has burst and water is being wasted near Block A, Bahadurabad. please look into it in the coming days We request immediate attention.",water,medium,train,Water Supply,0
"assalam o alaikum, the sewer line was never connected to the main trunk in front of sector 5-c, gulistan-e-johar near a primary school, and elderly patients live in this lane and cannot step outside",drainage,high,train,Drainage & Sewerage,0
THE POLE MOUNTED BOX IS OPEN AND CHILDREN CAN REACH THE TERMINALS. LOCATION: GULSHAN-E-IQBAL NEAR THE CHILDREN'S PARK. ELDERLY PATIENTS LIVE IN THIS LANE AND CANNOT STEP OUTSIDE. IT IS ON THE MAIN ROAD AND TRAFFIC JAMS FOR HOURS EVERY MORNING PLEASE TAKE ACTION.,electricity,high,train,Electricity & Streetlights,0
"I WANT TO REPORT THAT POLICE GASHT BILKUL NAHI HOTI NEAR ON SIR SHAH SULEMAN ROAD. IT IS URGENT BECAUSE A SCHOOL IS RIGHT BESIDE IT WE REQUEST IMMEDIATE ATTENTION. BARA MEHERBANI HO GI, JALDI MASLA HAL KARAIN.",safety,high,train,Public Safety,1
"Location near the main mosque in Orangi Town - chamber se kala pani upar aa raha hai, ongoing for over two weeks. it is causing inconvenience and should be fixed soon. Kindly send someone to look at it in the next few days Meherbani ho gi.",drainage,medium,test,Drainage & Sewerage,1
"At near the community centre in Orangi Town, the transformer kewps tripping again and again for the last three days. low priority, only mentioning it so it is on record",electricity,low,train,Electricity & Streetlights,0
"a shopkeeper has extended his shop over the whole footpath; this situation at Phase 2, Buffer Zone has continued since yesterday. this is a minor issue, whenever it is convenient Awaiting your response. Again, a shopkeeper has extended his shop over the whole footpath.",other,low,test,General Administration,0
"patch dala tha wo dobara ukhar gaya — gali no 7, kemari near a madrassa. there is an immediate danger to human life here baea meherbani ho gi, jaldi masla hal karain. again, patch dala tha wo dobara ukhar gaya.",road,critical,test,Roads & Infrastructure,1
"To the concerned department, paani ka pressure bohot kam hai near Plot 22, Federal B Area. this is an emergency and needs immediate attention Shukriya. Bara meherbani ho gi, jaldi masla hal karain. Again, paani ka pressure bohot kam hai.",water,critical,train,Water Supply,1
"Respected sir, yahan khadde hi khadde hain at Block 5, Kemari, since yesterday. this is only a suggestion for improvement Kindly resolve it soon.",road,low,train,Roads & Infrastructure,1
"For since Ramzan now, the garbage container is overflowing onto the road around Block 13-D, Malir. Meherbani ho gi.",waste,high,test,Sanitation & Solid Waste,0
"respected sir, the road has caved in after the rain in front of manghopir, and please look into it in the coming days",road,medium,train,Roads & Infrastructure,0
"there are sparks coming form the connection at night at Block 5, New Karachi and nobody has come to check since yesterday. we have complained at the local office twice already with no result",electricity,medium,train,Electricity & Streetlights,0
"Assalam o alaikum, the footpath tiles are uprooted and pedestrians walk on the road since this morning at Plot 22, Surjani Town. Thank you??!",road,low,train,Roads & Infrastructure,0
"Respected sir, half the lights on this stretch were never replaced after the storm at near the vegetable market in Korangi, since yesterday. it is causing inconvenience and should be fixed soon We request immediate attention.",electricity,medium,train,Electricity & Streetlights,0
"respected sir, police gasht bilkul nahi hoti near on stadium road. elderly patients live in this lane and cannot step outside. the whole block has been suffering and tempers are rising we request immediate attention.",safety,high,train,Public Safety,1
the road surface has completely broken up — near the main mosque in Gulberg Town. it is affecting a few households on our side of the lane,road,medium,test,Roads & Infrastructure,0
sewage water has entered our lane at malir.,drainage,medium,train,Drainage & Sewerage,0
"I want to report that the gutter has been overflowing for several months at Nazimabad Block A. Thank you. Again, the gutter has been overflowing??!",drainage,medium,train,Drainage & Sewerage,0
"plz be infomed that road pe khudaai kar ke chor di gayi hai at on Sharae Noor Jehan near a prrimary school, since the last monsoon. plz treat this as urgent, the situation is getting worse daily Tjank you. Bsra meherbani ho gi, jaldi masla hal karain.",road,high,train,Roads & Infrastructure,1
"the fire exit of the crowded plaza has ben welded shut, trapping everyone inside; this situation at on Khayaban-e-Ittehad has continued for the past six weeks. a hospital entrance is barely fifty metres from here. More than sixty families depend on this single lane Please do the needful. Again, the fire exit of the crowded plaza has been welded shit, trapping everyone inside.",safety,high,test,Public Safety,0
gali me kooray ka bara dher lag gaya hai at near the bus stop in Surjani Town.,waste,medium,train,Sanitation & Solid Waste,1
"taar latak rahi hain khambe se. Location: Sector 5-C, Shah Faisal Colony. there is no urgency, just registering it formally. There is no urgency, please handle it in the routine schedule We request immediate attention. Bara meherbani ho gi, jaldi masla hal karain.",electricity,low,train,Electricity & Streetlights,1
"people are burning the garbage pile and the smoke enters our homes at Lane 3, New Karachi and nobody has come to check for over two weeks. someone received an electric shock this morning",waste,critical,train,Sanitation & Solid Waste,0
"ASSALAM O ALAIKUM, THE WATER THAT COMES IS MUDDY AND SMELLS OF CEHMICALS FOR THE LAST THREE DAAYS AT BALDIA TOWN BLOCK 13-D. KINDLY RESOLVE IT SOON.",water,medium,train,Water Supply,0
"ASSALAM O ALAIKUM, A HUGE HEAP OF TRASH IS LYING AT THE CORNER NEAR NEAR THE KATCHI ABADI IN SADDAR. IT IS CAUSING INCONVENIENCE AND SHOULD BE FIXED SOON THANK YOU.",waste,medium,train,Sanitation & Solid Waste,0
"Please be informed that the meter reading is being estimated and the bill is impossible near near a bank branch in Liaquatabad. just a routine requets, nothing urgent at all We request immediate attention.",electricity,low,train,Electricity & Streetlights,0
the sewerage line is choked & dirty water is on the street at near the flyover ramp in Malir near a government girls school & nobody has come to check for over two weeks. dengue & gastro cases have started appearing in the area,drainage,high,train,Drainage & Sewerage,0
"kachra utha nahi hai kai din se. Location: on Abul Hasan Isphahani Road near the school van stop. it is on the main road & traffic jams for hours every morning Please take action. Again, kachra utha nahi hai kai din se.",waste,high,train,Sanitation & Solid Waste,1
"kachra kundi bhar gayi hai aur sarak par gir raha hai at block 5, orangi town. bara meherbani ho gi, jaldi masla hal karain !!!!",waste,low,train,Sanitation & Solid Waste,1
"hospital waste has been mixed with the household garbage at on Abul Hasan Isphahani Road and nobody has come to check for two days now. there is no urgency, please handle it in the routine schedule Again, hospital waste has been mixed with the household garbage.",waste,low,train,Sanitation & Solid Waste,0
there is rotting waste and an unbearable smell. Location: on Sharae Noor Jehan. a large number of residents are suffering because of it. Dengue and gastro cases have started appearing in the area Shukriya.,waste,high,train,Sanitation & Solid Waste,0
"At Plot 22, Gulberg Town, paani ka pressure bohot kam hai since Friday. it is causing daily inconvenience to the residents. Please look into it in the coming days??!",water,medium,train,Water Supply,1
a pack of stray dogs is attacking people at near the union council office in Defence View and nobody has come to check since this morning. kindly send someone to look at it in the next few days. It is causing daily inconvenience to the residents,safety,medium,train,Public Safety,0
"Kindly note that sarak par bara gaddha ban gaya hai in front of on Nishtar Road near a government girls school, and please treat this as urgent, the situation is getting worse daily Bara meherbani ho gi, jaldi masla hal karain.",road,high,train,Roads & Infrastructure,1
I want to report that the water line has burst and water is being wasted near near the petrol pump in Landhi elderly patients live in this lane and cannot step outside The entire street of about forty houses is affected We request immediate attention,water,high,train,Water Supply,0
jo pani aata hai wo gandha aur badbudar hai at on I.I. Chundrigar Road and nobody has come to check since Friday. we have complained at the local office twice already with no result,water,medium,train,Water Supply,1
"At Block A, Buffer Zone, hum ko roz taanker mangwana par raha hai for two days now. our family has been facing this for several days now Bara meherbani ho gi, jaldi msala hal karain.",water,medium,train,Water Supply,1
"the transformer keeps tripping again and again at Gulberg Town Street 14 and nobody has come to check for the last three days. kindly send someone to look at it in the next few days. It is causing daily inconvenience to the residents Again, the transformer keeps tripping again and again.",electricity,medium,train,Electricity & Streetlights,0
"to the concerned department, the drain is blocked and the water is not going anywhere in front of near the maain mosque in dha phase 6, and there is no urgency, just registering it formally??!",drainage,low,train,Drainage & Sewerage,0
"Please be informed that the water line has burst and waetr is being wasted at on University Road, for the past six weeks. many families and chlidren are affected by it every single day Kindly resolve it soon.",water,high,train,Water Supply,0
the rooad has caved in after the rain at on Sir Shh Suleman Road.,road,medium,train,Roads & Infrastructure,0
pani ki line leak ho rahi hai at Gulistan-e-Johar Phase 2 Bara meherbani ho gi jaldi masla hal krain,water,critical,train,Water Supply,1
"the community hall booking process is completely opaque at Street 14, Buffer Zone.",other,critical,train,General Administration,0
a motorcyclist fell & broke his arm last night. An elderly man fell into it & had to be taken to emergency manhole ka dhakkan totoa hua hai at on Shahrah-e-Faisal. Kindly resolve it soon.,drainage,critical,train,Drainage & Sewerage,1
"RESPECTED SIR, GALI ME KOORAY KA BARA DHER LAG GAYA HAI IN FRONT OF GADAP TOWN SECTOR 11-B, AND PLZ LOOK INTO IT IN THE COMING DAYS",waste,medium,train,Sanitation & Solid Waste,1
"I want to report that drug users gather here after dark and residents feel unsafe at near the flyover ramp in Lyari, since Friday. it is causing daily inconvenience to the residents Thank you. Again, drug users gather here after dark and residents feel unsafe.",safety,medium,train,Public Safety,0
"ths has been troubling the residents of our building. It is causing inconvenience & should be fixed soon The reason is that there has been no water supply in our line, right at Defence View.",water,medium,test,Water Supply,0
STRAY DOGS AND CATS TEAR OPEN THE BAGS AND SCATTER THE WASTE AT DHA PHASE 6 GALI NO 7 AND NOBODY HAS COME TO CHECK SINCE THIS MORNING. KINDLY SEND SOMEONE TO LOOK AT IT IN THE NEXT FEW DAYS. WE HAVE BEEN WAITING FOR A RESPONSE FOR A WHILE NOW,waste,medium,train,Sanitation & Solid Waste,0
there r deep potholes all along this stretch at near the vegetable market in DHA Phase 6 near a maternity home. This has been the case since Ramzan. there is a government school right next to it & hundreds of children pass daily,road,high,train,Roads & Infrastructure,0
"assalam o alaikum, people are burning the garbage pile and the smoke enters our homes in front of jamshed road near the school van stop, and it is extremely urgent, please treat it as an emergency",waste,critical,train,Sanitation & Solid Waste,0
"Location near the bus stop in Malir near the school van stop - an overhead electricity line is now resting on our boundary wall, ongoing since Friday. this has become a serious health hazard for the whole area Awaiting your response.",electricity,high,test,Electricity & Streetlights,0
"road bilkul toot gayi hai. Location: SITE Area Phase 2. it is on the main road and traffic jams for hours every morning. Dengue and gastro cases have started appearing in the area Kindly resolve it soon. Bara meherbani ho gi, jaldi masla hal karain.",road,high,train,Roads & Infrastructure,1
there are deep potholes all along this stretch; this situation at defence view has continued since ramzan current is passing through the water where children walk regards,road,critical,test,Roads & Infrastructure,0
banners & hoardings r blocking the view at the intersection at Shah Faisal Colony.,other,high,train,General Administration,0
"yahan khadde hi khadde hain at Phase 2, Orangi Town!!",road,medium,train,Roads & Infrastructure,1
rain water from the last spell has still not drained out Location: Block 5 Kemari kindly look into it whenever a team is free We request immediate attention Again rain water from the last spell has still not drained out,drainage,low,train,Drainage & Sewerage,0
a large number of residents are suffering beecause of it The entire strewt of about fotry houses is affected the government dispensary opens only twice a week without notice at near the main mosque in Liaquatabad Shukriya,other,high,train,General Administration,0
"Dear municipal team, residents near near the main mosque in Lyari are affected because gutter ubal raha hai. two schools and a clinic are on the same stretch. This has become a serious health hazard for the whole area Please do the needful. Bara meherbani ho gi, jaldi masla hal karain. Again, gutter ubal raha hai.",drainage,high,test,Drainage & Sewerage,1
Problem area near the mobile market in Gadap Town. Details: flies and mosquitoes have multiplied because of the uncollected refuse since Friday. Awaiting your response.,waste,low,test,Sanitation & Solid Waste,0
"At Plot 22, Gadap Town, stray cattle are tied up on public land and nobody removes them for more than 20 days. there is no urgency, just registering it formally Again, stray cattle are tied up on public land and nobody removes them??!",other,low,train,General Administration,0
there is no police patrolling and stret crime has increased at on M.A. Jinnah Road.,safety,low,train,Public Safety,0
the road has caved in after the rain at DHA Phase 6 Lane 3 near a maternity home This has been the case for more than 20 days this has become a serious health hazard for the whole area,road,high,train,Roads & Infrastructure,0
For since the last monsoon now malba khali plot par daal diya gaya hai around on Sharae Noor Jehan nezr a primary school Meherbani ho gi Again malba khali plot par daal diya gaya haii,waste,high,test,Sanitation & Solid Waste,1
"the garbage container is overflowing onto the road. Location: Saddar Sector 11-B. low priority, only mentioning it so it is on record Please take action.",waste,low,train,Sanitation & Solid Waste,0
Kindly noge that the asphalt has peeled off and the base layyer is exposed for the last three days at near the mobile market in Gulberg Town. Kindly resolve it soon.,road,high,train,Roads & Infrastructure,0
To the concerned department the speed breaker is broken and has sharp edges in front of Malir Phase 2 and it is causing inconvenience and should be fixed soon We have been waiting for a response for a while now,road,medium,train,Roads & Infrastructure,0
"I want to report that there is no police patrolling and street crime has increased since this morning at Block 2, Orangi Town. Kindly resolve it soon.",safety,low,train,Public Safety,0
"log kachra jala rahe hain, dhuan ghar me aata hai. Location: Jamshed Road Gali No 7 near the school van stop. dengue and gastro cases have started appearing in the area. The whole block has been suffering and tempers are rising We request immediate attention. Bara meherbani ho gi, jaldi masla hal karain.",waste,high,train,Sanitation & Solid Waste,1
"i want to report that sweepers have not come to clean this lane in front of near a bank branch in buffer zone, and kindly send someone to look at it in the next few days",waste,medium,train,Sanitation & Solid Waste,0
"At Plot 22, Garden East, sarak par bara gaddha ban gaya hai for several months. elderly patients live in this lane and cannot step outside Bara meherbani ho gi, jaldi masla hal karain.",road,high,train,Roads & Infrastructure,1
"RESPECTED SIR, WASTE WATER HAS STARTED SEEPING INTO THE GROUND FLOOR ROOMS SINCE FRIDAY AT PLOT 22, LIAQUATABAD. SHUKRIYA. AGAIN, WASTE WATER HAS STARTED SEEPING INTO THE GROUND FLOOR ROOMS.",drainage,medium,train,Drainage & Sewerage,0
"it is urgent because a school is right beside it the reason is that black sewage is bubbling up from the drain inspection chamber, right at near the flyover ramp in new karachi near a maternity home.",drainage,high,test,Drainage & Sewerage,0
the booster pump at the hydrant has stopped working at Lane 3 PECHS and nobody has come to check for more than 20 days please arrange for the concerned staff to check it We have complained at the local office twice already with no result??!,water,medium,train,Water Supply,0
"Please be informed that sewerage ka pani gali me phail gaya hai at Gulberg Town Block 13-D, for several months. the whole block has been suffering and tempers are rising Kindly resolve it soon !!!!",drainage,high,train,Drainage & Sewerage,1
"For for the past six weeks now, shopkeepers throw their leftovers directly onto the pavement here around Block 2, Baldia Town near the children's park. Please do the needful??!",waste,high,test,Sanitation & Solid Waste,0
"To the concerned department, half the lights on this stretch were never replaced after the storm for almost a month at Gali No 7, Buffer Zone near a government girls school. Shukriya.",electricity,critical,train,Electricity & Streetlights,0
"speed breaker toota hua hai at House 4-B, Gulshan-e-Iqbal. Bara meherbani ho gi, jaldi masla hal karain. Again, speed breaker toota hua hai.",road,low,train,Roads & Infrastructure,1
"Kindly note that gutter ubal raha hai in front of Lane 3, Surjani Town near Aga Khan Hospital, and the entire street of about forty houses is affected",drainage,high,train,Drainage & Sewerage,1
construction malba has been dumped on the empty plot at Gadap Town Gali No 7 and nobody has come to check for two days now we have complained at the local office twice already with no result Again construction malba has been dumped on the empty plot,waste,medium,train,Sanitation & Solid Waste,0
"Respected sir, the newly laid patch has already sunk in the middle near Phase 2, Nazimabad near a madrassa. elderly patients live in this lane and cannot step oytside We request immediate attention.",road,high,train,Roads & Infrastructure,0
wires are hanging loose from the pole at Gulistan-e-Johar Block A!!!,electricity,critical,train,Electricity & Streetlights,0
janab the following problem at on i i chundrigar road: sewerage ka pani gali me phail gaya hai we have been waiting for a response for a while now,drainage,medium,test,Drainage & Sewerage,1
a large number of residents are suffering because of it yahan khadde hi khadde hain at near the mobile market in Model Colony Shukriya Bara meherbani ho gi jaldi masla hal karain !!!!,road,high,train,Roads & Infrastructure,1
A CHILD WAS INJURED HERE YESTERDAY AND WE FEAR A WORSE ACCIDENT THE FOOTPATH TILES ARE UPROOTED AND PEDESTRIANS WALK ON THE ROAD AT DEFENCE VIEW HOUSE 4-B NEAR A PRIMMARY SCHOOL. WE REQUEST IMMEDIATE ATTENTION.,road,critical,train,Roads & Infrastructure,0
there is a serious risk of a fatal accident here an open manhole in the middle of the walkway is a death trap at Gulshan-e-Iqbal Lane 3. Thank you.,safety,critical,train,Public Safety,0
"Reporting from on Maripur Road near the children's park: garbage has not been collected from our street. Again, garbage has not been collected from our street.",waste,high,test,Sanitation & Solid Waste,0
PLEASE BE INFORMED THAT SAFAI BILKUL NAHI HOTI YAHAN SINCE YESTERDAY AT JAMSHED ROAD PHASE 2. WE REQUEST IMMEDIATE ATTENTION.,waste,medium,train,Sanitation & Solid Waste,1
"just a routine request, nothing urgent at all. This is a minor issue, whenever it is convenient the transformer keeps tripping again and again at Block 2, Buffer Zone. Thank you??!",electricity,low,train,Electricity & Streetlights,0
"Location Phase 2, SITE Area - water is coming with very low pressure, ongoing since yesterday. please arrange for the concerned staff to check it. Kindly send someone to look at it in the next few days Awaiting your response.",water,medium,test,Water Supply,0
"a huge heap of trash is lying at the corner; this situation at Plot 22, Surjani Town has continued for two days now. we would appreciate it if the concerned staff could check it Awaiting your response. Again, a huge heap of trash is lying at the corner.",waste,medium,test,Sanitation & Solid Waste,0
"it is causing inconvenience and should be fixde soon there is no police paatrolling and street crime has increased at Phase 2, Nazimabad. Please take action.",safety,medium,train,Public Safety,0
the kachra kundi was removed and now everyone dumps in the open at Phase 2 Model Colony and nobody has come to check for two days now our family has been facing this for several days now It is causing daily inconvenience to the residents,waste,medium,train,Sanitation & Solid Waste,0
yahan khadde hi khadde hain at on Korangi Road.,road,high,train,Roads & Infrastructure,1
"at near a bank branch in orangi town, construction malba has been dumped on the empty plot since yesterday. it is causing daily inconvenience to the residents. it is causing inconvenience and should be fixed soon",waste,medium,train,Sanitation & Solid Waste,0
"kindly note that valve wala time par valve nahi kholta at st 14, liaquatabad, since this morning. plz arrange for the concerned staff to check it we request immediate attention. bara meherbani ho gi, jaldi masla hal karain.",water,medium,train,Water Supply,1
KINDLY NOTE THAT HALF THE LIGHTS ON THIS STRETCH WERE NEVER REPLACED AFTER THE STORM NEAR ON MARIPUR ROAD. WE HAVE BEEN WAITING FOR A RESPONSE FOR A WHILE NOW. IT IS CAUSING DAILY INCONVENIENCE TO THE RESIDENTS THANK YOU.,electricity,medium,train,Electricity & Streetlights,0
safai wale hamari gali chor kar chale jate hain; this situation at near the vegetable market in DHA Phase 6 has continued for the last three days. this has been troubling the residents of our building Meherbani ho gi.,waste,medium,test,Sanitation & Solid Waste,1
"At on Rashid Minhas Road, broken road with loose gravel everywhere since Friday. we have been waiting for a response for a while now. We have complained at the local office twice already with no result",road,medium,train,Roads & Infrastructure,0
Reporting from near the community centre in SITE Area: backflow from the sewerage line reaches our washroom drain every evening.,drainage,low,test,Drainage & Sewerage,0
garbage has not been collected from our street at near the union council office in Lyari. This has been the case since yesterday. kindly send someone to look at it in the next few days. Please arrange for the concerned staff to check it,waste,medium,train,Sanitation & Solid Waste,0
"At Block A, Manghopir, nali band hai aur pani khara hai for the last three days. many families and children are affected by it every single day Again, nali band hai aur pani khara hai.",drainage,high,train,Drainage & Sewerage,1
"Respectdd sir, waste water has started seeping into the ground floor rooms in front of Gali No 7, Nazimabad, and part of the structure has already collapsed",drainage,critical,train,Drainage & Sewerage,0
"Janba, the following problem at Block A, PECHS: backflow from the sewerage line reaches our washroom drain every evening. this is a minor issue, whenever it is convenient. Please add it to the regular maintenance list",drainage,low,test,Drainage & Sewerage,0
the speed breaker is broken and has sharp eges at New Karachi Street 14 and nobody has come to check for two days now. it is a small issue but please note it for the record,road,low,train,Roads & Infrastructure,0
we the residents of on tariq road report that wires are hanging loose from the pole. an accident happened at this exaact spot a few hours ago !!!!,electricity,critical,test,Electricity & Streetlights,0
"at near the main mosque in shah faisal colony, the road surface has completely broken up since this morning. it is a small issue but please note it for the record",road,low,train,Roads & Infrastructure,0
"At near the community centre in PECHS, the road surface has completely broken up for the last three days. we have been waiting for a response for a while now. We have complained at the local office twice already with no result",road,medium,train,Roads & Infrastructure,0
"bijli nahi aa rahi hamare block me at near the community centre in Nazimabad. This has been the case for more thaan 20 days. therre is no urgency, plese handle it in the routine schedule",electricity,low,train,Electricity & Streetlights,1
"assalam o alaikum, hospital waste has been mixed with the household garbage since ramzan at plot 22, garden east. thank you.",waste,high,train,Sanitation & Solid Waste,0
"kindly note that bijli ka khamba tirha ho gaya hai at orangi town gali no 7, for several months. a large number of residents are suffering because of it. the entire street of about forty houses is affected shukriya!!!",electricity,high,train,Electricity & Streetlights,1
"At near the bus stpo in Landhi, khula manhole hai, koi bhi gir saktta hai for the last three days. it is causing daily inconvenience to the residents Bara meherbani ho gi, jaldi masla hal karain.",safety,medium,train,Public Safety,1
Problem area Jamshed Road. Details: the kerb stones have collapsed onto the road driving lane since this morning. Awaiting your response.,road,medium,test,Roads & Infrastructure,0
"At near the community centre in Bahadurabad, the newly laid patch has already sunk in the middle for more than 20 days. many families and children are affected by it every single day??!",road,high,train,Roads & Infrastructure,0
"At near the mobile market in Kemari, manhole ka dhakkan toota hua hai since Friday. it is causing inconvenience and should be fixed soon",drainage,medium,train,Drainage & Sewerage,1
"clean drinking water has not reached our houses — Block 5, Gulshan-e-Iqbal. we would appreciate it if the concerned staff could check it",water,medium,test,Water Supply,0
"it is affecting a few households on our side of the lane. It is causing inconvenience and should be fixed soon The reason is that the road surface has completely broken up, right at Block 5, SITE Area.",road,medium,test,Roads & Infrastructure,0
"to the concerned department, there is no electricity in our block at gulshan-e-iqbal, since yesterday. there is no urgency, just registering it formally shukriya. again, there is no electricity in our block??!",electricity,low,train,Electricity & Streetlights,0
Problem area Orangi Town Street 14. Details: the garbage container is overflowing onto the road since Friday. Requesting the department to act.,waste,medium,test,Sanitation & Solid Waste,0
"to the concerned department, the street lights have not been working near site area. this is only a suggestion for improvement please take action.",electricity,low,train,Electricity & Streetlights,0
"safai bilkul nahi hoti yahan; this situation at near a bank branch in Shah Faisal Colony has continued since this morning. just a routine request, nothing urgent at all Awaiting your response.",waste,low,test,Sanitation & Solid Waste,1
Please be informed that rash driving by mini buses has caused several near misses for several months at PECHS. We request immediate attention.,safety,high,train,Public Safety,0
"Please be informed that speed breaker toota hua hai at near the petrol pump in Lyari, since yesterday. kindly send someone to look at it in the next few days. Please arrange for the concerned staff to check it We request immediate attention.",road,medium,train,Roads & Infrastructure,1
the electricity feeder for our lane trips every time an appliance is switched on — Kemari. many families and children are affected by it every single day,electricity,high,test,Electricity & Streetlights,0
"Assalam o alaikum, the water that comes is muddy and smells of chemicals for two days now at on Abul Hasan Isphahani Road. Thank you.",water,medium,train,Water Supply,0
"at near the mobile market in lyari, sewerage ka pani gali me phail gaya hai for two days now. it is causing daily inconvenience to the residents. please look itno it in the coming days",drainage,medium,train,Drainage & Sewerage,1
the boundary wall of the plot is about to collapse on passers-by at on tariq road and nobody has cone to chheck for two days now. kindly send someone to look at it in the next few days,safety,medium,train,Public Safety,0
"Assalam o alaikum, the valve man is not opening our valve at the scheduled time in front of Lane 3, Gulistan-e-Johar, and dengue and gastro cases have started appearing in the area. Elderly patients live in this lane and cannot step outside",water,high,train,Water Supply,0
I want to report that awara kutte kachra phaila dete hain since yesterday at Bahadurabad Block 5. We request immediate attention.,waste,medium,train,Sanitation & Solid Waste,1
shopkeepers throw their leftovers directly onto the pavement here — near the bus stop in Gulshan-e-Iqbal. please add it to the regular maintenance list,waste,low,test,Sanitation & Solid Waste,0
"Assalam o alaikum, barish ka pani abhi tak nahi nikla for almost a month at neear the bus stop in Model Colony. We request immediate attention. Bara meherbani ho gi, jaldi masla hal karain.",drainage,high,train,Drainage & Sewerage,1
"Please be informed that the manhole is spilling sewage continuously for several months at Street 14, Gadap Town near Civil Hospital. Thank you.",drainage,high,train,Drainage & Sewerage,0
"At Surjani Town Sector 5-C, the manhole is spilling sewage continuously for several months. elderly patients live in this lane and cannot step outside",drainage,high,train,Drainage & Sewerage,0
"Location Gali No 7, DHA Phase 6 - road bilkul toot gayi hai, ongoing since Ramzan. this has been troubling the residents of our building Requesting the depaartment to act. Bara meherbani ho gi, jaldi masla hal karain!!!",road,medium,test,Roads & Infrastructure,1
"At Saddar Block 5, the water line has burst and water is being wasted for the last three days. we have complained at the local office twice already with no result",water,medium,train,Water Supply,0
"I want to report that the speed breaker is broken and has sharp edges near Secttor 5-C, Gulistan-e-Johar. please arrange for the concerend staff to check it We request immediate attention.",road,medium,train,Roads & Infrastructure,0
"this is a minor issue, whenever it is convenient road pe khudai kar ke chor di gayi hai at Phase 2, Federal B Area. Please take action. Bara meherbani ho gi, jaldi masla hal karain.",road,low,train,Roads & Infrastructure,1
"nalah kachre se bhar gaya hai at DHA Phase 6. Again, nalah kachre se bhar gaya hai.",drainage,medium,train,Drainage & Sewerage,1
"Assalam o alaikum, unannounced load shedding is running for eight hours a day at Block A, Surjani Town, for over two weeks. please arrange for the concerned staff to check it Thank you.",electricity,medium,train,Electricity & Streetlights,0
"the transformer keeps tripping again and again. Location: House 4-B, Shah Faisal Colony. a motorcyclist fell and broke his arm last night Thank you.",electricity,critical,train,Electricity & Streetlights,0
Please be informed that an illegl gas cylinder refilling shop could explode any day in the crowded market near Bahadurabad Lane 3. a large number of residents are suffering because of it. Dengue and gastro cases have sttarted appearing in the area Thank youu.,safety,high,train,Public Safety,0
a trench dug by the gas company was never filled back Location: Block 13-D Surjani Town an elderly man fell into it and had to be taken to emergency We request immediate attention,road,critical,train,Roads & Infrastructure,0
the booster pump at the hydrant has stopped working at near the bus stop in Gulberg Town and nobody has come to check for the past six weeks. the whole block has been suffering and tempers are rising,water,high,train,Water Supply,0
"For for two days now now, whatever comes out of the tap is yellow and undrinkable around Gali No 7, Liaquatabad. Regards.",water,medium,test,Water Supply,0
garbage has not been collected from our street. Location: near a bank branch in Korangi. elderly patients live in this lane and cannot step outside Kindly resolve it soon.,waste,high,train,Sanitation & Solid Waste,0
"there is a government school right next to it and hundreds of children pas daily the nallah beside the colony is choked with solid waste at House 4-B, New Karachi. Please take action.",drainage,high,train,Drainage & Sewerage,0
it is causing inconvenence and should be fixed soon the road has caved in after the rain at Gadap Town Block 2. We request immediate attentio.,road,medium,train,Roads & Infrastructure,0
"Respected sir, bijli ka khamba tirha ho gaya hai near Sector 5-C, Manghopir. please arrane for the concerned saff to check it Kindly resolve it soon.",electricity,medium,train,Electricity & Streetlights,1
i want to report that the electric pole is leaning dangerously for several months at dha phase 6 sector 5-c near the children's park. please take action.,electricity,high,train,Electricity & Streetlights,0
"Respected sir, people are burning the garbage pile and the smoke enters our homes near Gadap Town. low priority, only mentioning it so it is on record Kindly resolve it soon.",waste,low,train,Sanitation & Solid Waste,0
"TO THE CONCERNED DEPARTMENT, OUR OVERHEAD TANK NEVER FILLS EVEN AFTER FOUR HOURS OF SUPPLY AT ON KHAYABAN-E-ITTEHAD, SINCE FRIDAY. KINDLY LOOK INTO IT WHENEVER A TEAM IS FREE. THIS IS A MINOR ISSUE, WHENEVER IT IS CONVENIENT KINDLY RESOLVE IT SOON.",water,low,train,Water Supply,0
"the pedestrian crossing has no signal and children cross alone. Location: Lyari. it is extremely urgent, please treat it as an emergency Kindly resolve it soon. Again, the pedestrian crossing has no signal and children cross alone.",safety,critical,train,Public Safety,0
the water line has burst and waer is being wawted. Location: Nazimabad Block 2. it is causing daily inconvenience to the residents Please tae action.,water,medium,train,Water Supply,0
"the newly laid patch has already sunk in the middle at block 5, model colony.",road,low,train,Roads & Infrastructure,0
Problem area near the mobile market in Garden East near Civil Hospital. Details: safai wale hamari gali chor kar chale jate hain since Ramzan. Awaiting your response.,waste,high,test,Sanitation & Solid Waste,1
"THIS HAS BECOME A SERIOUS HEALTH HAZARD FOR THE WHOLE AREA THE REASON IS THAT MALBA KHAIL PLOT PAR DAAL DIYA GAYA HAI, RIGHT AT FEDERAL B AREA. BARA MEHERBANI HO GI, JALDI MASLA HAL KARAIN!!!",waste,high,test,Sanitation & Solid Waste,1
"Assalam o alaikum, sarak par bara gaddha ban gaya hai near Street 14, DHA Phase 6. we have complained at the local office twice already with no result. Kindly send someone to look at it in the next few days We request immediate attention. Bara meherbani ho gi, jaldi masla hal karain. Again, sarak par bara gaddha ban gaya hai.",road,medium,train,Roads & Infrastructure,1
"Respected sir, the valve man is not opening our valve at the scheduled time for over two weeks at on Hub River Road. Thank you.",water,high,train,Water Supply,0
"Assalam o alaikum, there are deep potholes all allng thsi stretch in fornt of near the vegetable market in Gulberg Town, and many families and children are affected by it every single day",road,high,train,Roads & Infrastructure,0
Respected sir sewerage ka pani gali me phail gaya hai at near the main mosque in Kemari sknce this morning we have complained at the local office twice already with no result Please take action,drainage,medium,train,Drainage & Sewerage,1
"Respeted sir, the water that comes is muddy and smells of chemicals in front of Korangi Block 13-D, and we have complained at the local office twice already with no result. It is causing daily inconvenience to the residennts",water,medium,train,Water Supply,0
the pedestrian crossing has no signal and children cross alone at near the mobile market in Model Colony,safety,low,train,Public Safety,0
Respected sir valve wala time par valve nahi kholta in front of on M A Jinnah Road and it is causing daily inconvenience to the residents Please arrange for the concerned staff to check it Again valve wla time par valve nahi kholta,water,medium,train,Water Supply,1
the street lights have not been working at on Abl Hasan Isphahani Road near a mdarassa This has been the case for more than 20 days please treat this as urgent the situation is getting worse daily It is on the main road and traffic jams for huors every morning,electricity,high,train,Electricity & Streetlights,0
the nallah beside the colony is choked with solid waste at near the min mosque in Defence View. This has been the case for over two weeks. a large no of residents are suffering bcz of it,drainage,high,train,Drainage & Sewerage,0
Assalam o alaikum yahan khadde hi khadde hain in front of near a bank branch in Shah Faisal Colony near a government girls school & there is a government school right next to it & hundreds of children pass daily Bara meherbani ho gi jaldi masla hal karain,road,high,train,Roads & Infrastructure,1
police gasht bilkul nahi hoti at on Hub River Road This has been the case for two days now a motorcyclist fell and broke his arm last night Again police gasht bilkul nahi hoti,safety,critical,train,Public Safety,1
Please be informed that our overhead tank never fills even after four hours of supply since Friday at on Shahrah-e-Faisal. Kindly resolve it soon.,water,medium,train,Water Supply,0
our overhead tank never fills even after four hours of supply. Location: near the union council office in DHA Phase 6 near a madrassa. the whole block has been suffering and tempers are rising. There is a government school right next to it and hundreds of children pass daily We request immediate attention.,water,high,train,Water Supply,0
the asphalt has peeled off and the base layer is exposed at Malir !!!!,road,high,train,Roads & Infrastructure,0
"sewerage ka pani gali me phali gaya hai at on Maripur Road. This has been the case since yesterday. please arrange for the concerned staff to check it Bara meherbani ho gi, jaldi masla hal karain!!",drainage,medium,train,Drainage & Sewerage,1
"line ka joint phat gaya hai aur pani zaya ho raha hai; this situation at Lane 3, Orangi Town near Aga Khan Hospital has continued since Ramzan. it is urgent because a school is right beside it Regards. Bara meherbani ho gi, jaldi masla hal karain.",water,high,test,Water Supply,1
"this has become a serious health hazard for the whole area. Please treat this as urgent, the situation is getting worse daily awara kutte kachra phaila dete hain at House 4-B, Federal B Area. Thank you. Bara meherbani ho gi, jaldi masla hal karain.",waste,high,train,Sanitation & Solid Waste,1
"Problem area Block 13-D, Malir near the school van stop. Details: a very large pothole has formed in the middle of the road for over two weeks. Awaiting your response.",road,high,test,Roads & Infrastructure,0
"garbage has not been collected from our street. Location: PECHS. we have been waitinng for a respones for a while now. We have complained at the local office twice already with no result Please take action. Again, garbage has not been collected from our street.",waste,medium,train,Sanitation & Solid Waste,0
"Kondly note that broken raod with loose gravel everywhere at Block 2, Garden East, since yesterady. we have been waiting for a response for a while now We request immediate attention.",road,medium,train,Roads & Infrastructure,0
"at on nishtar road, transformer bar bar trip kar raha hai since this morning. low priority, only mentioning it so it is on record",electricity,low,train,Electricity & Streetlights,1
this has become a serious health hazard for the whole area. A large number of residents are suffering because of it safai bilkul nahi hoti yahan at on Nishtar Road. Kinndly resolve it soon.,waste,high,train,Sanitation & Solid Waste,1
"At near the main mosque in Baldia Town, taar latak rahi hain khambe se for two days now. our family has been facing this for several days now. We have been waiting for a response for a while now",electricity,medium,train,Electricity & Streetlights,1
malba khali plot par daal diya gaya ha;i this situation at near the petrol pump in Gulberg Town has continued for two days now there is no urgency plz handle it in the routine schedule Regards,waste,low,test,Sanitation & Solid Waste,1
"the enire street of about forty houses is affected construction malba has been dumpeed on the empty plot at Lane 3, Koeangi. Thank you.",waste,high,train,Sanitation & Solid Waste,0
"loudspeakers from a marriage hall run past midnight every weekend at House 4-B, Baldia Town near the children's park. This has been the case for almost a month. the whole block has been suffering and tempers r rising",other,high,train,General Administration,0
a pack of stray dogs is attacking people at near the bus stop in Gadap Town near a primary school and nobody has come to check for more than 20 days. there is a government school right next to it and hundreds of children pass daily!!,safety,high,train,Public Safety,0
"Kindly note that safai bilkul nahi hoti yahan in front of Nazimabad Block A, and a large number of residents are suffering because of it",waste,high,train,Sanitation & Solid Waste,1
"Assalam o alaikum, pani ki line leak ho rahi hai near on Rashid Minhas Road. this is only a suggestion for improvement Kindly resolve it soon.",water,low,train,Water Supply,1
"many families and children are affected by it every single day the park in our neighbourhood has been encroached by a private party at Block 2, SITE Area near a madrassa. Shukriya.",other,high,train,General Administration,0
"please arrange for the concerned staff to check it The reason is that the water supply timing was shifted and now nothing reaches our end of the lane, right at Model Colony Lane 3??!",water,medium,test,Water Supply,0
a large number of residents are suffering because of it baners and hoardings are blocking the view at the intersecttion at near the bus stop in dha phase 6. thank yuo.,other,high,train,General Administration,0
"For sibce yesterday now, a sinkhloe has opened in the road surface where it meets the service lane around on Abul Hasan Isphahani Road. Requesting the department to act.",road,medium,test,Roads & Infrastructure,0
the footpath tiles are uprooted and pedestrians walk on the road at near a bank branch in Jamshed Road. This has been the case for almost a month. elderly patients live in this lane and cannot step outside,road,high,train,Roads & Infrastructure,0
"I want to report that bijli ka khamba tirha ho gaya hai at on Maripur Road near Ziauddin Hospital, for the last three days. it is on the main road and traffic jams for hours every morning Please take action. Bara meherbani ho gi, jaldi masla hal karain.",electricity,high,train,Electricity & Streetlights,1
"Kindly note that sweepers have not come to clean this lane at Phase 2, Gulistan-e-Johar, for two days now. plz look into it in the coming days Shukriya!!",waste,medium,train,Sanitation & Solid Waste,0
Reporting from near the mobile market in Jamshed Road: the electric pole is leaning dangerously.,electricity,high,test,Electricity & Streetlights,0
BANNERS AND HOARDINGS ARE BLOCKING THE VIEW AT THE INTERSECTION AT ON UNIVERSITY ROAD.,other,critical,train,General Administration,0
"THERE HAS BEEN NO WAER SUOPLY IN OUR LINE. LOCATION: BLOCK 5, LIAQUATABAD. WE HAVE BEEN WAITING FOR A RESPONSE FOR A WHILE NOW SHUKRIYA.",water,medium,train,Water Supply,0
"To the concerned department, the newly laid patch has already sunk in the middle since yesterday at on Hub River Road. Thank you.",road,medium,train,Roads & Infrastructure,0
"a huge heap of trash is lying at the corner at Saddar near a maternity home and nobody has come to check since the last monsoon. please treat this as urgent, the situation is getting worse daily??!",waste,high,train,Sanitation & Solid Waste,0
the road has caved in after the rain at on Korangi Road near a maternity home and nobody has come to check for almost a month. elderly patients live in this lane and cannot step outside,road,high,train,Roads & Infrastructure,0
"Kindly note that the footpath tilles are uprooted and pedestrians walk on the road in front of on Maripur Road, and it is causing inconvenience and should be fixed soon Again, the footpath tiles are uprooted and pedestrians walk on the road !!!!",road,medium,train,Roads & Infrastructure,0
"I want to report that taar latak rahi hain khambe se since this morning at Gali No 7, New Karachi. Kindly resolve it soon.",electricity,low,train,Electricity & Streetlights,1
the electricity feeder for our lane trips every time an appliance is switched on — dha phase 6 gali no 7 please add it to the regular maintenance list nothing serious just bringing it to your notice,electricity,low,test,Electricity & Streetlights,0
"log kachra jala rahe hain, dhuan ghar me aaata hai at plot 22, jamshed road. this has been the case since this morning. our family has been facing this for several days now bara meherbani ho gi, jaldi masla hal karain.",waste,medium,train,Sanitation & Solid Waste,1
"khula manhole hai, koi bhi gir sakta hai at near a bank branch in Gulistan-e-Johar near a primary school. Bara meherbani ho gi, jaldi masla hal karain.",safety,critical,train,Public Safety,1
"THE NOTICE BOARD AT THE UNION COUNCIL HAS NOT BEEN UPDATED FOR MONTHS AT KORANGI STREET 14 NEAR CIVIL HOSPITAL. THIS HAS BEEN THE CASE FOR THE PAST SIX WEEKS. THIS IS AN EMERGENCY, PLEASE SEND A TEAM TODAY",other,critical,train,General Administration,0
"DEAR MUNICIPAL TEAM, RESIDENTS NEAR STREET 14, GULISTAN-E-JOHAR ARE AFFECTED BECAUSE NALKE SE PEELA PANI NIKAL RAHA HAI. KINDLY SEND SOMEONE TO LOOK AT IT IN THE NEXT FEW DAYS REQUESTING THE DEPARTMENT TO ACT.",water,medium,test,Water Supply,1
banner laga kar rasta bnad kar diya hai at Landhi. This has been the case since Ramzan. it is on the main road and traffic jams for hoours every morning,other,high,train,General Administration,1
"it is causing inconvenience & should be fixd soon The reason is that the contractor's truck skips our lane eevry single round, right at on Rashid Minhas Road.",waste,medium,test,Sanitation & Solid Waste,0
"an open manhole in the middle of the walkway is a death trap. Location: Sector 11-B, Buffer Zone near Aga Khan Hospital. dengue and gastro cases have started appearing in the area. Elderly patients live in this lane and cannot step outside Kindly resolve it soon.",safety,high,train,Public Safety,0
police gasht bilkul nahi hoti at near the katchi abadi in Jamshed Road near Ziauddin Hospital. This has been the case for more than 20 days. many families and children are affected by it every single day,safety,high,train,Public Safety,1
"Dear municipal team, the following problem at New Karachi: the refuse dump beside our wall has doubled in size this month. low priority, only mentioning it so it is on record",waste,low,test,Sanitation & Solid Waste,0
"i want to report that gutter ubal raha hai at jamshed road sector 5-c, for the past six weeks. it is on the main road and traffic jams for hours every morning kindly resolve it soon.",drainage,high,train,Drainage & Sewerage,1
the road has caved in after the rain at on Koranfi Road. This has been the case sinnce this morning. we have been waiting for a response for a whille now,road,medium,train,Roads & Infrastructure,0
Kindly note that safai bilkul nahi hoti yahan for more than 20 days at on Rashid Minhas Road near Ziauddin Hospital. Kindly resolve it soon.,waste,high,train,Sanitation & Solid Waste,1
strya dogs and cats tear oepn the bags and scatter the waste at Defence View Block 2??!,waste,medium,train,Sanitation & Solid Waste,0
a large number of residents are suffering because of it paani ka pressure bohot kam hai at DHA Phase 6 Please tke action Bara meherbani ho gi jaldi masla hal karain,water,high,train,Water Supply,1
our overhead tank never fills even after four hours of supply at near the bus stop in Orangi Town??!,water,low,train,Water Supply,0
"We the residents of Gulberg Town report that nikasi ka rastta band kar dkya gaya hai. this is a minor issue, whenever it is convenient Bara meherbani ho gi, jaldi masla hal karain.",drainage,low,test,Drainage & Sewerage,1
"hospital waste has been mixed with the household garbage at Gali No 7, Buffer Zone.",waste,high,train,Sanitation & Solid Waste,0
"THE NOTICE BOARD AT THE UNION COUNCIL HAS NOT BEEN UPDATED FOR MONTHS AT GULSHAN-E-IQBAL BLOCK 2. THIS HAS BEEN THE CASE SINCE YESTERDAY. THIS IS A MINOR ISSUE, WHENEVER IT IS CONVENIENT",other,low,train,General Administration,0
Reporting from Orangi Town: safai bilkul nahi hoti yahan??!,waste,high,test,Sanitation & Solid Waste,1
"I want to report that the notice board at the union council has not been updated for months at near the flyover ramp in New Karachi, for the last three days. kindly send someone to look at it in the next few days. We have been waiting for a response for a while now Thank you.",other,medium,train,General Administration,0
"it is urgent because a school is right beside it The reason is that safai bilkul nahi hoti yahan, right at Sector 11-B, Lyari near a madrassa. Bara meherbani ho gi, jaldi masla hal karain.",waste,high,test,Sanitation & Solid Waste,1
the meter reading is being estimated and the bill is impossible. Location: near the mobile market in New Karachi. please arrange for the concerned staff to check it We request immediate attention.,electricity,medium,train,Electricity & Streetlights,0
"dengue and gastro cases have started appearing in the area nali band hai aur pani khara hai at Model Colony Phase 2 near Aga Khan Hospital. Please take action. Bara meherbani ho gi, jaldi masla hal karain.",drainage,high,train,Drainage & Sewerage,1
"Assalam o alaikum, broken road with loose gravel everywhere at Malir Block 2, for over two weeks. this has become a serious health hazard for the whole area We request immediate attention. Again, broken road with loose gravel everywhere.",road,high,train,Roads & Infrastructure,0
"To the concerned department, pani bilkul nahi aa raha near Block 13-D, Baldia Town. we have been waiting for a response for a while now Please take action. Bara meherbani ho gi, jaldi masla hal karain. Again, pani bilkul nahi aa raha.",water,medium,train,Water Supply,1
Assalam o alaikum the road has caved in after the rain near near the petrol pump in Garden East just a routine request nothing urgent at all There is no urgency just registering it formally Please take action,road,low,train,Roads & Infrastructure,0
"To the concerned department, an illegal gas cylinder refilling shop could explode any day in the crowded market in front of DHA Phase 6 Phase 2, and please arrange for the concerned staff to check it",safety,medium,train,Public Safety,0
"Assalam o alaikum, raat ko nashe wale jama hote hain, dar lagta hai in front of on Korangi Road, and this is a minor issue, whenever it is convenient. Kindly look into it whenever a team is free Again, raat ko nashe wale jama hote hain, dar lagta hai.",safety,low,train,Public Safety,1
water is coming with very low pressure at on tariq road and nobody has come to check for the past six weeks. the entire street of about forty houses is affected,water,high,train,Water Supply,0
"Respected sir, there is no electricity in our block near Block A, Kemari near Civil Hospital. it is extremely urgent, please treat it as an emergency. An elderly man fell into it and had to be taken to emergency Please take action.",electricity,critical,train,Electricity & Streetlights,0
"Please be informed that people are burning the garbage pile and the smoke enters our homes at on Nishtar Road, since this morning. kindly send someone to look at it in the next few days Please take action.",waste,medium,train,Sanitation & Solid Waste,0
"To the concerned department, there is rotting waste and an unbearable smekl for the past six weeks at on M.A. Jinnah Roadd. We request immediate attention??!",waste,high,train,Sanitation & Solid Waste,0
"Respected sir, there are sparks coming from the connection at night at Plot 22, Manghopir, since yesterday. kindly look into it whenever a team is free. There is no urgency, just registering it formally Thank you.",electricity,low,train,Electricity & Streetlights,0
"ASSALAM O ALAIKUM, OUR OVERHEAD TANK NEVER FILLS EVEN AFTER FOUR HOURS OF SUPPLY NEAR DEFENCE VIEW NEAR A MATERNITY HOME. A LIVE WIRE IS LYING IN THE SATNDING WATER. AN ELDERLY MAN FELL INTO IT AND HAD TO BE TAKEN TO EMERGENCY PLEASE TAME ACTION!!!",water,critical,train,Water Supply,0
"i want to report that a trench dug by the gas company was never filled back since ramzan at lane 3, baldia town. thank u.",road,medium,train,Roads & Infrastructure,0
"there is no urgency, plz handle it in the routine schedule banner laga kar rasta band kar diya hai at near the bus stop in model colony. shukriya. again, banner laga kar rasta band kar diya hai.",other,low,train,General Administration,1
We the residents of near the mobile market in Garden East report that line ka joint phat gaya hai aur pani zaya ho raha hai. it is causing inconvenience and should be fixed soon. Kindly send someone to look at it in the next few days,water,medium,test,Water Supply,1
THE TRANSFORMER KEEPS TRIPPING AGAIN AND AGAIN. LOCATION: ON M.A. JINNAH ROAD. SOMEONE RECEIVED AN ELECTRIC SHOCK THIS MORNING THANK YOU.,electricity,critical,train,Electricity & Streetlights,0
parking ke naam par zabardasti paise liye ja rahe hain — Gulshan-e-Iqbal Sector 5-C. kindly arrange a visit sometime this week,other,medium,test,General Administration,1
"the asphalt has peeled off and the base layer is exposed at near the bus stop in model colony and nobody has come to check for almost a month. it is causing daily inconvenience to the residents again, the asphalt has peeled off and the base layer is exposed.",road,medium,train,Roads & Infrastructure,0
assalam o alaikum kachra utha nahi hai kai din se near gulberg town a person has alrady been injured because of this thhis is an emergency please send a team today shukriya,waste,critical,train,Sanitation & Solid Waste,1
the park in our neighbourhood has been encroached by a private party at Gulberg Town Block 5.,other,low,train,General Administration,0
please be informed that the newly laid patch has already sunk in the middle for more than 20 days at block 5 kemari please take action,road,critical,train,Roads & Infrastructure,0
"we have been waiting for a response for a while now bijli nahi aa rahi hamare block me at near the katchi abadi in Orangi Town. Kindly resolve it soon. Again, bijli nahi aa rahi hamare block me.",electricity,medium,train,Electricity & Streetlights,1
"to the concerned department, hospital waste has been mixed wiith the household garbage at near a bank branch in manghopir near jinnah hospital emergency gate, for almost a month. elderly patients live in this lane and cannot step outside. there is a government school right next to it and hundreds of children pass daily thank you.",waste,high,train,Sanitation & Solid Waste,0
"Kindly note that speed breaker toota hua hai near Landhi Gali No 7. we have complained at the local office twice already with no result. Our family has been facing this for several days now Please take action. Again, speed breaker toota hua hai.",road,medium,train,Roads & Infrastructure,1
"the booster pump at the hydrant has stopped working. Location: Sector 11-B, PECHS. we have been waiting for a response for a while now Kindly resolve it soon.",water,medium,train,Water Supply,0
"For for the last three days now, chain lifting on motorcycles happens almost every evening at this turn around Gadap Town. Please do the needful.",safety,medium,test,Public Safety,0
we are forced to buy a private tanker every second day at near the bus stop in Orangi Town near Civil Hospital.,water,high,train,Water Supply,0
REPORTING FROM DEFENCE VIEW STREET 14: PANI KI LINE LEAK HO RAHI HAI.,water,medium,test,Water Supply,1
"I want to report that the park in our neighbourhood has been encroached by a private party at Sector 11-B, Orangi Town, since Friday. there is no urgency, just registering it formally. Low priority, only mentioning it so it is on record Kindly resolve it soon.",other,low,train,General Administration,0
the garbage container is overflowing onto the road at Orangi Town near the school van stop.,waste,high,train,Sanitation & Solid Waste,0
"our family has been facing this for several days now. it is causing inconvenience and should be fixed soon sewerage ka pani gali me phail gaya hai at near the union council office in saddar. we request immediate attention. bara meherbani ho gi, jaldi masla hal karain.",drainage,medium,train,Drainage & Sewerage,1
"we have been waiting for a response for a while now The reason is that the sewerage line is choked and dirty water is on the street, right at Block 5, Clifton.",drainage,medium,test,Drainage & Sewerage,0
"sewerage ka pani gali me phail gaya hai at gali no 7, garden east. this has been the case for the last three days. it is causing daily inconvenience to the residents",drainage,medium,train,Drainage & Sewerage,1
police gasht bilkul nahi hoti Location: Plot 22 Orangi Town please treat this as urgent the situation is getting worse daily Please take action Bara meherbani ho gi jaldi masla hal karain,safety,high,train,Public Safety,1
Kindly note that the boundary wall of the plot is about to collapse on passers-by since the last monsoon at on Abul Hasan Isphahani Road. Shukriya.,safety,high,train,Public Safety,0
"the public library has been closed since last year with no explanation at Block 13-D, Gulshan-e-Iqbal and nobody has come to check for the last three days. this is a minor issue, whenever it is convenient",other,low,train,General Administration,0
"I want to report that bijli nahi aa rahi hamare block me in front of Block A, SITE Area, and it is causing inconvenience and should be fixed soon",electricity,medium,train,Electricity & Streetlights,1
transformer bar bar trip kar raha hai at north nazimabad and nobody has come to check for several months this is a minor issue whenever it is convenient,electricity,low,train,Electricity & Streetlights,1
"At near the flyover ramp in Jamshed Road, the electric pole is leaning dangerously since Friday. this is an emergency and needs immediate attention. It is extremely urgent, please treat it as an emergency",electricity,critical,train,Electricity & Streetlights,0
"there is rotting waste and an unbearable smell at Block A, Landhi. This has been the case for several months. low priority, only mentioning it so it is on record. This is a minor issue, whenever it is convenient Again, there is rotting waste and an unbearable smell.",waste,low,train,Sanitation & Solid Waste,0
"please arrange for the concerned staff to check it gutter ubal raha hai at block 13-d, malir. we request immediate attention.",drainage,medium,train,Drainage & Sewerage,1
For since this morning now a dangerous dilapidated structure is about to faall on peoplle using the footpath around near the mian mosque in Jamshed Road Awaiting your response,safety,medium,test,Public Safety,0
Please be informed that an open manhole in the middle of the walkway is a death trap near near the main mosque in Federal B Area near Civil Hospital. this is an emergency and needs immediate attention. An ambulance could not reach the hospital gate because of it Thank you.,safety,critical,train,Public Safety,0
"Please be informed that the drain is blocked and the water is not going anywhere since Friday at near the main mosque in SITE Area. Shukriya. Again, the drain is blocked and the water is not going anywhere.",drainage,low,train,Drainage & Sewerage,0
Kindly note that the garbage container is overflowing onto the road since this morning at near the vegetable market in Federal B Area. Please take action.,waste,medium,train,Sanitation & Solid Waste,0
"Respected sir, the drain is blocked and the water is not going anywhere at near the katchi abadi in Bahadurabad, for more than 20 days. the entire street of about forty houses is affected Shukriya??!",drainage,high,train,Drainage & Sewerage,0
the sewerage line is choked and dirty water is on the street at New Karachi Block 13-D,drainage,medium,train,Drainage & Sewerage,0
"at manghopir, transformer bar bar trip kar raha hai for almost a month. the whole block has been suffering and tempers are risimg. it is urgent because a school is rught beside it??!",electricity,high,train,Electricity & Streetlights,1
"Assalam o alaikum, bijli nahi aa rahi hamare block me at Street 14, Surjani Town, since yesterday. kindly send someone to look at it in the next few days We request immediate attention.",electricity,medium,train,Electricity & Streetlights,1
"gutter ubal raha hai; this situation at Block 13-D, PECHS near the school van stop has continued since Friday. it is extremely urgent, please treat it as an emergency Please do the needful.",drainage,critical,test,Drainage & Sewerage,1
"garbage has not been collected from our street; this situation at Sector 11B-, Gulistan-e-Johar has continued for two days now. kindly send someone to look at it in the next few days. We have been waiting for a response for a while now Meherbani ho gi??!",waste,medium,test,Sanitation & Solid Waste,0
there is rotting waste and an unbearable smell; this situation at on Stadium Road near the school van stop has continued since the last monsoon. there is an immediate danger to human life here Awaiting your response.,waste,critical,test,Sanitation & Solid Waste,0
"Assalam o alaikum, log kachra jala rahe hain, dhuan ghar me aata hai at on University Road, for over two weeks. a large number of residents are suffering because of it Thank you.",waste,high,train,Sanitation & Solid Waste,1
"to the concerned department, garbage has not been collected from our st in front of huose 4-b, site area, & there is no urgency, just registering it formally",waste,low,train,Sanitation & Solid Waste,0
"Dear municipal team, the following problem at Block 2, Gulberg Town near Ziauddin Hospital: the contractor's truck skips our lane every single round. more than sixty families depend on this single lane",waste,high,test,Sanitation & Solid Waste,0
"Dear municipal team, residents near Model Colony r affected because the collection point has shifted right outside a residential gate. current is passing through the water where children walk. A school van skidded & very nearly overturned Requesting the department to act. Again, the collection point has shifted right outside a residential gate.",waste,critical,test,Sanitation & Solid Waste,0
"sarak par bara gaddha ban gaya hai at Clifton. Bara meherbani ho gi, jaldi masla hal karain.",road,medium,train,Roads & Infrastructure,1
"the road is uneven and bikes lose balance on it at House 4-B, Shah Faisal Colony and nobody has come to check since Ramzan. there is no urgency, please handle it in the routine schedule",road,low,train,Roads & Infrastructure,0
a dangerous dilapidated structure is about to fall on people using the footpath — near the community centre in Defence View a large number of residents are suffering because of it More than sixty families depend on this single lane,safety,high,test,Public Safety,0
"clean drinking water has not reached our houses; this situation at Lane 3, Federal B Area has continued since this morning. we have been waiting for a response for a while now Meherbani ho gi.",water,medium,test,Water Supply,0
"we the residents of block 13-d, kemari report that safai bilkul nahi hoti yahan. current is passing through the water where children walk bara meherbani ho gi, jaldi masla hal karain.",waste,critical,test,Sanitation & Solid Waste,1
"TO THE CONCERNED DEPARTMENT, AWARA KUTTE LOGON KO KAAT RAHE HAIN NEAR PHASE 2, BAHADURABAD. THE ENTIRE STREET OF ABOUT FORTY HOUSES IS AFFECTED PLEASE TAKE ACTION.",safety,high,train,Public Safety,1
kindly note that kachra kundi bhar gayi hai aur sarak par gir raha hai near near the mobile market in landhi near the children's park. there is a government school right next to it and hundreds of children pass daily. a large number of residents are suffering because of it we request immediate attention !!!!,waste,high,train,Sanitation & Solid Waste,1
"plz be informed that the newly laid patch has already sunk in the middle at Lane 3, Lyari, for several months. there is a government school right next to it and hundreds of children pass daily Shukriya. Again, the newly laid patch has already sunk in the middle.",road,high,train,Roads & Infrastructure,0
"kindly send someone to look at it in the next few days gutter ubal raha hai at near a bank branch in Manghopir. Kindly resolve it soon. Bara meherbani ho gi, jaldi masla hal karain.",drainage,medium,train,Drainage & Sewerage,1
"the garbage container is overflowing onto the road at Phase 2, Bahadurabad.",waste,low,train,Sanitation & Solid Waste,0
the asphalt has peeled off and the base layer is exposed at Defence View and nobody has come to check for more than 20 days. we have been waiting for a response for a while now,road,medium,train,Roads & Infrastructure,0
"Please be informed that the water tat comes is muddy and smells of chemicals in front of on Abul Hasan Isphahani Road, and dengue and gastro cases have started appearing in the areea Again, the water that comes is muddy and smells of chemicals.",water,high,train,Water Supply,0
"At on Shahrah-e-Faisal, gali me kooray ka bara dher lag gaya hai since Friday. there is a government school right next to it and hundreds of children pass daily Bara meherbni ho gi, jaldi masla hal karain.",waste,high,train,Sanitation & Solid Waste,1
jo pani aata hai wo gandha aur badbudar hai at Korangi Street 14. This has been the case since this morning. please look into it in the coming days,water,medium,train,Water Supply,1
"sweepers have not coem to cleaan this lane at Lane 3, Saddar. This has been the case for the last three days. there is no urgency, please handle it in the routine schedule",waste,low,train,Sanitation & Solid Waste,0
"our overhead tank never fills even after four hours of supply at SITE Afea. This has been the case since Friday. low priority, only mentioning it so it is on record",water,low,train,Water Supply,0
"the newly laid patch has already sunk in the middle at Street 14, SITE Area.",road,medium,train,Roads & Infrastructure,0
"every street light on this avenue has been dead since the pole was hit; this situation at Block 5, Federal B Area has continued for almost a month. children walking to school have to wade through it every day Meherbani ho gi.",electricity,high,test,Electricity & Streetlights,0
"please be informed that raat ko nashe wale jama hote hain, dar lagta hai since yesterday at north nazimabad block 2. thank you. bara meherbani ho gi, jaldi masla hal karain.",safety,medium,train,Public Safety,1
"Kindly note that the drain cover is broken and the sludge is exposed in front of on Sharae Noor Jehan, and the whole block has been suffering and tempers are rising",drainage,high,train,Drainage & Sewerage,0
"people are burning the garbage pile and the smoke enters our homes at plot 22, shah faisal colony!!",waste,high,train,Sanitation & Solid Waste,0
Kindly note that the meter reading is being estimated and the bill is impossible for more than 20 days at Surjani Town. Thank you??!,electricity,medium,train,Electricity & Streetlights,0
"Assalam o alaikum, there have been repeated mobile snatching incidents here for more than 20 days at Nazimabad near Civil Hospital. Thank you!!!",safety,high,train,Public Safety,0
please be informed that an abandoned building has become a hideout for criminals at near the main mosque in orangi town for the last three days please arrange for the concerned staff to check it thank you,safety,medium,train,Public Safety,0
"Reporting from Block A, Korangi near Ziauddin Hospital: nalke se peela pani nikal raha hai!!",water,high,test,Water Supply,1
At Sector 5-C DHA Phase 6 street light band hai kai hafton se for more than 20 days please look into it in the coming days Our family has been facing this for several days now Bara meherbani ho gi jaldi masoa hal karain,electricity,medium,train,Electricity & Streetlights,1
"For for several months now, the garbage container is overflowing onto the road around near the vegetable market in Surjani Town near Aga Khan Hospital. Regards.",waste,high,test,Sanitation & Solid Waste,0
"Please be informed that an open manhole in the middle of the walkway is a death trap at DHA Phase 6 Gali No 7, for the past six weeks. the entire street of about forty houses is affected Please take action.",safety,high,train,Public Safety,0
"THIS IS TO BRING TO YOUR ATTENTION THAT RESIDENTS NEAR NEAR THE KATCHI ABADI IN CLIFTON ARE AFFECTED BECAUSE NALI BAND HAI AUR PANI KHARA HAI. KINDLY SEND SOMEONE TO LOOK AT IT IN THE NEXT FEW DAYS. IT IS AFFECTING A FEW HOUSEHOLDS ON OUR SIDE OF THE LANE PLEASE DO THE NEEDFUL. AGAIN, NALI BAND HAI AUR PANI KHARA HAI??!",drainage,medium,test,Drainage & Sewerage,1
"assalam o alaikum, an abandoned building has become a hideout for criminals near near the flyover ramp in gulberg town. there is a government school right next to it & hundreds of cihldren pass daily we reuest immediate attention.",safety,high,train,Public Safety,0
"To the concerned department, the footpath tiles are uprooted & pedestrians walk on the road in front of on Nishtar Road, & plz look into it in the coming days",road,medium,train,Roads & Infrastructure,0
the pole mounted box is open and children can reach the terminals at on Stadium Road.,electricity,critical,train,Electricity & Streetlights,0
We the residents of near the main mosque in Shah Faisal Colony report that shopkeepers throw their leftovers directly onto the pavement hree. a woman in labour could not be taken out of the lane in time,waste,critical,test,Sanitation & Solid Waste,0
"hamari gali me supply ka time badal diya gyaa hai; this situation at Block A, Shah Faisal Colony has continued for the last three days. we would appreciate it if the concerned staff could chek it Requesting the department to act.",water,medium,test,Water Supply,1
This is to bring to your attention that the following problem at near the vegetable market in Malir near the school van stop: the road surface has completely broken up. a woman in labour could not be taken out of the lane in time??!,road,critical,test,Roads & Infrastructure,0
at new karachi sector 11-b awara kutte kachra phaila dete hain for the last three days this is a minor issue whenever it is convenient,waste,low,train,Sanitation & Solid Waste,1
This is to bring to your attention that residents near Block A Manghopir are affected because the main water pipe is leaking badly a large number of residents are suffering because of it Meherbani ho gi Again the main water pipe is leaking badly,water,high,test,Water Supply,0
the meter reading is being estimated and the biol is impossible at Block A Nazimabad This has bene the case since Friday we have complained at the local office twice already with no result It is causing daily inconvenience to the residents,electricity,medium,train,Electricity & Streetlights,0
"I want to report that the sewer line was never connected to the main trunk in front of Bahadurabad Gali No 7, and just a routine request, nothing urgent at all. Low priority, only mentioning it so it is on record",drainage,low,train,Drainage & Sewerage,0
Reporting from on Korangi Road: whatever comes out of the tap is yeplow and undrinkable.,water,medium,test,Water Supply,0
This is to bring to your attention that the following problem at SITE Area Block 5: the carriageway of this road has developed craters after the digging work. please arrange for the concerned staff to check it. We would appreciate it if the concerned staff could check it,road,medium,test,Roads & Infrastructure,0
"I want to report that an illegal gas cylinder refilling shop could explode any day in the crowded market at Block 13-D, Orangi Town, for over two weeks. it is causing daily inconvenience to the residents Kindly resolve it soon.",safety,medium,train,Public Safety,0
the footpath tilse are uprooted and pedestrians walk on the road at on Nishtar Raod.,road,low,train,Roads & Infrastructure,0
gandagi ki wajah se makhiyan bohot ho gayi hain; this situation at on Khayaban-e-Ittehad has continued since this morning. we have been waiting for a response for a while now Please do the needful.,waste,medium,test,Sanitation & Solid Waste,1
kindly note that the drain is blocked & the water is not going anywhere near on rashid minhas road. kindly send someone to look at it in the next few days thank you.,drainage,medium,train,Drainage & Sewerage,0
"the sewerage line is choked and dirty water is on the street at sector 5-c, orangi town near a maternity home.",drainage,critical,train,Drainage & Sewerage,0
"Kindly note that drug users gather here after dark and residents feel unsafe near Sector 5-C, Lyari. it is a small issue but please note it for the record Please take action??!",safety,low,train,Public Safety,0
"At Sector 11-B, Baldia Town near Civil Hospital, sweepers have not come to clean this lane for more than 20 days. elderly patients live in this lane & cannot step outside",waste,high,train,Sanitation & Solid Waste,0
"For for the past six weeks now, the water supply timing was shifted and now nothing reaches our end of the lane around on Rashid Minhas Road. Meherbani ho gi.",water,critical,test,Water Supply,0
"THERE HAS BEEN NO WATER SUPPLY IN OUR LINE; THIS SITUATION AT BLOCK A, BALDIA TOWN HAS CONTINUED SINCE FRIDAY. WE WOULD APPRECIATE IT IF THE CONCERNED STAFF COULD CHECK IT. WE HAVE BEEN WAITING FOR A RESPONSE FOR A WHILE NOW AWAITING YOUR RESPONSE.",water,medium,test,Water Supply,0
the transformer keeps tripping again and again at near a bank branch in Korangi,electricity,low,train,Electricity & Streetlights,0
safai bilkul nahi hoti yahan; this situation at on Nishtar Road has continued since this morning we would appreciate it if the concerned staff could chrck it Awaiting your response Bara meherbani ho gi jaldi masla hal karain,waste,medium,test,Sanitation & Solid Waste,1
"there is rotting waste and an unbearable smell — Garden East Block 2. please arrange for the concerned staff to check it Again, there is rotting waste and an unbearable smell.",waste,medium,test,Sanitation & Solid Waste,0
"Respected sir, there are deep potholes all along this stretch in front of Malir Sector 5-C, and please arrange for the concerned staff to check it??!",road,medium,train,Roads & Infrastructure,0
there has been no water supply in our line at on Abul Hasan Isphahani Road near Jinnah Hospital emergency gate and nobody has come to check since Ramzan. this has become a serious health hazard for the whole area. The whole block has been suffering and tempers are rising,water,high,train,Water Supply,0
"Assalam o alaikum, stray dogs and cats tear open the bags and scatetr the waste at near the main mosque in Liaquatabad near a primary school, for the last three days. it is on the main road and traffic jams for hours every morning Kindly resolve it soon.",waste,high,train,Sanitation & Solid Waste,0
Problem area on M A Jinnah Road Details: sweepers have not come to clean this lane for over two weeks Awaiting your response,waste,high,test,Sanitation & Solid Waste,0
"park par ghair samaji anasir ka qabza hai; this situation at on Maripur Road has continued since this morning. this is a minor issue, whenever it is convenient Please do the needful. Bara meherbani ho gi, jaldi masla hal karain.",safety,low,test,Public Safety,1
Kindly note that kachra utha nahi hai kai din se near on Sharae Noor Jehan. kindly look into it whenever a team is free Thank you.,waste,low,train,Sanitation & Solid Waste,1
"Kindly note that haf the lights on this stretch were never replaced after the storm in front of on Hub River Road near a primary school, and a child was injured here yesterday and we fear a worse accident. A person has already been injured because of this Again, half the lights on this stretch were never replaced after the storrm.",electricity,critical,train,Electricity & Streetlights,0
gutter ubal raha hai at on Tariq Road This has been the case for the last three days we have complained at the local office twice already with no result,drainage,medium,train,Drainage & Sewerage,1
yahan mobile snatching bohot ho rahi hai. Location: near the mobile market in Manghopir near the school van stop. a large number of residents are suffering because of it. The entire street of about forty houses is affected Please take action.,safety,high,train,Public Safety,1
"elderly patients live in this lane and cannot step outside the newly laid patch has already sunk in the middle at Block 5, Gadap Town. We request immediate attention. Again, the newly laid patch has already sunk in the middle.",road,high,train,Roads & Infrastructure,0
"pani bilkul nahi aa raha at Garden East Sector 11-B. Bara meherbani ho gi, jaldi masla hal karain !!!!",water,critical,train,Water Supply,1
We the residents of near the katchi abadi in Federal B Area report that rasta itna kharab hai ke rickshaw ulat jata hai. please arrange for the concerned staff to check it,road,medium,test,Roads & Infrastructure,1
"the street lights havve not been working at Block 13-D, Gulberg Town.",electricity,medium,train,Electricity & Streetlights,0
"Please be informed that our overhead tank never fills even after four hours of supply at Saddar Plot 22, since yesterday. please look into it in the coming days Kindly resolve it soon.",water,medium,train,Water Supply,0
"kindly send someone to look at it in the next few days raat ko nashe wale jama hote hain, dar lagta hai at Street 14, DHA Phase 6. Please take action. Bara meherbani ho gi, jaldi masla hal karain.",safety,medium,train,Public Safety,1
"Assalam o alaikum, taar latak rahi hain khambe se for the past six weeks at near the petrol pump in Bahadurabad. Shukriya. Bara meherbani ho gi, jaldi masla hal karain.",electricity,critical,train,Electricity & Streetlights,1
"Dear municipal team, the following problem at near the community centre in Shah Faisal Colony: the transformer keeps tripping again and again. it is causing inconvenience and should be fixed soon. Kindly arrange a visit sometime this weke",electricity,medium,test,Electricity & Streetlights,0
"To the concerned department, kachra utha nahi hai kai din se at Plot 22, Jamshed Road, since yesterday. we have been waiting for a response for a while now. It is causing daily inconvenience to the residents plz take action.",waste,medium,train,Sanitation & Solid Waste,1
"Respected sir, the gutter has been overflowing in front of near the main mosque in Model Colony, and we have been waiting for a response for a while now",drainage,medium,train,Drainage & Sewerage,0
"at on rashid minhas road near the school van stop, paani ka pressure bohot kam hai for the past six weeks. this has become a serious health hazard for the whole area",water,high,train,Water Supply,1
"Please be informed that khula manhole hai, koi bhi gir sakta hai in front of near the katchi abadi in DHA Phase 6, and a large number of residents are suffering because of it Bara meherbani ho gi, jaldi masla hal karain.",safety,high,train,Public Safety,1
"a trench dug by the gas company was never filled back at Block 13-D, Manghopir.",road,medium,train,Roads & Infrastructure,0
"Please be informed that the manohle is spilling sewage continuously at on Stadium Road, for two days now. it is causing daily inconvenience to the residents We request immediate attention.",drainage,medium,train,Drainage & Sewerage,0
Please be informed that there are sparks coming from the connection at night in front of Model Colony and please arrange for the concerned staff to check it,electricity,medium,train,Electricity & Streetlights,0
"I want to report that bijli ka khamba tirha ho gaya hai in front of on Stadium Road, and our family has been facing this for several days now",electricity,medium,train,Electricity & Streetlights,1
"Assalam o alaikum, the drain is blocked and the water is not going anywhere at House 4-B, Lyari, since yesterday. we have complained at the local office twice already with no result Shukriya!!!",drainage,medium,train,Drainage & Sewerage,0
"Location Gali No 7, Orangi Town - line ka joint phat gaya hai aur pani zaya ho raha hai, onoging since Friday. kindly send someone to look at it in the next few days. Kindly arrange a visit sometime thhis week Regards??!",water,medium,test,Water Supply,1
valve wala time par valve nahi kholta. Location: near the community centre in Korangi. please look into it in the coming days Thank you.,water,medium,train,Water Supply,1
"To the concerned department, yahan mobile snatching bohot ho rahi hai since Ramzan at Malir near Civil Hospital. We request immediate attention !!!!",safety,high,train,Public Safety,1
"i want to report that sewerage ka pani gali me phail gaya hai since yesterday at block 5, federal b area. shukriya.",drainage,medium,train,Drainage & Sewerage,1
"STRAY DOGS AND CATS TEAR OPEN THE BAGS AND SCATTER THE WASTE AT NEAR A BANK BRANCH IN SITE AREA. THIS HAS BEEN THE CASE SINCE THIS MORNING. LOW PRIORITY, ONLY MENTIONING IT SO IT IS ON RECORD. KINDLY LOOK INTO IT WHEHEVER A TEAM IS FREE",waste,low,train,Sanitation & Solid Waste,0
"Assalam o alaikum, the manhole is spilling sewage continuously for two days now at on Sharae Noor Jehan. Please take action.",drainage,medium,train,Drainage & Sewerage,0
"KIINDLY SEND SOMEONE TO LOOK AT IT IN THE NEXT FEW DAYS THE REASON IS THAT AWARA KUTTE LOGIN KO KAAT RAHE HAIN, RIGHT AT NEAR THE PETROL PUMP IN MANGOPIR. BARA MEHERBANI HO GI, JALDI MASLA HAL KARAIN. AGAIN, AWARA KUTTE LOGON KO KAAT RAHE HANI.",safety,medium,test,Public Safety,1
"Location on Sir Shah Suleman Road near a primary school - chamber se kala pani upar aa raha hai, ongoing for more than 20 days. it is urgent because a school is right beside it Meherbani ho gi.",drainage,high,test,Drainage & Sewerage,1
no receipt is issued for the charges collected at the municipal counter; this situation at Shah Faisal Colony House 4-B has continued since the last monsoon. we would appreciate it if the concerned staff could check it Regards.,other,medium,test,General Administration,0
Problem area near the petrol pump in Buffer Zone. Details: garbage has not been collected from our street for almost a month. Requesting the department to act.,waste,high,test,Sanitation & Solid Waste,0
I want to report that rain water from the lsst spell has still not drained out near Phase 2 Clifton please look into it in the coming days Kindly resolve it soon!!,drainage,medium,train,Drainage & Sewerage,0
stray cattle are tied up on public land and nobody removes them. Location: on Rashid Minhas Road. this is only a suggestion for improvement Thakn you.,other,low,train,General Administration,0
"Please be informed that the speed breaker is broken and has sharp edges in front of House 4-B, Gadap Town near a madrassa, and part of the structure has already collapsed??!",road,critical,train,Roads & Infrastructure,0
"For for the past six weeks now, khula manhole hai, koi bhi gir sakta hai around near the main mosque in Garden East near the school van stop. Awaiting your response.",safety,high,test,Public Safety,1
"stray dogs and cats tear open the bags and scatrer the waste at Plot 22, Surjani Ton and nobody has come to check since this morning. just a routine request, nothnig urgent at all",waste,low,train,Sanitation & Solid Waste,0
"paani ka pressure bohot kam hai. Location: near the vegetable market in North Nazimabad near Ziauddin Hospital. the whole block has been suffering and tempers are rising. Please treat this as urgent, the situation is getting worse daily Please take action. Bara meherbani ho gi, jaldi masla hal karain. Again, paani ka pressure bohot kam hai.",water,high,train,Water Supply,1
taar latak rahi hain khambe se at near the main mosque in Surjani Town & nobody has come to check since this morning. plz arrange for the concerned staff to check it,electricity,medium,train,Electricity & Streetlights,1
"kindly note that kachra kundi bhar gayi hai aur sarak par gir raha hai at block 13-d, lyari, for the last three days. it is causing inconvenience and should be fixed sooon. it is causing daily inconvenience to the residents kindyl resolve it soon.",waste,medium,train,Sanitation & Solid Waste,1
"TAAR LATAK RAHI HAIN KHAMBE SE. LOCATION: PLOT 22, GULISTAN-E-JOHAR. KINDLY LOOK INTO IT WHENEVER A TEAM IS FREE. THERE IS NO URGENCY, PLEASE HANDLE IT IN THE ROUTINE SCHEDULE PLEASE TAKE ACTION.",electricity,low,train,Electricity & Streetlights,1
there is no police patrolling and street crime has increased. Location: Malir Sector 11-B. it is causing daily inconvenience to the residents. We have compalined at the local office twice already wih no result Shukriya.,safety,medium,train,Public Safety,0
"sewerage ka pani gali me phail gaya hai. Location: Shah Faisal Colony near a primary school. a child was injured here yesterday and we fear a worse accident. There is a serious risk of a fatal accident here Please take action. Bara meherbani ho gi, jaldi masla hal karain!!",drainage,critical,train,Drainage & Sewerage,1
Please be informed that banners & hoardings r blocking the view at the intersection near near the union council office in SITE Area low priority only mentioning it so it is on record We request immediate attention,other,low,train,General Administration,0
Dear municipal team residents near PECHS are affected because a very large pothole has formed in the middle of the road low priority only mentioning it so it is on record Awaiting your response,road,low,test,Roads & Infrastructure,0
there is rotting waste and an unbearable smell at Block A Shah Faisal Colony This has been the case since yesterday it is causing inconvenience and should be fixed soon??!,waste,medium,train,Sanitation & Solid Waste,0
"Kindly note that a pack of stray dogs is attacking peopel at Lyari, since yesterday. kindly look into it whenever a team is free We request immediate attention.",safety,low,train,Public Safety,0
kindly send someone to look at it in the next few days speed breaker toota hua hai at on Stadium Road. Thank you.,road,medium,train,Roads & Infrastructure,1
we have been waiting for a response for a while now park par qabza kar liyya gaya hai at near the petrol pump in Gulberg Town. Shukriya??!,other,medium,train,General Administration,1
Janab residents near Malir Sector 11-B near Jinnah Hospital emergency gate are affected because sarak par bara gaddha ban gaya hai someone is going to be killed if this is not fixed today The fire brigade had to be called last night Regards,road,critical,test,Roads & Infrastructure,1
I want to report that there has been no water supply in our line for two days now at Liaquatabad Lane 3. Thank you.,water,medium,train,Water Supply,0
"assalam o alaikum, log kachra jala rahe hain, dhuan ghar me aata hai for several months at near the bus stop in manghopir. shukriya.",waste,critical,train,Sanitation & Solid Waste,1
"Please be informed that an illegal gas cylinder refilling shop could explode any day in the crowded market near Lane 3, Kemari. we have complained at the local office twice already wth no result We request immediate attention.",safety,medium,train,Public Safety,0
kachra utha nahi hai kai din se; this situaton at Kemari Phase 2 has continued since Ramzan. a hospital entrance is barely fifty metres from here Regards.,waste,high,test,Sanitation & Solid Waste,1
"AN ILLEGAL GAS CYLINDER REFILLING SHOP COULD EXPLODE ANY DAY IN THE CROWDED MARKET AT ON STADIUM ROAD AND NOBODY HAS COME TO CHECK SINCE YESTERDAY. WE HAVE BEEN WAITING FOR A RESPONSE FOR A WHILE NOW AGAIN, AN ILLEGAL GAS CYLINDER REFILLING SHOP COULD EXPLODE ANY DAY IN THE CROWDED MARKET.",safety,medium,train,Public Safety,0
the nallah beside the colony is choked with solid waste at near the flyover ramp in Federal B Area.,drainage,medium,train,Drainage & Sewerage,0
Kindly note that the garbage container is overflowing onto the road near near the community centre in PECHS. we have been waiting for a response for a while now. Our family has been facing this for several days now Thank you.,waste,medium,train,Sanitation & Solid Waste,0
This is to bring to your attention that residents near on Stadium Road are affected because the open sewage channel behind the market has stopped flowing entirely a minor problem which can wait for the normal schedule Meherbani ho gi,drainage,low,test,Drainage & Sewerage,0
"To the concerned department, there are sparks coming from the connection at night at on Sir Shah Suleman Road, for over two weeks. many families and children are affected by it every single day Kindly resolve it soon.",electricity,high,train,Electricity & Streetlights,0
bijli nahi aa rahi hamare block me Location: Block 5 Saddar it is a small issue but please note it for the record This is only a suggestion for improvement Shukriya Bara meherbani ho gi jaldi masla hal karain,electricity,low,train,Electricity & Streetlights,1
"Please be informed that water is coming with very low pressure at on Hub River Road near a primary school, for more than 20 days. a person has already been injured because of this Thank you.",water,critical,train,Water Supply,0
the water line has burst and water is being wastd at near a bank branch in Lyari.,water,low,train,Water Supply,0
"kindly note that valve wala time par valve nahi kholta since yesterday at gadap town. kindly resolve it soon. bara meherbani ho gi, jaldi masla hal karain.",water,medium,train,Water Supply,1
"Respected sir, an illegal gas cylinder refilling shop could explode any day in the crowded market at near a bank branch in Gulshan-e-Iqbal, for several months. we have complained at the local office twice already with no result Thank you??!",safety,medium,train,Public Safety,0
"Assalam o alaikum, the manhole is spilling sewage continuously in front of near the petrol pump in Model Colony, and an elderly man fell into it and had to be taken to emergency",drainage,critical,train,Drainage & Sewerage,0
"To the concerned department, the government dispensary opens only twice a week without notice near Street 14, Gadap Town. a motorcyclist fell and broke his arm last night Kindly resolve it soon.",other,critical,train,General Administration,0
"it is extremely urgent, plz treat it as an emergency The reason is that there is no electricity in our block, right at near the community centre in Saddar near Aga Khan Hospital.",electricity,critical,test,Electricity & Streetlights,0
"For since the last monsoon now, sweepers have not come to clean this lane around Malir Block 13-D near the children's park. Regards.",waste,high,test,Sanitation & Solid Waste,0
drug users gather here after dark and residents feel unsafe at Gulistan-e-Johar Phase 2,safety,medium,train,Public Safety,0
"the gutter has been overflowing at Block 13-D, Saddar and nobody has come to check since this morning. just a routine request, nothing urgent at all",drainage,low,train,Drainage & Sewerage,0
Kindly note that the meter reading is being estimated and the bill is impossible since this morning at on Sharae Noor Jehan. Thank you.,electricity,medium,train,Electricity & Streetlights,0
"barish ka pani abhi tak nahi nikla at PECHS and nobody has come to check for several months. there is a serious risk of a fatal accident here Bara meherbani ho gi, jaldi masla hal karain. Again, barish ka pani abhi tak nahi nikla !!!!",drainage,critical,train,Drainage & Sewerage,1
the street lights have not been working at near the petrol pump in Gadap Town and nobody has come to check for almost a month a large number of residents are suffering because of it This has become a serious health hazard for the whole area!!,electricity,high,train,Electricity & Streetlights,0
Reporting an issue - the following problem at on Korangi Road near a madrassa: gutter ubal raha hai. a person has already been injured because of this !!!!,drainage,critical,test,Drainage & Sewerage,1
the community hall booking process is completely opaque at Landhi.,other,medium,train,General Administration,0
"At Jamshed Road, the community hall booking process is completely opaque for almost a month. we have complained at the local office twice already with no result !!!!",other,medium,train,General Administration,0
"gaoi me kooray ka bara dher lag gaya hai at house 4-b, lyari.",waste,medium,train,Sanitation & Solid Waste,1
"for for the last three days now, the water hydrant staff say the supply quota for our area was reduced around plot 22, dha phase 6. meherbani ho gi. again, the water hydrant staff say the supply quota for our area was reduced.",water,medium,test,Water Supply,0
"I want to report that the drain is boocked and the water is not going anywhere at near a bank branch in Saddar near Ziauddin Hospital, for over two weeks. many families and children are affected by it every single day We request immediate attention.",drainage,high,train,Drainage & Sewerage,0
"Dear municipal team, the following problem at Sector 5-C, Buffer Zone: the power cable was cut during digging & the connecton was neever restored. not an emergency at all, just a routine request",electricity,low,test,Electricity & Streetlights,0
"to the concerned department, paani ka pressure bohot kam hai at on stadium road near the chilrden's park, since yesterday. a child was injured here yesterday and we fear a worse accident kindly resolve it soon. bara meherbani ho gi, jaldi masla hal karain.",water,critical,train,Water Supply,1
"Kindly note that paani ka pressure bohot kam hai near Block 13-D, Gadap Town. we have been waiting for a response for a while now. It is causing daily inconvenience to the residents Thank you !!!!",water,medium,train,Water Supply,1
the whole block has been suffering and tempers are rising the main water pipe is leaking badly at Block 2 Orangi Town near the school van stop Shukriya,water,high,train,Water Supply,0
"we have been waiting for a response for a while now The reasn is that rasta itna khzrab hai ke rickshaw ulat jata hai, right at on Shahrah-e-Faisal.",road,medium,test,Roads & Infrastructure,1
"respected sir, pani ki line leak ho rahi hai since yesterday at phase 2, garden east. shukriya !!!!",water,medium,train,Water Supply,1
"I want to report that a huge heap of trash is lying at the corner in front of Sector 5-C, Malir, and kindly look into it whenever a team is free. This is only a suggestion for improvement",waste,low,train,Sanitation & Solid Waste,0
"To the concerned department, loadshedding ka koi schedule nahi hai at near the flyover ramp in Malir, since Friday. kindly send someone to look at it in the next few days. We have been waiting for a response for a while now We request immediate attention.",electricity,medium,train,Electricity & Streetlights,1
our family has been facing this for several days now park par qabza kar liya gaya hai at pechs sector 11-b. shukriya.,other,medium,train,General Administration,1
"to the concerned department, an open manhole in the middle of the walkway is a death trap siince ramzan at on tariq road. we requewt immediate attention.",safety,high,train,Public Safety,0
"I want to report that the meter reading is being estimated & the bill is impossible in front of Kemari Block A, & an elderly man fell into it & had to be taken to emergency",electricity,critical,train,Electricity & Streetlights,0
"Problem area Plot 22, Gulshan-e-Iqbal. Details: the storm drain outlet has been sealed by an illegal construction since the last monsoon. Awaiting your response !!!!",drainage,high,test,Drainage & Sewerage,0
Kindly note that gutter ubal raha hai for several months at near the katchi abadi in SITE Area near the children's park. Shukriya.,drainage,high,train,Drainage & Sewerage,1
dengue and gastro cases have started appearing in the area. Elderly patients live in this lane and cannot step outside people are burning the garbage pile and the smoke enters our homes at Saddar near a madrassa. Thank you!!,waste,high,train,Sanitation & Solid Waste,0
"complaint: the following problem at lane 3, jamshed road: nikasi ka rasta band kar diya gaya hai. it is causing inconvenience and should be fixed soon",drainage,medium,test,Drainage & Sewerage,1
kindly note that the nallah beside the colony is choked with solid waste near near the union council office in north nazimabad. a large number of residents are suffering because of it shukriya.,drainage,high,train,Drainage & Sewerage,0
the community hall booking process is completely opaque at Buffer Zone.,other,low,train,General Administration,0
"Respected sir, log kachhra jaa rahe hain, dhuan gar me aata hai in front of on University Road, and we have complained at the local office twice already with no result",waste,medium,train,Sanitation & Solid Waste,1
drug users gather here after dark and residents feel unsafe at Federal B Area Gali No 7 near the children's park and nobody has cme to check for the past six weeks. this is an emergency and needs immediate attention,safety,critical,train,Public Safety,0
To the concerned department barish ka pani abhi tak nahi nikla at Plot 22 Nazimabad since yesterday our family has been facing this for several days now Thank you,drainage,medium,train,Drainage & Sewerage,1
"line ka joint phat gaya hai aur pani zaya ho raha hai — near the katchi abadi in Korangi near a maternity home. there is an immediate danger to human life here Bara meherbani ho gi, jaldi masla hal karain.",water,critical,test,Water Supply,1
"We the residents of on Sir Shah Suleman Road report that nikasi ka rasta band kar diya gaya hai. kindly send someone to look at it in the next few days Bara meherbani ho gi, jaldi masla hal karain. Again, nikasi ka rasta band kar diya gaya hai.",drainage,medium,test,Drainage & Sewerage,1
this is to bring to your attention that residents near near the petrol pump in gulshan-e-iqbal are affected because paani ka pressure bohot kam hai kindly send someone to look at it in the next few days meherbani ho gi,water,medium,test,Water Supply,1
"log kachra jala rahe haon, dhuan ghar me aata hai at on M.A. Jinnah Road near a primary school. This has been the case for several months. elderly patients live in this lane and cannot step outside !!!!",waste,high,train,Sanitation & Solid Waste,1
"Assalam o alaikum, the asphalt has peeled off and the base layer is exposed at North Nazimabad, for the last three days. please arrange for the concerned staff to check it Kindly resolve it soon.",road,medium,train,Roads & Infrastructure,0
"Please be informed that the road is uneven and bikes lose balance on it in front of Block A, Saddar near a maternity home, and it is urgent because a school is right beside it",road,high,train,Roads & Infrastructure,0
"At Plot 22, Gulistan-e-Johar near Aga Khan Hospital, stray dogs and cats tear open the bags and scatter the waste for almost a month. dengue and gastro cases have started appearing in the area",waste,high,train,Sanitation & Solid Waste,0
rash driving by mini buses has caused several near misses at Gulshan-e-Iqbal!!,safety,medium,train,Public Safety,0
Please be informed that the garbage container is overflowing onto the road near Block 13-D Baldia Town it is urgent because a school is right beside it Kindly resolve it soon,waste,high,train,Sanitation & Solid Waste,0
"Kindly nte that construction malba has been dumped on the empty plot near Block 2, Manghopir near Ziauddin Hospital. the entire street of about forty houses is affected Kindly resolve it soon.",waste,high,train,Sanitation & Solid Waste,0
"At PECHS Block A, awara kutte kachra phaila dete hain since yesterday. we have complained at the local office twice already with no result. Our family has been facing this for several days now Bara meherbani ho gi, jaldi masla hal karain.",waste,medium,train,Sanitation & Solid Waste,1
"pani bilkul nahi aa raha at on Sir Shah Suleman Road near Aga Khan Hospital. Bara meherbani ho gi, jaldi masla hal karain. Again, pani bilkul nahi aa raha.",water,high,train,Water Supply,1
"it is affecting a few households on our side of the lane The reason is that pani ka pressure bohot kam hai, right at House 4-B, Jamshed Road !!!!",water,medium,test,Water Supply,1
"this is to bring to your attention that residents near near the katchi abadi in gulistan-e-johar are affected because therre have been repeated mobile snatching incidents here. this is a minor issue, whenever it is convenient please do the needful.",safety,low,test,Public Safety,0
"KINDLY SEND SOMEONE TO LOOK AT IT IN THE NEXT FEW DAYS THE REASON IS THAT A PACK OF STRAY DOGS IS ATTACKING PEOPLE, RIGHT AT SECTOR 11-B, LIAQUATABAD.",safety,medium,test,Public Safety,0
"Assalam o alaikum, gali me kooray ka bara dher lag gaya hai since the last monsoon at on Sharae Noor Jehan near a government girls school. Kindly resolve it soon. Bara meherbani ho gi, jaldi masla hal karain.",waste,high,train,Sanitation & Solid Waste,1
At on M A Jinnah Road the footpath tiles are uprooted and pedestrians walk on the road since Ramzan this is a minor issue whenever it is convenient,road,low,train,Roads & Infrastructure,0
"the booster pump at the hydrant has stopped working at on Stadium Road near Aga Khan Hospita. This has been the case since Ramzan. dengue and gastro csaes have started appearing in the area Again, the booster pump at the hydrant has stopped working.",water,high,train,Water Supply,0
"Assalam o alaikum, barish ka pani abhi tak nahi nikla near Gali No 7, North Nazimabad. elderly patients live in this lane and cannot step outside Thank you.",drainage,high,train,Drainage & Sewerage,1
"RESPECTED SIR, THE VALVE MAN IS NOT OPENING OUR VALVE AT THE SCHEDULED TIME NEAR SURJANI TOWN. PLEASE LOOK INTO IT IN THE COMING DAYS PLEASE TAKE ACTION. AGAIN, THE VALVE MAN IS NOT OPENING OUR VALVE AT THE SCHEDULED TIME.",water,medium,train,Water Supply,0
"TO THE CONCERNED DEPARTMENT, LOADSHEDDING KA KOI SCHEDULE NAHI HAI IN FRONT OF DEFENCE VIEW SECTOR 11-B, AND WE HAVE BEEN WAITING FOR A RESPONSE FOR A WHILE NOW. IT IS CAUSING INCONVENIENCE AND SHOULD BE FIXED SOON BARA MEHERBANI HO GI, JALDI MASLA HAL KARAIN.",electricity,medium,train,Electricity & Streetlights,1
"I want to report that sweepers have not cmoe to clean this lane at near the flyover ramp in Gadap Town, for two days now. kindly send someone to look at it in the nexxt few days Kindly resolve it soon.",waste,medium,train,Sanitation & Solid Waste,0
"At near the petrol pump in SITE Area, the road has caved in after the rain since yesterday. we have been waiting for a response for a while now. Please look into it in the coming days Again, the road has caved in after the rain.",road,medium,train,Roads & Infrastructure,0
"At Block 5, Surjani Town, we are forced to buy a private tanker every second day since yesterday. kindly send someone to look at it in the next few days",water,medium,train,Water Supply,0
the valve man is not opening our valve at the scheduled time at on Korangi Road and nobody has come to check for two days now. please arrange for the concerned staff to check it,water,medium,train,Water Supply,0
"At near the mobile market in Korangi, purani deewar girne wail hai for the past six weeks. there is a government school right next to it and hundreds of children pass daily",safety,high,train,Public Safety,1
"to the concerned department, manhole ka dhakkan toota hua hai in front of near a bank branch in baldia town, and a live wire is lying in the standing water",drainage,critical,train,Drainage & Sewerage,1
"Assalam o alaikum, hum ko roz tanker mangwana par raha hai for several months at near the katchi abadi in Clifton. Thank you. Bara meherbani ho gi, jaldi masla hal karain.",water,high,train,Water Supply,1
awara kutte kachra phaila dete hain at Lyari Phase 2.,waste,medium,train,Sanitation & Solid Waste,1
"there is no urgency, just registering it formally the booster pump at the hydrant has stopped working at DHA Phase 6 Block A. We request immediate attention.",water,low,train,Water Supply,0
"kindly look into it whenever a team is free clean drinking water has not reached our houses at Block 5, Model Colony. Shukriya??!",water,low,train,Water Supply,0
Please be informed that stray cattle are tied up on public land and nobody removes them for the past six weeks at near the katchi abadi in Gulberg Town near a primary school. Kinly resolve it soon.,other,critical,train,General Administration,0
"At Bahadurabad Block 2, bijli ka khamba tirha ho gaya hai since yesterday. it is causing inconvenience and should be fixed soon. We have complained at the local office twice already with no result Again, bijli ka khamba tirha ho gaya hai!!!",electricity,medium,train,Electricity & Streetlights,1
"At Plot 22, SITE Area, sewerage ka pani gali me phail gaya hai for several months. this has become a serious health hazard for the whole area",drainage,high,train,Drainage & Sewerage,1
"at on maripur road, taar latak rahi hain khambe se since ramzan. many families and children are affected by it every single day bara meherbani ho gi, jaldi masla hal karain.",electricity,high,train,Electricity & Streetlights,1
"we have complained at the local office twice already with no result banner laga kar rasta band kar diya hai at near a bank branch in Orangi Town. We request immediate attention. Bara meherbani ho gi, jaldi masla hal karain.",other,medium,train,General Administration,1
it is urgent because a school is right beside it. Dengue and gastro cases have started appearing in the area bijli nahi aa rahi hamare block me at near the bus stlp in Nazimabad. Shukriya.,electricity,high,train,Electricity & Streetlights,1
the drain cover is broken and the sludge is exposed. Location: SITE Area Gali No 7. a large number of residents are suffering because of it Kindly resolve it soon.,drainage,high,train,Drainage & Sewerage,0
"At near the flyover ramp in North Nazimabad, park par qabza kar liya gaya hai since this morning. it is causing daily inconvenience to the residents!!!",other,medium,train,General Administration,1
"Dear municipal tema, the following problem at Gali No 7, Surjani Town: kachra utha nahi hai kai din se. kindly send someone to look at it in the next few days",waste,medium,test,Sanitation & Solid Waste,1
the asphalt has peeled off and the base layer is exposed. Location: near the flyover ramp in Maalir. there is a government school right next to it and hundreds of children pass daily. A large number of residents are suffering because of it Thank you.,road,high,train,Roads & Infrastructure,0
Assalam o alaikum paani ka pressure bohot kam hai in front of on I I Chundrigar Road near a maternity home and there is a government school right next to it and hundreds of children pass daily A large number of residents are suffering because of it Bara meherbani ho gi jaldi masla hal karain,water,high,train,Water Supply,1
stray dogs and cats tear open the bags and scatter the waste at gulistan-e-johar house 4-b and nobody has come to check for almost a month. kindly send someone to look at it in the next few days,waste,medium,train,Sanitation & Solid Waste,0
"we have complained at the local office twice already with no result road pe khudai kar ke chor di gayi hai at House 4-B, SITE Area. Thank you!!",road,medium,train,Roads & Infrastructure,1
"To the concerned department, the electric pole is leaning dangerously for almost a month at North Nazimabad. Thank you.",electricity,high,train,Electricity & Streetlights,0
the garbage contaiiner is overflowing onto the road. Location: Model Colony near Aga Khan Hospital. the whole block has been surfering and tempers are rising Thannk you.,waste,high,train,Sanitation & Solid Waste,0
"Assalam o alaikum, stray cattle are tied up on public land and nobody removes them in front of Surjani Town Gali No 7, and it is a small issue but please note it for the record",other,low,train,General Administration,0
"the main water pipe is leaking badly — block 5, site area. the fire brigade had to be called last night. current is passing through the water where children walk??!",water,critical,test,Water Supply,0
"sarkari daftar me koi sunwai nahi hooti at near the katchi abadi in new karachi and nobody has come to check for the lst three days. please look into it in the coming days. please arrange for the concerned staff to check it bara meherbani ho gi, jaldi masal hal karain.",other,medium,train,General Administration,1
"Problem area Gali No 7, Gulistan-e-Johar. Details: sarak par bra gaddha ban gaya hai since yesterday. Requesting the department to act.",road,low,test,Roads & Infrastructure,1
"kindly note that an illegal gas cylinder refilling shop could explode any day in the crowded market in front of gulshan-e-iqbal near the school van stop, and an elderly man fel into it and had to be taken to emergency",safety,critical,train,Public Safety,0
"Respected sir, we are forced to buy a private tanker every second day in front of on Korangi Road near Jinnah Hospital eemrgency gae, and please treat thks as urgent, the situation is getting worrse daily",water,high,train,Water Supply,0
"to the concerned department, the main water pipe is leaking badly near on maripur road. we have been waiting for a resonse for a while now shukriya.",water,medium,train,Water Supply,0
"paani ka pressure bohot kam hai. Location: near the mobile market in Gulistan-e-Johar near a primary school. many familiies and children are affected by it every single day. Please treaat this as urgent, the situation is getting worse daily Thank you.",water,high,train,Water Supply,1
"Respected sir, the main water pipe is leaking badly near Bahadurabad. many families and children are affected by it every single day Please take action.",water,high,train,Water Supply,0
"I want to report that rash driving by mini buses has caused several near misses in front of Gulistan-e-Johar Sector 11-B, and it is on the main road and traffic jams for hours every morning. Dengue and gastro cases have started appearing in the area",safety,high,train,Public Safety,0
"loadshedding ka koi shcedule nahi hai at Jamshed Road Block 13-D and nobody has come to check since Friday. please look into it in the coming dqys. We have complained at the local office twice already with no result Bara meherbani ho gi, jaaldi masla hal karain.",electricity,medium,train,Electricity & Streetlights,1
Please be informed that unannounced load shedding is running for eight hours a day near on Tariq Road. an ambulance could not reach the hospital gate because of it Kindly resolve it soon.,electricity,critical,train,Electricity & Streetlights,0
"part of the structure has already collapsed a trench dug by the gas company was never filled back at on Khayaban-e-Ittehad. Kindly resolve it soon. Again, a trench dug by the gas company was never filled back.",road,critical,train,Roads & Infrastructure,0
half the lights on this stretch were never replaced after the storm. Location: Manghopir. it is a small issue but please note it for the record Thank you.,electricity,low,train,Electricity & Streetlights,0
"Assalam o alaikum, the streeet lights have not been worknig for ober two weeks at on Rashud Minhas Road. Kindly resolve it soon.",electricity,critical,train,Electricity & Streetlights,0
loudspeakers from a marriage hall run past midnight every weekend at PECHS Block 13-D.,other,low,train,General Administration,0
"Respected sir, sarak ki halat bohot kharab hai, gaari nikalna mushkil hai in front of near the union council office in Saddar near Ziauddin Hospital, and there is a government school right next to it and hundreds of children pass daily!!",road,high,train,Roads & Infrastructure,1
"shopkeepers say business has dropped by half because of it. Children walking to school have to wade through it every day The reason is that the kerb stones have collapsed onto the road driving lane, right at on Nishtar Road.",road,high,test,Roads & Infrastructure,0
"yahan mobile snatching bohot ho rahi hai at gali no 7, jamshed road near a maternity home. bara meherbani ho gi, jaldi masla hal karain.",safety,high,train,Public Safety,1
"sewage water has entered our lane at jamsshed road. this has been the case since friday. this is a minor issue, whenever it is convenient",drainage,low,train,Drainage & Sewerage,0
the meter reading is being estimated and the bill is impossible. Location: Malir Gali No 7. we have been waiting for a response for a while now We request immediate attention.,electricity,medium,train,Electricity & Streetlights,0
"At near the community centre in Manghopir, the drain cover is broken and the sludge is exposed for two days now. this is a minor issue, whenever it is convenient",drainage,low,train,Drainage & Sewerage,0
an abandoned building has become a hideout for criminals at Gulberg Town Sector 11-B. This has been the case for more than 20 days. this has become a serious health hazard for the whole area. Dengue and gastro cases have started appearing in the area,safety,high,train,Public Safety,0
the road surface has completely broken up at Buffer Zone Block 5. This has been the case for almost a month. our family has been facing this for several days now,road,medium,train,Roads & Infrastructure,0
kindly note that there are sparks coming from the connection at night near on i.i. chundrigar road. it is a small issue but please note it for the record thank you.,electricity,low,train,Electricity & Streetlights,0
"Assalam o alaikum, people are burning the garbage pile and the smoke enters our homes at near the union council office in North Nazimabad, for two days now. our family has been facing this for several days now Kindly resolve it soon.",waste,medium,train,Sanitation & Solid Waste,0
sarak par bara gaddha ban gaya hai at New Karachi Block 5 & nobody has come to chek for over two weeks. kindly send someone to look at it in the next few days. plz arrange for the concerned staff to check it!!,road,medium,train,Roads & Infrastructure,1
Location on Sharae Noor Jehan - the road surface has completely broken up ongoing for over two weeks a woman in labour could not be taken out of the lane in time Requesting the department to act,road,critical,test,Roads & Infrastructure,0
bijli ka khamba tirha ho gaya hai at Gali No 7 Gulshan-e-Iqbal This has been the case for the past six weeks sewage has mixed into the drinking water line and people are vomiitng Bara meherbani ho gi jaldi masla hal karin,electricity,critical,train,Electricity & Streetlights,1
Dear municipal team the following problem at near the community centre in Landhi: the gutter has been overflowing more than sixty families depend on this single lane Children walking to school have to wade through it every day,drainage,high,test,Drainage & Sewerage,0
"PLEASE BE INFORMED THAT THERE IS NO ELECTRICITY IN OUR BLOCK IN FRONT OF LANE 3, NAZIMABAD NEAR THE SCHOOL VAN STOP, AND THIS HAS BECOME A SERIOUS HEALTH HAZARD FOR THE WHOLE AREA",electricity,high,train,Electricity & Streetlights,0
"Assalam o alaikum, there has been no water supply in our line for the past six weeks at Saddar Lane 3 near the children's park. Thank u. Again, there has been no water supply in our line.",water,critical,train,Water Supply,0
"Location Block A, Manghopir - yahan khadde hi khadde hain, ongoing since the last monsoon. two schools and a clinic are on the same stretch Requesting the department to act.",road,high,test,Roads & Infrastructure,1
"it is on the main road and traffic jams for hours every morning a trench dug by the gas company was never filled back at Sector 11-B, Landhi near the school van stop. We request immediate attention.",road,high,train,Roads & Infrastructure,0
an abandoned building has become a hideout for criminals. Location: near a bank branch in PECHS. our family has been facing this for several days now. It is causing inconvenience and should be fixed soon Kindly resolve it soon.,safety,medium,train,Public Safety,0
"PROBLEM AREA NORTH NAZIMABAD. DETAILS: SARAK PAR BARA GADDHA BAN GAYA HAI SINCE YESTERDAY. REQUESTING THE DEPARTMENT TO ACY. BARA MEHERBANI HO GI, JALDI MASLA HAL KARAIN.",road,low,test,Roads & Infrastructure,1
"SARKARI DAFTAR ME KOI SUNWAI NAHI HOTI AT JAMSHED ROAD. BARA MEHERBANI HO GI, JALDI MASLA HAL KARAIN. AGAIN, SARKARI DAFTAR ME KOI SUNWAI NAHI HOTI.",other,critical,train,General Administration,1
"assalam o alaikum, therre are deep potholes all along this stretch at on university road, since yesterday. kindly look into it whenever a team is free shukriya.",road,low,train,Roads & Infrastructure,0
"To the concerned department, an aabndoned building has become a hideout for criminals since yesterday at Saddar House 4-B. Thank u!!",safety,medium,train,Public Safety,0
jo pani aata hai wo gandha aur badbudar hai at near the katchi abadi in Model Colony.,water,medium,train,Water Supply,1
"reporting from street 14, clifton: safai wale hamari gali chor kar chale jate hain. bara meherbani ho gi, jaldi masla hal karain.",waste,medium,test,Sanitation & Solid Waste,1
THE GOVERNMENT DISPENSARY OPENS ONLY TWICE A WEEK WITHOUT NOTICE AT NEAR THE BUS STOP IN LYARI NEAR THE SCHOOL VAN STOP AND NOBDY HAS COME TO CHECK FOR SEVERAL MONTHS. DENGUE AND GASTRO CASES HAVE STARTED APPEARING IN THE AREA. IT IS ON THE MAIN ROAD AND TRAFFIC JAMS FOR HOURS EVERY MORNING,other,high,train,General Administration,0
REPORTING FROM GULISTAN-E-JOHAR PHASE 2: THE WATER SUB-LINE TO OUR BLOCK APPEARS TO HAVE BEEN DISCONNECTED,water,medium,test,Water Supply,0
"assalam o alaikum, footpath par dukan barha di gayi hai in front of baldia town block 13-d near the school van stop, and many families and children are affected by it every single day",other,high,train,General Administration,1
"Please be informed that the valve man is not opening our valve at the scheduled tie in front of near the vegetable market in Jamshed Road near the school van stop, and this has become a serious healtth haazrd for the whole area. Please treat this as urgent, the situation is getting worse daily",water,high,train,Water Supply,0
"transformer bar bar trip kar raha hai at Lane 3, Saddar and nobody has come to check for more than 20 days. low priority, only mentioning it so it is on record. There is no urgency, please handle it in the routine schedule",electricity,low,train,Electricity & Streetlights,1
drug users gather here after dark and residents feel unsafe; this situation at on Stadium Road has continued since Friday. it is affecting a few households on our side of the lane Please do the needful.,safety,medium,test,Public Safety,0
"IT HAS BECOME A SERIOUS HEALTH HAZARD FOR THE ENTIRE BLOCK THE REASON IS THAT EVERY STREET LIGHT ON THIS AVENUE HAS BEEN DEAD SINCE THE POLE WAS HIT, RIGHT AT NEAR THE UNION COUNCIL OFFICE IN JAMSHED ROAD.",electricity,high,test,Electricity & Streetlights,0
"I want to report that sarak ki halat bohot kharab hai, gaari nikalna msuhkil hai at Clifton Gali No 7, for more than 20 days. our family has been facing this for several days now Shukriya.",road,medium,train,Roads & Infrastructure,1
"Assalam o alaikum, yahan mobile snatching bohot ho rahi hai at Shah Faisal Colony House 4-B, for several months. many families & children r affected by it every single day Kindly resolve it soon.",safety,high,train,Public Safety,1
"the community hall booking process is completely opaque — near the vegetable market in Surjani Town. not an emergency at all, just a routine request",other,low,test,General Administration,0
"we have complained at the local office twice already with no result. Kindly send someone to look at it in the next few days pani ki line leak ho rahi hai at Baldia Town. We request immediate attention. Again, pani ki line leak ho rahi hai.",water,medium,train,Water Supply,1
"bijli ka khamba tirha ho gaya hai at near the vegetable market in site area. again, bijli ka khamba tirha ho gaya hai.",electricity,high,train,Electricity & Streetlights,1
"Assalam o alaikum, a pack of stray dogs is attacking people in front of House 4-B, Federal B Arrea, and it is causing inconvenience and should be fixed soon",safety,medium,train,Public Safety,0
"sarak beth gayi hai barish ke baad — on Sir Shah Suleman Road. low priority, only mentioning it so it is on record. Please add it to the rrgular maintenance list",road,low,test,Roads & Infrastructure,1
"At near the vegetable market in Surjani Town, speed breaker toota hua hai for over two weeks. this has become a serious health hazard for the whloe area Bara meherbani ho gi, jaldi masla hal karain??!",road,high,train,Roads & Infrastructure,1
Kindly note that the st lights have not been working for almost a month at on Tariq Road. We request immediate attention.,electricity,medium,train,Electricity & Streetlights,0
"we have been waiting for a response for a while now The reason is that the fire exit of the crowded plaza has been welded shut, trapping everyone inside, right at Plot 22, Saddar!!!",safety,medium,test,Public Safety,0
"LOUDSPEAKERS FROM A MARRIAGE HALL RUN PAST MIDNIGHT EVERY WEEKEND. LOCATION: GALI NO 7, DHA PHASE 6. KINDLY SEND SOMEONE TO LOOK AT IT IN THE NEXT FEW DAYS KINDLY RESOLVE IT SOON.",other,medium,train,General Administration,0
"Respected sir, pani ki line leak ho rahi hai near near the community centre in Gulshan-e-Iqbal near Aga Khan Hospital. many families and children are affected by it every single day Please take action. Bara meherbani ho gi, jaldi masla hal karain!!!",water,high,train,Water Supply,1
the street lights have not been working. Location: on Nishtar Road. kinndly send someone to look at it in the nxet few days Please take action.,electricity,medium,train,Electricity & Streetlights,0
the street lights have not been working at DHA Phase 6 near a madrassa and nobody has come to check for the past six weeks. part of the structure has already collapsed,electricity,critical,train,Electricity & Streetlights,0
the pole mounted box is open and children can reach the terminals at on khayaban-e-ittehad.,electricity,medium,train,Electricity & Streetlights,0
we have complained at the local office twice already with no result. it is causing daily inconvenience to the residents the pedestrian crossing has no signal and children cross alone at shah faisal colony phase 2. please take action.,safety,medium,train,Public Safety,0
"i want to report that the main water pipe is leaking badly near plot 22, gulistan-e-johar near a government girls school. please treat this as urgent, the situation is getting worse daily shukriya.",water,high,train,Water Supply,0
"a live wie is lying in the standing water water is coming with very low pressure at Block A, Buffeer Zone. Thank you.",water,critical,train,Water Supply,0
Respected sir clean drinking water has not reached our houses since this morning at Block 13-D Liaquatabad We request immediate attention??!,water,low,train,Water Supply,0
"Respected sir, an illegal gas cylinder refilling shop could explode any day in the crowded market for more than 20 days at Korangi Block A near a primary school. Thank you.",safety,high,train,Public Safety,0
"At Garden East, footpath par dukan barha di gayi hai for the last three days. there is no urgency, plz handle it in the routine schedule Again, footpath par dukan barha di gayi hai.",other,low,train,General Administration,1
Problem area near the community centre in Shah Faisal Colony Details: pani ki line leak ho rahi hai for the last three days Meherbani ho gi,water,medium,test,Water Supply,1
"Respected sir, the pedestrian crossing has no signal and children cross alone since Friday at Block 2, Gulshan-e-Iqbal. Kindly resolve it soon.",safety,medium,train,Public Safety,0
"For for almost a month now, backflow from the sewerage line reaches our washroom drain every evening around House 4-B, Surjani Town. Regards.",drainage,low,test,Drainage & Sewerage,0
banner laga kar rasta band kar dia hai. Location: on Tariq Road. we have been waiting for a response for a while now Shukriya!!!,other,medium,train,General Administration,1
paani ka pressure bohot kam hai. location: near the mobile market in baldia town. it is causing daily inconvenience to the residents please take action.,water,medium,train,Water Supply,1
"the street lights have not been working at Phase 2, Gulshan-e-Iqbal. This has been the case for the last three days. kindly look into it whenever a team is free. This is a minor issue, whenever it is convenient",electricity,low,train,Electricity & Streetlights,0
"Reporting from House 4-B, Bahadurabad: pani bilkul nahi aa raha.",water,medium,test,Water Supply,1
"an ambulance could not reach the hospital gate because of it construction malba has been dumped on the empty plot at Block 13-D, Landhi. Thank you. Again, construction malba has been dumped on the empty plot.",waste,critical,train,Sanitation & Solid Waste,0
"valve wala time par valve nahi kholta at near the union council office in korangi and nobody has come to check for the last three days. we have been waiting for a response for a while now. it is causing inconvenience and should be fixed soon bara meherbani ho gi, jaldi masla hal karain !!!!",water,medium,train,Water Supply,1
"At Phase 2, Baldia Town, shadi hall ke loudspeaker raat bhar chalte hain since Friday. please look into it in the coming days. Kindly send someone to look at it in the next few days",other,medium,train,General Administration,1
"For for two days now now, black sewage is bubbling up from the drain inspection chamber around near the mobile market in Jamshed Road. Regards.",drainage,medium,test,Drainage & Sewerage,0
Kindly note that there has been no water supply in our line for more than 20 dys at near the katchi abadi in PECHS near the children's park. We request immediate attention.,water,high,train,Water Supply,0
"log kachra jala rahe hain, dhuan ghar me aata hai at Block A, Malir and nobody has come to check for two days now. we have been waiting for a response for a while now. We have complained at the local office twice already with no result Bara meherbani ho gi, jaldi masla hal karain.",waste,medium,train,Sanitation & Solid Waste,1
it is causing inconvenience and should be fixed soon the road has caved in after the rain at near the petrol pump in gadap town. we request immediate attention.,road,medium,train,Roads & Infrastructure,0
"the water that comes is muddy and smells of chemicals at on Abul Hasan Isphahani Road. This has been the case for over two weeks. a person has already been injured because of this. It is extremely urgent, please treat it as an emergency",water,critical,train,Water Supply,0
"the sewerage line is choked and dirty water is on the street at Sector 11-B, Nazimabad. This has been the case since this morning. kindly send someone to look at it in the next few days",drainage,medium,train,Drainage & Sewerage,0
At DHA Phase 6 Bolck 2 clean drinking water has not reached our houses for more than 20 days a motorcyclist fell and broke his arm last night,water,critical,train,Water Supply,0
"To the concerned department, sarak par bara gaddha ban gaya hai in front of Gali No 7, Orangi Town, and please arrange for the concerned staff to check it",road,medium,train,Roads & Infrastructure,1
"BARISH KA PANI ABHI TAK NAHI NIKLA. LOCATION: NEAR THE UNION COUNCIL OFFICE IN GULBERG TOWN. A MOTORCYCLIST FELL AND BROKE HIS ARM LAST NIGHT. IT IS EXTREMELY URGENT, PLEASE TREAT IT AS AN EMERGENCY KINDLY RESOLVE IT SOON. AGAIN, BARISH KA PANI ABHI TAK NAHI NIKLA.",drainage,critical,train,Drainage & Sewerage,1
"the government dispensary opens only twice a week without notice. Location: House 4-B, Gulistan-e-Johar near Jinnah Hospital emergency gate. dengue and gastro cases have started appearing in the area. It is urgent because a school is right beside it Thank you.",other,high,train,General Administration,0
"dispensary hafte me sirf do din khulti hai at Baldia Town & nobody has come to check since yesterday. this is only a suggestion for improvement. There is no urgency, just registering it formally Again, dispensary hafte me sirf do din khulti hai.",other,low,train,General Administration,1
"I want to report that the notice board at the union council has not been updated for months in front of Block 2, Baldia Town, & there is no urgency, just registering it formally",other,low,train,General Administration,0
"Assalam o alaikum, kachra kundi bhar gayi hai aur sarak par gir raha hai near Plot 22, Clifton. please arrange for the concerned staff to check it Kindly resolve it soon.",waste,medium,train,Sanitation & Solid Waste,1
"Assalam o alaikum, bijli ka khamba tirha ho gaya hai at Baldia Town Sector 11-B, for more than 20 days. we have complained at the local office twice already with no result Kindly resolve it soon.",electricity,medium,train,Electricity & Streetlights,1
"Assalam o alaikum, dispensary hafte me sirf do din khulti hai for two days now at Landhi Sector 5-C. Please take action.",other,high,train,General Administration,1
At Landhi Block 13-D the footpath tiles are uprooted and pedestrians walk on the road for two days now please arrange for the concerned staff to check it It is causing daily inconvenience to the residents Again the footpath tiles are uprooted and pedestrians walk on the road,road,medium,train,Roads & Infrastructure,0
"ASSALAM O ALAKUM, TAAR LATAK RAHI HAIN KHABME SE NEAR CLIFTON. PLEASE ARRANEG FOR THE CONCERNED STAFF TO CHECK IT WE REQUEST IMMEDIATE ATTENTION.",electricity,medium,train,Electricity & Streetlights,1
"waste water has started seeping into the ground floor rooms. Location: near a bank branch in Federal B Area. a large number of residents are suffering because of it. Many families and children are affected by it every single day Kindly resolve it soon. Again, waste water has started seeping into the ground floor rooms.",drainage,high,train,Drainage & Sewerage,0
"To the concerned department, people are burning the garbage pile and the smoke enters our homes since Friday at Gali No 7, Buffer Zone. Kindly resolve it soon.",waste,medium,train,Sanitation & Solid Waste,0
"safai bilkul nahi hoti yahan at near a bank branch in Garden East and nobody has come to check for more than 20 days. it is on the main road and traffic jams for hours every morning Bara meherbani ho gi, jaldi masla hal karain.",waste,high,train,Sanitation & Solid Waste,1
the newly laid patch has already sunk in the middle Location: Federal B Area Block 13-D near a primary school many families & children are affected by it every single day plz take action,road,high,train,Roads & Infrastructure,0
I want to report that the boundary wall of the plot is about to clolapse on passers-by near Korangi. it is on the main road and traffic jams for hours every morning Shukriya.,safety,high,train,Public Safety,0
patch dala tha wo dobara ukhar gaya — near the union council office in Clifton. a minor problem which can wait for the normal schedule,road,low,test,Roads & Infrastructure,1
speed breaker toota hua hai at on Sir Shah Suleman Road near a madrassa and nobody has come to check for more than 20 days. it is urgent because a school is right beside it,road,high,train,Roads & Infrastructure,1
"Respected sir, the meter reading is being estimated and the bill is impossible in front of on Sharae Noor Jehan near the school van stop, and someone received an electric shock this morning. This is an emergency and needs immediate attention",electricity,critical,train,Electricity & Streetlights,0
To the concerned department stray cattle are tied up on public land and nobody removes them since yesterday at on Korangi Road Kindly resolve it soon,other,medium,train,General Administration,0
the sewerage line is choked and dirty water is on the street at Clifton Lane 3. This has been the case since Ramzan. many families and children are affected by it every single day. Dengue and gastro cases have started appearing in the area,drainage,high,train,Drainage & Sewerage,0
"bijli ka khamba tirha ho gaya hai — Block 2, Orangi Town. plz arrange for the converned staff to check it. Kindly arrange a visit sometime this week Bara meherbani ho gi, jaldi masla hal karain.",electricity,medium,test,Electricity & Streetlights,1
"To the concerned department, stray dogs and cats tear open the bags and scatter the waste in front of Sector 5-C, Defence View, and it is on the main road and traffic jams for hours every morning",waste,high,train,Sanitation & Solid Waste,0
"Assalam o alaikum, the electric pole is leaning dangerously for the past six weeks at on Nishtar Road near a primary school. Kindly resolve it soon.",electricity,high,train,Electricity & Streetlights,0
for since this morning now sewerage ka pani gali me phail gaya hai around near the mobile market in new karachi awaiting your response bara meherbani ho gi jaldi masla hal karain,drainage,medium,test,Drainage & Sewerage,1
THERE IS A SERIOUS RISK OF A FATAL ACCIDENT HERE. AN AMBULANCE COULD NOT REACH THE HOSPITAL GATE BECAUSE OF IT THE BOUNDARY WALL OF THE PLOT IS ABOUT TO COLLAPSE ON PASSERS-BY AT ON RASHID MINHAS ROAD NEAR ZIAUDDIN HOSPITAL. PLEASE TAKE ACTION.,safety,critical,train,Public Safety,0
please arrange for the concernned staff to check it sarkari daftar me koi sunwai nahi hoti at near the bus stop in Nazimabbad. Kindly resolve it soonn.,other,medium,train,General Administration,1
"please be informed that taar latak rahi hain khambe se for almost a month at gulberg town phase 2. we request immediate attention. bara meherbani ho gi, jaldi masla hal karain.",electricity,high,train,Electricity & Streetlights,1
water is coming with very low pressure. Location: on I.I. Chundrigar Road. please arrange for the concerned staff to check it Kindly resolve it soon.,water,medium,train,Water Supply,0
a very large pothole has formed in the middle of the road at Korangi Sector 11-B. This has been the case for more than 20 days. someone is going to be killed if this is not fixed today,road,critical,train,Roads & Infrastructure,0
a huge heap of trash is lying at the corner. Location: on Sir Shah Suleman Road. someone is going to be killed if this is not fixed today Please take action !!!!,waste,critical,train,Sanitation & Solid Waste,0
Reporting from on Abul Hasan Isphahani Road near Ziauddin Hospital: there are deep potholes all along this stretch !!!!,road,critical,test,Roads & Infrastructure,0
problem area on abul hasan isphahani road near a madrassa. details: backflow from the sewerage line reaches our washroom drain every evening for more than 20 days. awaiting your response.,drainage,critical,test,Drainage & Sewerage,0
i want to report that valve wala time par valve nahi kholta for the last three days at near the flyover ramp in gadap town. we request immediate attention.,water,low,train,Water Supply,1
a very large pothole has formed in the middle of the road at on Maripur Road.,road,medium,train,Roads & Infrastructure,0
dispensary hafte me sirf do din khulti hai. Location: New Karachi Gali No 7. our family has been facing this for several days now Thank you.,other,medium,train,General Administration,1
"At Block 5, Kemari, log kachra jala rahe hain, dhuan ghar me aata hai since this morning. please look into it in the coming days",waste,medium,train,Sanitation & Solid Waste,1
"we have been waiting for a response for a while now pani ki line leak ho rahi hai at Gali No 7, Surjani Town. We request immediate attention.",water,medium,train,Water Supply,1
the gutter has been overflowing — on Sharae Noor Jehan many families and children are affected by it every single day,drainage,high,test,Drainage & Sewerage,0
"Respected sir, there r deep potholes all along this stretch in front of near a bank branch in Gulshan-e-Iqbal, and this has become a serious health hazard for the whole area. Many families and children r affected by it every single day",road,high,train,Roads & Infrastructure,0
"Assalam o alaikum, we are forced to buy a private tanker eveery second day in front of Clifton Plto 22 near Aga Khan Hospital, and the whole block has been suffering and tempers are rising",water,high,train,Water Supply,0
wires are hanging loose from the pole at Landhi Lane 3 This has been the case since this morning it is a small issue but please noet it for the record,electricity,low,train,Electricity & Streetlights,0
"Location near the union council office in Buffer Zone - there is rotting waste and an unbearable smelk, ongoing since this morning. low priority, only mentioning it so it is on record Please do the needful. Again, there is rotting waste and an unbearable smell!!",waste,low,test,Sanitation & Solid Waste,0
"the road has caved in after the rain at lane 3, buffer zone and nobody has come to check since friday. there is no urgency, just registering it formally. this is only a suggestion for improvement",road,low,train,Roads & Infrastructure,0
the asphalt has peeled off and the base layer is exposed at near the katchi abadi in Orangi Town near Aga Khan Hospital.,road,high,train,Roads & Infrastructure,0
"RESPECTED SIR, SAFAI BILKUL NAHI HOTI YAHAN AT SECTOR 11-B, LYARI NEAR AGA KHAN HOSPITAL, FOR MORE THAN 20 DAYS. THIS HAS BECOME A SERIOUS HEALTH HAZARD FOR THE WHOLE AREA. THE ENTIRE STREET OF ABOUT FORTY HOUSES IS AFFECTED KINDLY RESOLVE IT SOON.",waste,high,train,Sanitation & Solid Waste,1
"I want to report that kachra kundi bhar gayi hai aur sarak par gir raha hai in front of near the vegetable market in Clifton, and kindly send someone to look at it in the next few days. We have complained at the local office twice already with no result",waste,medium,train,Sanitation & Solid Waste,1
"loadshedding ka koi schedule nahi hai at near the main mosque in DHA Phase 6. This has been the case for the last three days. there is no urgency, just registering it formally. This is a minor issue, whenever it is convenient",electricity,low,train,Electricity & Streetlights,1
"For for more than 20 days now, unregistered heavy vehicles speed dangerously through the residential lane at night around near the petrol pump in Model Colony. Meherbani ho gi.",safety,high,test,Public Safety,0
the main water pipe is leaking badly at Jamshed Road Block A.,water,low,train,Water Supply,0
road bilkul toot gayi hai at kemari.,road,medium,train,Roads & Infrastructure,1
"yahan mobile snatching bohot ho rahi hai at Sector 5-C, Jamshed Road near Jinnah Hospital emergency gate.",safety,high,train,Public Safety,1
"a very large pothole has formed in the middle of the road. Location: on Nishtar Road. this is an emergency, please send a team today We request immediate attention??!",road,critical,train,Roads & Infrastructure,0
"Location on Stadium Road - yahan khadde hi khadde hain, ongoing since yesterday. this has been troubling the residents of our building. It is causing inconvenience and should be fixed soon Awaiting your response. Bara meherbani ho gi, jaldi masla hal karain.",road,medium,test,Roads & Infrastructure,1
"Respected sir, there is rotting waste and an unbearable smell since the last monsoon at Sector 5-C, Surjani Town. Please take action.",waste,high,train,Sanitation & Solid Waste,0
"the water sub-line to our block appears to have been disconnected — near a bank branch in Malir. this has become a serious health hazard for the whole area Again, the water sub-line to our block appears to have been disconnected.",water,high,test,Water Supply,0
"Kindyl note that nali band hai aur pani khara hai at Nazimabad House 4-B, since this morning. there is no urgency, just registering it forally. This is a miinor issue, whenever it is convenoent Please take action. Bara meherbani ho gi, jaldi masla hal karain.",drainage,low,train,Drainage & Sewerage,1
"Please be informed that wires are hanging loose from the pole in front of Block 5, Gulberg Town, and it is causing inconvenience and should be fkxed soon",electricity,medium,train,Electricity & Streetlights,0
there is rotting waste and an unbearable smell at near the vegetable market in Gulistan-e-Johar. This has been the case since yesterday. it is a small issue but please note it for the record,waste,low,train,Sanitation & Solid Waste,0
half the lights on this stretch were never replaced after the storm at Baldia Town House 4-B near a government girls school. This has been the case for the last three days. this is an emergency and needs immediate attention,electricity,critical,train,Electricity & Streetlights,0
"I want to report that hospital waste has been mixed with the household garbage at Phase 2, Bahadurabad, for two days now. we have complained at the local office twice already with no result Kindly resolve it soon.",waste,medium,train,Sanitation & Solid Waste,0
"Please be informed that pani ki line leak ho rahi hai at near the community centre in Shah Faisal Colony, for more than 20 days. it is causing inconvenience and should be fixed soon Thak you.",water,medium,train,Water Supply,1
"To the concerned department, transformer bar bar trip kar raha hai near Block 2, Gulistan-e-Johar. there is no urgency, please handle it in the routine schedule Kindly resolve it soon.",electricity,low,train,Electricity & Streetlights,1
the whole block has been suffering and tempers are rising. Many families and children are affected by it every single day a trench dug by the gas company was never filled back at on Stadium Road near a madrassa. Please take action??!,road,high,train,Roads & Infrastructure,0
Respected sir raat ko nashe wale jama hote hain dar lagta hai in front of on Rashid Minhas Road and it is urgent because a school is right beside it This has become a serious healh hazard for the whole area,safety,high,train,Public Safety,1
the community hall booking process is completely opaque at model colony. this has been the case since yesterday. kindly send someone to look at it in the next few days. please arrange for the concerned staff to check it,other,medium,train,General Administration,0
"for since this morning now, rasta itna kharab hai ke rickshaw ulat jata hai around garden east. requesting the department to act. again, rasta itna kharab hai ke rickshaw ulat jata hai.",road,medium,test,Roads & Infrastructure,1
"nalah kachre se bhar gaya hai at Block 13-D, Defence View.",drainage,medium,train,Drainage & Sewerage,1
a very large pothole has formed in the middle of the road at on M.A. Jinnah Road.,road,high,train,Roads & Infrastructure,0
"Kindly note that gali me kooray ka bara dher lag gaya hai at near the community centre in North Nazimabad, since yesterday. please arrange for the concerned staff to check it. Kindly send someone to look at it in the next few days Shukriya.",waste,medium,train,Sanitation & Solid Waste,1
"I want to report that banners and hoardings are blocking the view at the intersection in front of near the flyover ramp in Defence View, and our family has been facing this for several days now. It is causing inconvenience and should be fxied soon Again, banners and hoardinsg are blocking the view at the intersection.",other,medium,train,General Administration,0
the community hall booking process is completely opaque. location: near the mobile market in new karachi. kindly send someone to look at it in the next few days shukriya.,other,medium,train,General Administration,0
"Reporting from Sector 11-B, Gadap Town: the transformer keeps tripping again & again.",electricity,high,test,Electricity & Streetlights,0
"Respected sir, construction malba has been dumped on the epty plot at House 4-B, Kemari near a maternity home, for almost a month. please treat this as urgetn, the situation is getting worse daily We request immediate attention!!",waste,high,train,Sanitation & Solid Waste,0
"the newly laid patch has already sunk in the middle at block 13-d, pechs. this has been the case since friday. kindly look into it whenever a team is free again, the newly laid patch has already sunk in the middle.",road,low,train,Roads & Infrastructure,0
"Respected sir, the road has caved in after the rain near House 4-B, Jamshed Road. kindly look into it whenever a team is free Kindly resolve it soon.",road,low,train,Roads & Infrastructure,0
Problem area Gulistan-e-Johar near a madrassa. Details: water is coming with very low pressure since the lst monsoon. Awatiing your response.,water,critical,test,Water Supply,0
the street lights have not been working at baldia town block 5 and nobody has come to check for the last three days. please look into it in the coming days !!!!,electricity,medium,train,Electricity & Streetlights,0
dear municipal team the following problem at house 4-b defence view: there is rotting waste and an unbearable smell kindly arrange a visit sometime this week,waste,medium,test,Sanitation & Solid Waste,0
"cleean drinking water has not reached our houses at Phase 2, Gadap Town near Aga Khan Hospital and nobody has come to check since Ramzan. sewage has mixed into the drinking water line and people are vomiting",water,critical,train,Water Supply,0
"Respected sir, sarak ki halat bohot kharab hai, gaari nikalna mushkil hai in front of Gulistan-e-Johar Sector 5-C near a maternity home, and there is a serious risk of a fatal accident here",road,critical,train,Roads & Infrastructure,1
"we have been waiting for a response for a while now The reason is that effluent from the choked sewer line is standing knee deep at the junction, right at SITE Area Block 5.",drainage,medium,test,Drainage & Sewerage,0
sarak par bara gaddha ban gaya hai at Block 5 Malir Bara meherbani ho gi jaldi masla hal karain,road,medium,train,Roads & Infrastructure,1
sewage water has entered our lane at bahadurabad block 5 and nobody has come to check since this morning. this is only a suggestion for improvement,drainage,low,train,Drainage & Sewerage,0
the nallah beside the colony is choked with solid waste at near the flyover ramp in Saddar near a maternity home.,drainage,high,train,Drainage & Sewerage,0
"To the concerned department, kachra kundi bhar gayi hai aur sarak par gir raha hai in front of Block A, Kemari, and it is a small issue but please note it for the record Bara meherbani ho gi, jaldi masla hal karain.",waste,low,train,Sanitation & Solid Waste,1
"a hospital entrance is barely fifty metres from here. Shopkeepers say business has dropped by half bcz of it The reason is that wires are hanging loose from the pole, right at Block 5, Surjani Town near Aga Khan Hospital.",electricity,high,test,Electricity & Streetlights,0
Please be informed that kachra kundi bhar gayi hai aur sarak par gir raha hai at on Khayaban-e-Ittehad near Cibil Hospital for more than 20 days there is a government school right next to it and hundreds of children pass daily Shukriya Bara meherbani ho gi jaldi masla hal karain,waste,high,train,Sanitation & Solid Waste,1
"At Street 14, Malir, transformer bar bar trip kar raha hai for more than 20 days. a live wire is lying in the standing water. It is extremely urgent, please treat it as an emergency Bara meherbani ho gi, jaldi masla hal karain.",electricity,critical,train,Electricity & Streetlights,1
"Respected sir, the road is uneven and bikes lose balance on it at near the union council office in Malir, for two days now. low priority, only mentioning it so it is on record Shukriya!!",road,low,train,Roads & Infrastructure,0
"Assalam o alaikum, shadi hall ke loudspeaker raat bhar chalte hain since this morning at on Tariq Road. Kindly resolve it soon. Bara meherbani ho gi, jaldi masla hal karain.",other,medium,train,General Administration,1
"To the concerned department, the drain cover is broken and the sludge is exposed for several months at Sector 5-C, Liaquatabad near a maternity home. Thank you!!",drainage,high,train,Drainage & Sewerage,0
